{"type":"FeatureCollection","qaz_schema_version":"qaz-industries-qazgeo-regions-public-v1","source":"https://qgeo.tech/api/v1/mapregion/public/regions-geojson","features":[{"type":"Feature","id":"KZ-AST","geometry":{"type":"MultiPolygon","coordinates":[[[[71.2221711,51.0987116],[71.2261047,51.0997588],[71.2451662,51.0685891],[71.2558708,51.0629586],[71.2576794,51.0474837],[71.2866187,51.0224236],[71.3184737,51.0237469],[71.4541934,51.0006766],[71.4625042,51.0165878],[71.501568,51.0391496],[71.4980141,51.0425791],[71.5025869,51.045466],[71.5477011,51.0509109],[71.556088,51.048691],[71.5797424,51.0703195],[71.6037835,51.0857795],[71.6151336,51.0993803],[71.6791093,51.0853245],[71.681892,51.0912292],[71.6939332,51.0935542],[71.6993647,51.0894292],[71.7086443,51.0931921],[71.7067396,51.0967854],[71.7244343,51.1034205],[71.735658,51.0965034],[71.7423287,51.1014059],[71.7044703,51.1116035],[71.7149108,51.1313822],[71.6889679,51.1404441],[71.6453858,51.1399259],[71.6218708,51.1885794],[71.5834847,51.2026037],[71.5742662,51.2203778],[71.6188071,51.2484831],[71.5941188,51.2776463],[71.5522356,51.2429404],[71.4695278,51.2613861],[71.4983353,51.2836432],[71.4985027,51.2901089],[71.4758818,51.2864121],[71.4685046,51.2784522],[71.4503904,51.2716014],[71.4281353,51.2746546],[71.4001119,51.2673427],[71.385094,51.3023282],[71.355575,51.2976887],[71.3663894,51.2711805],[71.3348807,51.266619],[71.3015604,51.2331888],[71.2734654,51.2412385],[71.2556512,51.238734],[71.2445527,51.2252487],[71.2476926,51.2243114],[71.2372988,51.2086668],[71.2427927,51.2067872],[71.2400139,51.2019547],[71.2448259,51.198465],[71.2421575,51.1976938],[71.2519026,51.1903211],[71.2725041,51.1891176],[71.2706171,51.1836549],[71.2819046,51.1793117],[71.2653832,51.1742581],[71.2529729,51.1758855],[71.2544087,51.1581347],[71.2427604,51.1575583],[71.2425815,51.1523111],[71.2361409,51.1495535],[71.2398006,51.1387838],[71.2221711,51.0987116]]],[[[71.6415258,51.3316656],[71.6718742,51.3094308],[71.6716,51.3165612],[71.6973656,51.3353448],[71.7063332,51.3476043],[71.6838682,51.3509429],[71.6678132,51.3398842],[71.6415258,51.3316656]]],[[[71.740388,51.16606],[71.7608792,51.1457224],[71.7661365,51.1446854],[71.782424,51.1504554],[71.7851913,51.1573031],[71.7851103,51.165569],[71.740388,51.16606]]]]},"properties":{"code":"KZ-AST","name_ru":"Астана","name_en":"Astana","region_type":"city"}},{"type":"Feature","id":"KZ-ALA","geometry":{"type":"MultiPolygon","coordinates":[[[[76.7382775,43.314451],[76.7482164,43.3030906],[76.75456,43.3042791],[76.7541211,43.2969491],[76.7811015,43.2891773],[76.7853217,43.2816019],[76.7917689,43.2885629],[76.7980836,43.282452],[76.7996436,43.2743576],[76.7864276,43.2661532],[76.7921616,43.2607517],[76.7884264,43.2558641],[76.7934368,43.2503969],[76.7888004,43.2532617],[76.7757647,43.249541],[76.7858842,43.2322325],[76.7695545,43.2303662],[76.7725574,43.2214849],[76.7788108,43.2225258],[76.7806354,43.2182002],[76.7718805,43.2180343],[76.7786183,43.1997163],[76.782179,43.2016453],[76.7847638,43.196144],[76.7890889,43.1972744],[76.7912774,43.1900482],[76.7926141,43.175301],[76.7897623,43.1749932],[76.7931698,43.1673963],[76.7765437,43.1593275],[76.7980933,43.1546415],[76.7995769,43.1463668],[76.8084227,43.1465653],[76.8080701,43.1357373],[76.8356839,43.1338905],[76.8342411,43.123173],[76.8503102,43.122549],[76.852859,43.134832],[76.8627503,43.1304785],[76.8655097,43.1326253],[76.8704702,43.1266733],[76.8951548,43.1260948],[76.9006974,43.0839472],[76.9053525,43.0801478],[76.9370259,43.0850356],[76.9566014,43.0820632],[76.9623529,43.0778112],[76.9676087,43.0692645],[76.963719,43.0592343],[76.9367805,43.0443288],[76.9434791,43.0337707],[76.966515,43.0496182],[76.9854746,43.0433658],[76.9938034,43.0473392],[77.0299106,43.0431435],[77.0324279,43.038161],[77.0569448,43.0328438],[77.0771844,43.0340662],[77.089632,43.0709378],[77.0800349,43.1011416],[77.0800909,43.1153912],[77.0872858,43.1164914],[77.0917851,43.1121189],[77.0982087,43.1152142],[77.1137245,43.109935],[77.1212456,43.1174324],[77.1132327,43.1138609],[77.0923345,43.1279993],[77.0790786,43.132156],[77.0759393,43.1378717],[77.0629371,43.1449111],[77.0667539,43.1514115],[77.0602256,43.1600524],[77.070097,43.1650994],[77.0828308,43.1588657],[77.1008556,43.1581025],[77.109369,43.1510144],[77.1170726,43.1516426],[77.1222172,43.1668396],[77.134891,43.1665374],[77.1470137,43.1781582],[77.1459644,43.1896483],[77.1382218,43.1980925],[77.1196546,43.2040738],[77.1133787,43.1992613],[77.1139755,43.1815912],[77.1045222,43.1753027],[77.0986077,43.1760535],[77.0968506,43.183981],[77.0688096,43.1969272],[77.0523213,43.2264878],[77.0420975,43.2356187],[77.0394401,43.2340676],[77.0320673,43.2485961],[77.0256427,43.2496812],[77.0167799,43.2596142],[77.0046465,43.2626869],[77.0064044,43.2665562],[77.014948,43.2664051],[77.0121204,43.2804691],[77.0146462,43.2819765],[77.0101681,43.2904876],[77.0195695,43.292963],[77.0184314,43.2972835],[77.0407185,43.3101904],[77.0258345,43.3195984],[77.0412443,43.3376914],[77.0318552,43.3467596],[77.0473588,43.3486816],[77.044717,43.3531458],[77.0649222,43.3619588],[77.0747698,43.3694047],[77.1026501,43.3828669],[77.1023802,43.3841146],[77.0775775,43.3713476],[77.0678526,43.374439],[77.0448403,43.36295],[77.0115424,43.3597733],[77.0111611,43.3804072],[77.0161111,43.3860658],[77.0052393,43.3886565],[77.0074185,43.3921233],[77.0011479,43.3951103],[77.0027312,43.3991009],[76.9923046,43.3991866],[76.9860561,43.4036273],[76.9790867,43.3888964],[76.9654881,43.379811],[76.9412854,43.3812533],[76.9343166,43.3766685],[76.9291996,43.3798218],[76.92713,43.3746627],[76.9298628,43.3737153],[76.9168296,43.3576568],[76.8925928,43.3435496],[76.8903913,43.3362034],[76.880308,43.3278104],[76.8761996,43.3301324],[76.8807156,43.3346994],[76.8800051,43.3424122],[76.875197,43.3465285],[76.8657904,43.3468975],[76.8626306,43.3364176],[76.8571446,43.3332345],[76.8510374,43.3365154],[76.8558659,43.3427561],[76.847647,43.3514755],[76.8505272,43.3541014],[76.8133889,43.3546993],[76.8010148,43.3293718],[76.7908199,43.3293566],[76.7826597,43.3199019],[76.7723961,43.3167519],[76.7382775,43.314451]]],[[[77.1273405,43.3645316],[77.14166,43.3477729],[77.1429725,43.3425991],[77.139461,43.3441135],[77.1370165,43.339316],[77.146237,43.3331004],[77.1667539,43.344844],[77.1605976,43.3588691],[77.1533178,43.3577874],[77.1422442,43.3662583],[77.1427524,43.3622055],[77.1316855,43.3671962],[77.1273405,43.3645316]]]]},"properties":{"code":"KZ-ALA","name_ru":"Алматы","name_en":"Almaty","region_type":"city"}},{"type":"Feature","id":"KZ-SHY","geometry":{"type":"Polygon","coordinates":[[[69.3832452,42.2244029],[69.3955437,42.2201811],[69.4172479,42.1910217],[69.4256368,42.1668443],[69.4410814,42.1545306],[69.4551271,42.1471379],[69.4754613,42.1462577],[69.4776668,42.138672],[69.4826129,42.1393353],[69.4801155,42.1253688],[69.4854587,42.1219312],[69.5133379,42.1240979],[69.5179271,42.1363657],[69.5336721,42.136945],[69.5400342,42.1278189],[69.5352741,42.1119524],[69.5376189,42.1090168],[69.5412813,42.1233023],[69.5482891,42.1327387],[69.5681997,42.13243],[69.5709484,42.1388707],[69.6118696,42.1278841],[69.6200999,42.1370231],[69.6088448,42.1457549],[69.6162307,42.1602065],[69.6410142,42.1613038],[69.6505784,42.1531902],[69.6484817,42.1579422],[69.6542457,42.1597927],[69.6478245,42.1595611],[69.6472775,42.1640444],[69.6537477,42.1744764],[69.6456611,42.1720225],[69.6515796,42.1761416],[69.6583908,42.1988218],[69.6916164,42.1923454],[69.7108882,42.2285666],[69.7201264,42.2263713],[69.7217455,42.2297487],[69.7593563,42.2324361],[69.758271,42.2285229],[69.7617959,42.2274341],[69.7522613,42.2023738],[69.7570518,42.191225],[69.7848625,42.2144526],[69.789099,42.2115044],[69.782134,42.1976221],[69.7889749,42.1953929],[69.7947329,42.2026522],[69.8025868,42.1929743],[69.8223296,42.1925959],[69.8248869,42.1995871],[69.8176558,42.1956194],[69.81636,42.2011129],[69.8135487,42.19959],[69.8130207,42.2124674],[69.8267524,42.2138437],[69.836945,42.2103307],[69.8374779,42.2138865],[69.8323522,42.2150671],[69.8264547,42.2210627],[69.8253375,42.2287227],[69.8026611,42.2491248],[69.8260344,42.2668577],[69.8326609,42.2658672],[69.8329565,42.2602174],[69.8384305,42.2656262],[69.8654835,42.26806],[69.8831924,42.2865394],[69.9197271,42.2768385],[69.9230862,42.2797058],[69.9296268,42.2768511],[69.9357152,42.2852463],[69.9235031,42.2962124],[69.9002177,42.3034047],[69.8937753,42.3115853],[69.8856957,42.3113334],[69.887873,42.3160186],[69.8815363,42.3194277],[69.8902573,42.3205222],[69.8759797,42.3249981],[69.8713076,42.3322938],[69.8519983,42.33713],[69.8373923,42.3344722],[69.8239753,42.3401929],[69.8138134,42.3474138],[69.8179565,42.355649],[69.8017791,42.3599643],[69.8004834,42.3654215],[69.7928561,42.3655256],[69.7782964,42.376442],[69.7779414,42.3902195],[69.7712945,42.3906316],[69.7242084,42.4164716],[69.7307192,42.4264148],[69.7215826,42.4291487],[69.716843,42.4383553],[69.5923241,42.4583418],[69.5541266,42.4680189],[69.5311395,42.4785431],[69.4622535,42.4784857],[69.4627224,42.4729742],[69.4502091,42.4662035],[69.4638531,42.4514653],[69.4643086,42.4444696],[69.4305519,42.4325363],[69.4398967,42.4206217],[69.4308907,42.4196959],[69.4310755,42.414993],[69.4180796,42.4205105],[69.4030933,42.4205702],[69.3868274,42.4112402],[69.3913654,42.4089914],[69.3856684,42.4060903],[69.3889007,42.3993255],[69.3860201,42.3992114],[69.3906208,42.3982074],[69.3804888,42.3831043],[69.3708372,42.3855624],[69.3641581,42.3769739],[69.3257108,42.375689],[69.3029638,42.3635608],[69.302329,42.3562215],[69.3231118,42.3516573],[69.3099456,42.3369507],[69.3032945,42.3223214],[69.3112995,42.3231718],[69.310134,42.3131224],[69.3218403,42.3097597],[69.3424821,42.3234403],[69.3521884,42.3051131],[69.3532097,42.2789894],[69.3631971,42.2606778],[69.3609745,42.2591806],[69.3701783,42.2494238],[69.3366739,42.2291629],[69.3832452,42.2244029]]]},"properties":{"code":"KZ-SHY","name_ru":"Шымкент","name_en":"Shymkent","region_type":"city"}},{"type":"Feature","id":"KZ-AKM","geometry":{"type":"Polygon","coordinates":[[[73.9218798,52.5928329],[73.5291341,52.6027869],[73.4931762,52.6659889],[73.424732,52.6538951],[73.3916334,52.6991285],[73.3200893,52.7094202],[73.2465133,52.7044252],[73.2074762,52.7173373],[73.1181476,52.7300664],[73.0645658,52.7493496],[72.9122435,52.714383],[72.9312536,52.9226277],[72.8973656,52.9321886],[72.878634,53.0101346],[72.8693647,53.0274642],[72.7529397,53.0191396],[72.7378348,53.0118122],[72.6466606,53.014434],[72.5382912,52.9838737],[72.490608,52.9843628],[72.4493,52.9778377],[72.2027257,53.0125493],[72.2041699,52.89235],[72.1053607,52.8653276],[71.9148765,52.8544853],[71.8106381,52.9004786],[71.7986387,52.8962938],[71.7727088,52.9144919],[71.773118,52.9263978],[71.7618595,52.9412709],[71.7787017,52.9825962],[71.7426245,52.9786685],[71.66889,52.9453117],[71.6228717,53.0307348],[71.6065989,53.0418019],[71.7195862,53.0757252],[71.6965144,53.1342653],[71.7395399,53.2125442],[71.6684166,53.2970617],[71.6328075,53.3106229],[71.6058766,53.4015911],[71.5728319,53.4232338],[71.5271976,53.4076061],[71.5128901,53.3986455],[71.4325683,53.384685],[71.4060998,53.370439],[71.40515,53.3591371],[71.3934609,53.3487062],[71.3154587,53.3260138],[71.2926516,53.326429],[71.2490374,53.3039254],[71.1947283,53.3159258],[71.1425022,53.3162293],[71.1445228,53.3285385],[71.0119467,53.3309782],[71.0633951,53.4217201],[71.0231638,53.421017],[71.0232148,53.4276677],[70.5836548,53.4301281],[70.5843432,53.3336562],[70.5342501,53.3336574],[70.4478537,53.321665],[70.4469792,53.2796804],[70.4554979,53.2656054],[70.4555086,53.2338226],[70.3600657,53.2213875],[70.3188714,53.2275698],[70.3160367,53.2505595],[70.2963176,53.2921984],[70.2338526,53.3673719],[70.2100895,53.3675336],[70.2098326,53.3584675],[69.9974044,53.3623972],[70.0142334,53.379896],[70.0093703,53.4184484],[70.0710748,53.4333426],[70.0740918,53.4681114],[70.0703089,53.4873075],[70.0738997,53.5074272],[70.0152384,53.5095662],[69.9781843,53.5230269],[69.9286587,53.5208765],[69.9135414,53.5241041],[69.9108494,53.5203065],[69.87415,53.5299846],[69.870723,53.5191207],[69.8399851,53.5186336],[69.8406932,53.632183],[69.8028653,53.6322306],[69.8029556,53.6682897],[69.6807669,53.668272],[69.6807401,53.6771238],[69.6580286,53.6772727],[69.6622335,53.6799821],[69.6596841,53.6818396],[69.6485664,53.6785305],[69.6453042,53.6843697],[69.6362196,53.6776784],[69.545588,53.6792627],[69.5456649,53.6492124],[69.4839269,53.6494089],[69.4788855,53.6354749],[69.4393063,53.6349157],[69.4276431,53.6027454],[69.3795162,53.5984346],[69.3798592,53.5726153],[69.4101405,53.5722055],[69.4108408,53.5512289],[69.4278597,53.5508306],[69.4183843,53.527617],[69.3443854,53.5114336],[69.3054152,53.5072565],[69.3057771,53.5574777],[69.270844,53.5556968],[69.2710467,53.5692362],[69.2407581,53.5693702],[69.240911,53.5962423],[69.135354,53.5964085],[69.1357299,53.6772315],[69.0281129,53.6764999],[69.0278802,53.6148444],[68.8915603,53.6147427],[68.8993908,53.6440395],[68.8182276,53.6478815],[68.8183759,53.6344579],[68.7294094,53.6417482],[68.7361638,53.6092655],[68.7554074,53.5959047],[68.7480785,53.5785503],[68.7695032,53.5662971],[68.7629579,53.5539188],[68.7483601,53.5506422],[68.6526449,53.5524752],[68.6524851,53.5294707],[68.6567788,53.5289995],[68.6500256,53.5043178],[68.6206382,53.5123108],[68.6042136,53.5088035],[68.5945513,53.4890828],[68.5846635,53.4815189],[68.5638978,53.4849682],[68.5599455,53.4639527],[68.5314861,53.4622556],[68.5037933,53.4744406],[68.4811516,53.460528],[68.5070354,53.4081576],[68.5007344,53.3933476],[68.5190341,53.379606],[68.5293224,53.3266596],[68.5495087,53.3273593],[68.5475318,53.3178873],[68.5566447,53.306868],[68.5733327,53.298915],[68.5794369,53.2996966],[68.5792319,53.2722604],[68.5965578,53.2693015],[68.6427611,53.2753766],[68.7059824,53.2665426],[68.6962108,53.2096748],[68.7278408,53.2068806],[68.726047,53.19659],[68.7520788,53.1955306],[68.7426717,53.1254987],[68.7023125,53.1148789],[68.7368975,53.0941478],[68.7842036,53.0912127],[68.7432182,53.0336377],[68.7011988,53.0077032],[68.628484,52.9829517],[68.621012,52.9704742],[68.6396392,52.9383955],[68.6659776,52.8700628],[68.6551699,52.8698063],[68.6403146,52.8632213],[68.68784,52.8277083],[68.676891,52.7950331],[68.6577238,52.7916098],[68.6317266,52.8009592],[68.5949591,52.7839013],[68.5629941,52.7822551],[68.5613123,52.7735115],[68.5390691,52.7376345],[68.5035716,52.7384133],[68.4952884,52.7558533],[68.4559381,52.7359375],[68.4027919,52.7163464],[68.4159655,52.7077398],[68.3932636,52.6561268],[68.3610481,52.6570522],[68.3381217,52.60566],[68.2286988,52.6067797],[68.161339,52.5938372],[68.1569592,52.5761773],[68.1400099,52.5451574],[67.9903888,52.5442626],[67.9960497,52.483263],[68.0391261,52.4835365],[68.0510383,52.4608596],[67.9952883,52.4018275],[68.0003263,52.379517],[67.9688714,52.3626764],[67.9845646,52.3547449],[67.9695489,52.3512535],[67.913896,52.3766382],[67.8807069,52.3369998],[67.9033213,52.3267913],[67.8601066,52.2737752],[67.7333641,52.3469256],[67.695052,52.3594818],[67.595704,52.372732],[67.5379326,52.4265162],[67.2990549,52.4280838],[67.2971813,52.2069604],[67.0999718,52.2569769],[67.0572385,52.2436496],[66.9854409,52.2507027],[66.9123776,52.2433177],[66.8286165,52.2605124],[66.7809759,52.2812105],[66.6236452,52.2734812],[66.5420403,52.2817983],[66.544166,52.2933482],[66.565439,52.304737],[66.541207,52.3686221],[66.4906429,52.3753295],[66.4423907,52.3657955],[66.3548703,52.3599826],[66.2399858,52.3322192],[66.078198,52.4516755],[66.0067935,52.434347],[65.9986461,52.204637],[65.8689505,52.1408681],[65.8545958,52.0930609],[65.8657985,52.0887007],[65.868143,52.0826828],[65.8496995,52.0808059],[65.8165677,51.9938394],[65.7685074,51.9205119],[65.7604761,51.8724366],[65.528489,51.8019252],[65.5177608,51.7956846],[65.5058385,51.7983316],[65.3524166,51.7934892],[65.383141,51.6848995],[65.5209107,51.6843267],[65.5773276,51.6281613],[65.569161,51.5833816],[65.5371652,51.5140488],[65.4615127,51.4400778],[65.5466955,51.4034859],[65.3880099,51.3267622],[65.4031777,51.3019391],[65.4815881,51.2431504],[65.4260575,51.2033732],[65.4504081,51.1857311],[65.5606566,51.1362401],[65.6329578,51.0823656],[65.6261133,51.068488],[65.6100418,51.054563],[65.6120606,51.0326268],[65.6158131,51.0297154],[65.6142102,51.0061124],[65.5793561,50.8963738],[65.5852932,50.8956249],[65.6046291,50.8308984],[65.627956,50.8273494],[65.6342329,50.8348001],[65.6667245,50.8474302],[65.7000536,50.8451036],[65.7287513,50.8538632],[65.7523194,50.8478602],[65.7892924,50.8544459],[65.8097035,50.8771793],[65.8246052,50.8852486],[65.861935,50.9643799],[65.9417166,50.9425541],[65.9498888,50.9594144],[65.9944421,50.9493473],[65.9895275,50.9465945],[66.070659,50.8876036],[66.0611492,50.883688],[66.0879974,50.871741],[66.0842829,50.829399],[66.1018778,50.8232699],[66.0918475,50.8148498],[66.1168113,50.8048117],[66.1095527,50.7981981],[66.1327518,50.7881355],[66.1564966,50.8098567],[66.1784268,50.800148],[66.2017961,50.8251332],[66.2185357,50.8225138],[66.2406361,50.8273718],[66.3155971,50.6854319],[66.4331356,50.7106526],[66.4955142,50.6730972],[66.6400253,50.6270415],[66.6663241,50.6358583],[66.7244936,50.6115003],[66.8501604,50.6450369],[66.9908958,50.6581929],[67.1107977,50.6221534],[67.0956319,50.5461034],[67.0659493,50.5308424],[67.1318894,50.3839213],[67.5562733,50.4858908],[67.5639838,50.4923269],[67.592067,50.4899319],[67.6051122,50.4841805],[67.6509644,50.4811788],[67.684994,50.4868395],[67.725055,50.4838266],[67.7488752,50.4884082],[67.7823891,50.4851609],[67.8385129,50.4991361],[67.8647486,50.5168315],[67.9200955,50.5378206],[67.9233029,50.54592],[67.938665,50.5530087],[67.933065,50.5699187],[67.937585,50.5768587],[67.933535,50.5800687],[67.942575,50.5987287],[67.934305,50.6106586],[67.917085,50.6183786],[67.921025,50.6278586],[67.915025,50.6329086],[67.915245,50.6386186],[67.901545,50.6449686],[67.905375,50.6527386],[67.8907575,50.6563837],[67.9469577,50.6531909],[67.9878283,50.6604907],[68.029105,50.655397],[68.0461201,50.6610701],[68.0816737,50.6303555],[68.1159897,50.6190287],[68.1451181,50.6188947],[68.1759056,50.6343969],[68.2105778,50.641838],[68.2181753,50.6500563],[68.2559117,50.6570653],[68.3277993,50.7115973],[68.3305373,50.7232927],[68.4312734,50.7557045],[68.4778619,50.762904],[68.4815399,50.7670035],[68.4775456,50.7775235],[68.5123897,50.8040763],[68.8012771,50.7995321],[68.7923867,50.5601487],[68.7733508,50.5480601],[68.7495036,50.512442],[68.7605597,50.4709674],[68.7368455,50.4200316],[68.7297835,50.3019416],[68.6906093,50.276648],[68.6739334,50.2440104],[68.7162431,50.2441066],[68.7517067,50.2392472],[68.7502975,50.214048],[68.7888919,50.2213405],[68.8242524,50.2023261],[68.8519533,50.2053289],[68.9651311,50.1762689],[69.0505395,50.1905903],[69.0813016,50.1792097],[69.0813285,50.1950192],[69.1090389,50.1969726],[69.1528482,50.1781493],[69.1645753,50.2324783],[69.184538,50.2599667],[69.2141918,50.2372465],[69.2593811,50.2348251],[69.3040701,50.2460299],[69.2936369,50.3033654],[69.2450242,50.3000199],[69.2661749,50.3582696],[69.3722025,50.3876203],[69.4211783,50.3336034],[69.4470568,50.3769818],[69.4855265,50.3615124],[69.5187846,50.2951676],[69.5845361,50.2889898],[69.6007445,50.2823662],[69.6012612,50.1975769],[69.6099913,50.1988966],[69.6214926,50.1939516],[69.6345389,50.198567],[69.6501601,50.1928526],[69.6774542,50.1959297],[69.6816097,50.1903866],[69.6983555,50.1901428],[69.7013625,50.1958982],[69.7063305,50.1943575],[69.7220182,50.2013287],[69.739245,50.1955911],[69.7960969,50.2087112],[69.9843848,50.2369016],[70.0121939,50.2472214],[70.0290167,50.244477],[70.0576842,50.2569902],[70.0700438,50.2561122],[70.0762236,50.2453552],[70.08618,50.2411835],[70.095793,50.2285563],[70.0978529,50.2161454],[70.0849783,50.2092247],[70.0837767,50.2021931],[70.116564,50.200435],[70.1438582,50.2166946],[70.1732123,50.1986769],[70.1646292,50.1854888],[70.1514113,50.1828508],[70.1447165,50.170428],[70.1496947,50.1648202],[70.1491797,50.1548126],[70.1328719,50.1455728],[70.1366484,50.139082],[70.1323569,50.1259875],[70.1148474,50.1115685],[70.1177657,50.0996778],[70.13888,50.0807346],[70.1196539,50.0756671],[70.1108992,50.0669631],[70.1194823,50.0488888],[70.1457465,50.0391877],[70.1610243,50.044259],[70.1780188,50.0409517],[70.2073729,50.0530774],[70.2252257,50.0473456],[70.2380919,50.0548087],[70.262047,50.0562051],[70.2794161,50.0626329],[70.2885998,50.0585859],[70.2989212,50.0601254],[70.308272,50.0695655],[70.3202407,50.0733753],[70.337538,50.0696137],[70.3457387,50.0729552],[70.3502082,50.0842302],[70.3781427,50.0858109],[70.3880375,50.0928201],[70.3964379,50.0906513],[70.4384306,50.0967804],[70.5278334,50.1331911],[70.5483173,50.148981],[70.4752932,50.2347361],[70.486484,50.2392563],[70.6487697,50.2927736],[70.6720821,50.2850418],[70.7299998,50.2311597],[70.7505691,50.2502498],[70.7519234,50.2871607],[70.7699925,50.3922084],[70.7694883,50.4413324],[70.7956454,50.4404963],[70.8236956,50.4509401],[70.8425721,50.4605903],[70.8537108,50.4770094],[70.9205757,50.4685911],[70.9486777,50.4716312],[70.9517388,50.477213],[71.0639043,50.507482],[71.0583831,50.5567902],[71.1273994,50.6092238],[71.2116139,50.606326],[71.2287914,50.6517018],[71.3314348,50.6515523],[71.3280913,50.6752151],[71.3401852,50.7014383],[71.33542,50.7217601],[71.4073613,50.7500566],[71.4057479,50.7474204],[71.4140018,50.7456146],[71.4503473,50.7546587],[71.4580746,50.7518388],[71.4932027,50.7692167],[71.500816,50.7778783],[71.5267953,50.7936191],[71.5411051,50.7918373],[71.5553713,50.7733244],[71.651546,50.7888871],[71.6585118,50.7548997],[71.7135885,50.746705],[71.7356709,50.7543395],[71.7951201,50.6938166],[71.8177488,50.7027094],[71.8366139,50.6827012],[71.821039,50.6633391],[71.7926256,50.6525022],[71.7590938,50.6264583],[71.7691521,50.6172717],[71.7877484,50.6157247],[71.8014718,50.610002],[71.8164391,50.5892633],[71.7869564,50.5557373],[71.7798255,50.5055995],[71.773024,50.4900047],[71.7399223,50.4527739],[71.7209579,50.4452381],[71.7102257,50.429051],[71.7996797,50.4240918],[71.8086367,50.4650509],[72.0117307,50.4669354],[72.058982,50.4450304],[72.1020996,50.4130474],[72.1228379,50.4095167],[72.1170697,50.4452614],[72.2027942,50.4552015],[72.1944337,50.4563763],[72.1699543,50.5392602],[72.2361634,50.5618779],[72.2667959,50.5936902],[72.3790018,50.5560615],[72.4458289,50.5649266],[72.4787032,50.608009],[72.4751643,50.6156483],[72.4266288,50.6396902],[72.4032611,50.6565801],[72.3992326,50.677786],[72.4817128,50.7402352],[72.494914,50.7442414],[72.5054672,50.7342821],[72.50503,50.7232614],[72.511546,50.7212043],[72.5145621,50.7121531],[72.519193,50.7116101],[72.5244526,50.7344624],[72.6624356,50.7496269],[72.7016147,50.8050605],[72.7169127,50.8185863],[72.7217571,50.8356268],[72.7524392,50.845672],[72.7696611,50.8595063],[72.7741074,50.8702243],[72.7923566,50.8873936],[72.9796138,50.861698],[73.0051396,50.8831355],[73.1692005,50.9216281],[73.1703724,50.993881],[73.2380654,51.0014105],[73.3135878,51.0170402],[73.3138902,51.0128113],[73.3208912,51.0120796],[73.3523143,51.0205517],[73.3520817,51.0177718],[73.3795508,51.0245166],[73.3980883,51.0247799],[73.4141836,51.0311287],[73.4267668,51.0465729],[73.4391872,51.0506233],[73.4408885,51.0554982],[73.4566128,51.0564818],[73.457894,51.060869],[73.4769201,51.0660589],[73.4840178,51.077963],[73.4994545,51.0872704],[73.4987704,51.0928169],[73.5028549,51.0955252],[73.5108432,51.098525],[73.5251902,51.0968224],[73.5314118,51.103581],[73.5412352,51.106377],[73.5419005,51.1113192],[73.5780678,51.1209028],[73.4378337,51.1791015],[73.3879987,51.1601401],[73.3613585,51.1629515],[73.3469968,51.1250403],[73.3199964,51.1210371],[73.3124591,51.151365],[73.2809197,51.1744051],[73.2481998,51.2315632],[73.1967221,51.215899],[73.1562178,51.2767277],[73.1925832,51.2887566],[73.2040682,51.288433],[73.2233331,51.304766],[73.2659452,51.2746624],[73.3108874,51.2738159],[73.3599762,51.2842969],[73.3613542,51.2968943],[73.3936565,51.3034575],[73.4172862,51.2668521],[73.429439,51.2555737],[73.440808,51.2964755],[73.4754966,51.3097862],[73.5010834,51.3061812],[73.5349552,51.307512],[73.671068,51.2786215],[73.685636,51.2873922],[73.6905229,51.310738],[73.698653,51.3198281],[73.7009467,51.3391579],[73.7186148,51.3464895],[73.7316903,51.3608709],[73.7832694,51.3746627],[73.7974686,51.381536],[73.8030736,51.3901343],[73.8143349,51.3940672],[73.8183952,51.4046105],[73.8087046,51.410895],[73.8041447,51.4242271],[73.8119522,51.4268489],[73.8111817,51.4388735],[73.9855936,51.5012843],[74.0470332,51.5091507],[74.1342699,51.5128939],[74.1628557,51.530146],[74.2600379,51.5234939],[74.2535073,51.5392967],[74.2506719,51.5618402],[74.0993598,51.5946522],[74.0369299,51.5989243],[74.0199413,51.6194312],[74.007314,51.6430139],[73.9008373,51.6288266],[73.7778595,51.6274308],[73.785097,51.6337751],[73.7822163,51.6413227],[73.787393,51.6465257],[73.7868887,51.6516782],[73.799141,51.6547002],[73.8047737,51.6654287],[73.795225,51.6756423],[73.7930578,51.6858936],[73.7861377,51.688614],[73.7935299,51.6985431],[73.7864166,51.7038243],[73.7909227,51.7111442],[73.7877255,51.7141622],[73.7955576,51.7190678],[73.7912982,51.7287975],[73.7986797,51.7317014],[73.7967914,51.7361931],[73.8006323,51.73808],[73.7980574,51.7523489],[73.8074666,51.756699],[73.8139146,51.7663277],[73.8158995,51.7886981],[73.8219452,51.7906525],[73.8208026,51.796434],[73.8092583,51.7959894],[73.8099074,51.8042994],[73.8268309,51.8152275],[73.8365588,51.8062792],[73.9050377,51.8495231],[73.9321664,51.8766654],[73.9690725,51.8929884],[74.0275241,51.8916392],[74.0302049,51.9321027],[74.0003838,51.9321172],[74.0003955,52.5435235],[73.9215374,52.5437356],[73.9218798,52.5928329]],[[71.2221711,51.0987116],[71.2398006,51.1387838],[71.2361409,51.1495535],[71.2425815,51.1523111],[71.2427604,51.1575583],[71.2544087,51.1581347],[71.2529729,51.1758855],[71.2653832,51.1742581],[71.2819046,51.1793117],[71.2706171,51.1836549],[71.2725041,51.1891176],[71.2519026,51.1903211],[71.2421575,51.1976938],[71.2448259,51.198465],[71.2400139,51.2019547],[71.2427927,51.2067872],[71.2372988,51.2086668],[71.2476926,51.2243114],[71.2445527,51.2252487],[71.2556512,51.238734],[71.2734654,51.2412385],[71.3015604,51.2331888],[71.3348807,51.266619],[71.3663894,51.2711805],[71.355575,51.2976887],[71.385094,51.3023282],[71.4001119,51.2673427],[71.4281353,51.2746546],[71.4503904,51.2716014],[71.4685046,51.2784522],[71.4758818,51.2864121],[71.4985027,51.2901089],[71.4983353,51.2836432],[71.4695278,51.2613861],[71.5522356,51.2429404],[71.5941188,51.2776463],[71.6188071,51.2484831],[71.5742662,51.2203778],[71.5834847,51.2026037],[71.6218708,51.1885794],[71.6453858,51.1399259],[71.6889679,51.1404441],[71.7149108,51.1313822],[71.7044703,51.1116035],[71.7423287,51.1014059],[71.735658,51.0965034],[71.7244343,51.1034205],[71.7067396,51.0967854],[71.7086443,51.0931921],[71.6993647,51.0894292],[71.6939332,51.0935542],[71.681892,51.0912292],[71.6791093,51.0853245],[71.6151336,51.0993803],[71.6037835,51.0857795],[71.5797424,51.0703195],[71.556088,51.048691],[71.5477011,51.0509109],[71.5025869,51.045466],[71.4980141,51.0425791],[71.501568,51.0391496],[71.4625042,51.0165878],[71.4541934,51.0006766],[71.3184737,51.0237469],[71.2866187,51.0224236],[71.2576794,51.0474837],[71.2558708,51.0629586],[71.2451662,51.0685891],[71.2261047,51.0997588],[71.2221711,51.0987116]],[[71.6415258,51.3316656],[71.6678132,51.3398842],[71.6838682,51.3509429],[71.7063332,51.3476043],[71.6973656,51.3353448],[71.6716,51.3165612],[71.6718742,51.3094308],[71.6415258,51.3316656]],[[71.740388,51.16606],[71.7851103,51.165569],[71.7851913,51.1573031],[71.782424,51.1504554],[71.7661365,51.1446854],[71.7608792,51.1457224],[71.740388,51.16606]]]},"properties":{"code":"KZ-AKM","name_ru":"Акмолинская область","name_en":"Akmola Region","region_type":"oblast"}},{"type":"Feature","id":"KZ-AKT","geometry":{"type":"MultiPolygon","coordinates":[[[[59.0638221,45.6666018],[59.0965967,45.3228973],[58.747359147,45.506368852],[58.7566922,45.5237141],[58.7792613,45.5450166],[58.8312017,45.5701286],[58.8680961,45.5813753],[58.9098184,45.6244157],[58.9251005,45.6508122],[58.9293792,45.6726802],[58.9273021,45.710017],[58.9199979,45.7310996],[58.9240663,45.7550294],[58.9309327,45.7684139],[58.9309512,45.7864977],[58.934466,45.7898434],[58.9934445,45.8151628],[59.0123187,45.8142086],[59.0323489,45.8047132],[59.0502775,45.8054093],[59.0638221,45.6666018]]],[[[62.89008,47.1773487],[62.8601538,47.2146532],[62.5811687,47.2423453],[62.6057258,47.3284453],[62.3326164,47.5311285],[62.2125287,47.5455563],[62.075832,47.7233112],[61.9248629,47.8277265],[61.3597972,47.8187854],[61.3142209,47.7900512],[61.0010179,47.2347025],[60.9234994,47.1103374],[60.7024563,47.1040848],[60.4950016,47.1218087],[60.4744218,46.9108109],[60.3272642,46.9132478],[60.1296088,46.8948671],[60.013218,46.8153637],[59.7692551,46.6625322],[59.5613884,46.4999641],[59.1118129,46.0529815],[59.0306023,46.0070443],[59.040114925,45.909557202],[59.0313817,45.9155101],[59.0151725,45.915546],[59.0011478,45.909834],[58.9963628,45.8996269],[58.9915648,45.8981993],[58.976759,45.906182],[58.9464737,45.906827],[58.9144196,45.9187449],[58.8744397,45.9261559],[58.861078,45.9252365],[58.8278336,45.9126197],[58.8132832,45.902873],[58.802874,45.8888024],[58.802329,45.8662509],[58.8108155,45.8518273],[58.8250752,45.8417373],[58.7663359,45.8642001],[58.7350914,45.8569399],[58.7134485,45.840883],[58.6954777,45.8223893],[58.6762473,45.7930884],[58.6611463,45.7423183],[58.648567,45.7184317],[58.6434858,45.6756554],[58.6333251,45.6394444],[58.6357245,45.615254],[58.631845,45.5875944],[58.604464928,45.581266263],[58.587577,45.590118],[57.00101,45.237915],[56.744109,45.1772492],[56.6594188,45.6529369],[56.644833,45.6668958],[56.6057777,45.9261334],[56.559804,46.000089],[56.5525261,46.0058679],[56.5165047,46.0973561],[56.4666301,46.1321886],[56.4718237,46.1491351],[56.4647932,46.1763308],[56.442432,46.2029571],[56.4406266,46.240325],[56.4106107,46.2782934],[56.3886763,46.2925347],[56.3155637,46.3760518],[56.2875422,46.5133816],[55.953074,46.5929589],[55.7382471,46.6289082],[55.4503693,46.7259941],[55.2328601,46.8738222],[55.1945185,46.9516295],[55.1248028,47.0304243],[55.1198356,47.0643493],[55.0019776,47.2023598],[55.0257697,47.3744483],[55.0412026,47.4307134],[55.0682056,47.4539216],[55.0713934,47.4758228],[55.0685974,47.5417772],[55.0743348,47.5544734],[55.0658133,47.5893292],[55.0919239,47.7267909],[55.1215247,47.778876],[55.1050552,47.8647219],[55.0991245,47.9562721],[55.0631197,47.9999804],[55.0293655,48.0299104],[54.9386254,48.0972148],[54.9545895,48.1676374],[54.9454878,48.1925293],[54.9693473,48.2704211],[54.919336,48.3064574],[54.8792065,48.3653118],[54.8966871,48.4643902],[54.8881969,48.4750286],[54.9040217,48.483403],[54.9186937,48.554561],[54.9320735,48.5603253],[54.9123088,48.7094432],[54.7533161,48.7415073],[54.7382072,48.77449],[54.6839319,48.8003889],[54.6567982,48.7998616],[54.6349898,48.7706182],[54.5787711,48.7793458],[54.5817785,48.7453307],[54.5779532,48.711879],[54.5420388,48.6400923],[54.4603095,48.6418958],[54.4502546,48.6524713],[54.3552346,48.679091],[54.3025707,48.7030633],[54.1761218,48.7243172],[54.155133,48.7354757],[54.0270211,48.7628135],[54.0434512,48.8073557],[54.011839,48.8819282],[54.0266988,48.9525713],[54.0128878,48.9783924],[54.0043231,49.0073678],[54.0142892,49.0457095],[54.0125461,49.0520272],[54.0073784,49.0691679],[53.9881601,49.0894671],[53.9917232,49.1721222],[53.9131708,49.164254],[53.9025276,49.1231277],[53.8963173,49.1115952],[53.8790949,49.0976579],[53.8203493,49.1233534],[53.8323652,49.1439433],[53.7513821,49.16082],[53.6920968,49.1830416],[53.6655163,49.1971241],[53.6431003,49.2174548],[53.6305382,49.2403492],[53.6638517,49.2777404],[53.7298349,49.4249156],[53.6950075,49.4774542],[53.7569498,49.4572861],[53.7978329,49.5250767],[53.8751868,49.5703016],[53.9728706,49.570092],[53.9913224,49.6186558],[54.1146807,49.6203469],[54.2005927,49.6102708],[54.2989078,49.6479905],[54.2753871,49.6759464],[54.3453246,49.7325738],[54.3663679,49.768281],[54.477086,49.7683449],[54.4185875,49.8148916],[54.5149151,49.9243699],[54.5111226,49.9538961],[54.555976,50.0125839],[54.5433587,50.0628251],[54.4754268,50.0834992],[54.47235,50.1089047],[54.4251833,50.11824],[54.4214478,50.2034159],[54.4398039,50.2732121],[54.3650437,50.340237],[54.464746,50.4032038],[54.4638324,50.4156985],[54.4999233,50.467168],[54.5652371,50.5164602],[54.5436939,50.5274156],[54.5732496,50.5527927],[54.5928772,50.5596198],[54.6039438,50.5440436],[54.6145442,50.5386862],[54.6920381,50.5952099],[54.7204496,50.6069864],[54.7313548,50.6193289],[54.7204125,50.6335672],[54.7249615,50.6392559],[54.7185671,50.6638536],[54.7095978,50.6705994],[54.711905,50.6841098],[54.7187388,50.6905047],[54.7000472,50.6999685],[54.6799286,50.7181722],[54.6849077,50.7806308],[54.6571347,50.8230389],[54.6839301,50.83418],[54.6983996,50.8925763],[54.6711504,50.905658],[54.6711799,50.9155004],[54.66526,50.9197928],[54.6538462,50.915192],[54.6193865,50.9250697],[54.6136682,50.920925],[54.5994915,50.9231771],[54.5834562,50.9163194],[54.5669181,50.915138],[54.549801,50.9285897],[54.539146,50.9241389],[54.5265299,50.9300007],[54.531829,50.9348818],[54.5479194,50.9355308],[54.565576,50.9226849],[54.5669338,50.9300274],[54.5588671,50.9364417],[54.5677748,50.9350032],[54.5749661,50.9391348],[54.5692776,50.9404846],[54.5726566,50.9432728],[54.5889884,50.9358374],[54.5942178,50.9423772],[54.5751506,50.9505043],[54.5741313,50.9674553],[54.5678561,50.9717046],[54.5790148,50.9731099],[54.5803276,50.9771933],[54.5607408,50.9847806],[54.561581,50.9921684],[54.5477967,51.0009625],[54.5536688,51.008093],[54.5720478,51.0045823],[54.5917757,51.0107494],[54.5655977,51.0141341],[54.591044,51.0296014],[54.6015763,51.0297952],[54.6068628,51.023456],[54.6038899,51.02041],[54.6111361,51.0191398],[54.6224261,51.0223397],[54.6518982,51.0212868],[54.6544582,51.0299774],[54.6590529,51.0241151],[54.6716885,51.0254982],[54.6816001,51.017901],[54.6920368,51.015795],[54.7015873,51.0173023],[54.6973864,51.0224429],[54.7074949,51.0261381],[54.686037,51.0376352],[54.6931977,51.0399556],[54.6984914,51.0342373],[54.7056783,51.0392093],[54.7200008,51.0282102],[54.7245051,51.0310821],[54.723216,51.037343],[54.7377907,51.0342874],[54.7330286,51.0304109],[54.7345055,51.0245073],[54.7492416,51.0227526],[54.744,51.0184138],[54.7850576,50.9849502],[54.8428705,50.9771562],[54.8970411,50.9581374],[54.8876265,50.9419573],[54.9044961,50.9378216],[54.8937687,50.9210352],[54.9243021,50.9141349],[54.9553455,50.9078707],[55.0113476,50.9048781],[55.0488787,50.922727],[55.0555735,50.9201299],[55.062955,50.9254322],[55.0866442,50.9205627],[55.0856143,50.9168833],[55.0995189,50.9127706],[55.094884,50.9103894],[55.0979739,50.9075752],[55.106557,50.9084411],[55.103982,50.9029204],[55.1288729,50.8964246],[55.1204615,50.8865709],[55.1296619,50.8794654],[55.0561406,50.8194689],[55.1466719,50.7971336],[55.384687,50.6546415],[55.3980177,50.6670396],[55.405212,50.6811364],[55.5012703,50.6700957],[55.5311626,50.6483606],[55.5348622,50.6140567],[55.5625967,50.6034509],[55.5812769,50.6048655],[55.6115446,50.5981685],[55.6184481,50.5821503],[55.660772,50.5601887],[55.7104607,50.5552321],[55.707958,50.5490744],[55.736147,50.5502242],[55.7364763,50.566492],[55.7458034,50.5790881],[55.7774833,50.5872993],[55.7949275,50.6065009],[55.8137649,50.610753],[55.829796,50.6224184],[55.8670963,50.6262678],[55.9024634,50.620524],[55.9145522,50.6408581],[55.9994985,50.6685913],[56.0535877,50.6938707],[56.1364537,50.7533688],[56.1243036,50.7867824],[56.1329906,50.8300875],[56.1571696,50.879343],[56.1749943,50.9031005],[56.1813404,50.9378649],[56.2391284,50.9156952],[56.2978015,50.9020255],[56.3624428,50.9008085],[56.3929937,50.9456359],[56.3712545,50.9478826],[56.3765478,50.9648053],[56.4602166,50.9649922],[56.4589384,51.0020136],[56.4490912,51.0573679],[56.5135142,51.0860014],[56.5104306,51.0789517],[56.5183077,51.0718198],[56.5271676,51.0718873],[56.5246162,51.0635137],[56.5322552,51.0605198],[56.5376625,51.0448733],[56.5742672,51.0345653],[56.5910063,51.0160901],[56.6082153,51.0066803],[56.6069257,51.0005487],[56.6164765,50.9982544],[56.6204655,50.9923108],[56.616262,50.9896649],[56.6183219,50.9865312],[56.6780685,50.9881714],[56.69715,50.9837786],[56.7056761,50.9747951],[56.7213938,50.9743223],[56.72269,50.9773924],[56.7518039,50.9815181],[56.709014,51.0544876],[56.6996787,51.0749557],[56.704428,51.077521],[56.7341401,51.0781983],[56.7847483,51.0938071],[56.8592765,51.0735433],[56.8881298,51.0603432],[56.9431416,51.0875605],[56.9842463,51.0626138],[57.0565184,51.0699251],[57.1453999,51.0875639],[57.144793,51.0990989],[57.1848637,51.114933],[57.1882393,51.1022835],[57.2055629,51.0731251],[57.2325074,51.0483426],[57.2193288,51.0388567],[57.2433614,51.0259697],[57.2809963,51.0321914],[57.2869186,51.0365094],[57.2844336,51.0385332],[57.2894212,51.0378381],[57.2927944,51.0319645],[57.2834799,51.0319005],[57.2903952,51.0252159],[57.2852606,51.0190462],[57.2938841,51.0112604],[57.2882887,51.0095623],[57.2952665,51.0066214],[57.2879596,51.003349],[57.2951435,51.0013024],[57.2930836,50.9970352],[57.307074,50.996657],[57.3144281,50.9886505],[57.3146427,50.9799376],[57.3075198,50.9775342],[57.3175556,50.9744045],[57.3243415,50.9657773],[57.3262297,50.9407972],[57.3359286,50.9390665],[57.3732649,50.9186175],[57.3821913,50.919862],[57.3851954,50.9129898],[57.4061381,50.9052505],[57.4151503,50.8965897],[57.4683653,50.8836495],[57.4726569,50.8783425],[57.5070278,50.8759514],[57.5120686,50.8784568],[57.5129169,50.8860912],[57.5249244,50.9002402],[57.51846,50.9046572],[57.5247211,50.9087316],[57.5268125,50.9160527],[57.5590535,50.9358247],[57.6856702,50.927402],[57.6864207,50.9163904],[57.7286804,50.9276928],[57.7360244,50.9277476],[57.7432486,50.9209836],[57.7609153,50.9198329],[57.7494696,50.9391329],[57.7552613,50.9686587],[57.7539744,51.0550836],[57.7710682,51.1383543],[57.8114117,51.1391666],[57.8210248,51.1302262],[57.8292419,51.1131785],[57.8479159,51.1123798],[57.8515805,51.1060891],[57.8690913,51.0989694],[57.8816856,51.1017035],[57.8869642,51.1102992],[57.9190434,51.1180515],[57.9348362,51.0949862],[57.9487408,51.0862528],[58.0204953,51.0949862],[58.0352811,51.1093744],[58.056326,51.1116025],[58.0737425,51.1229271],[58.0879705,51.1212107],[58.0905223,51.1049102],[58.0806996,51.0850448],[58.0943156,51.0736094],[58.1684839,51.0623425],[58.1775654,51.0674868],[58.170699,51.0778414],[58.1713398,51.0845933],[58.2076842,51.0885037],[58.2160176,51.0967111],[58.2189358,51.1094303],[58.2089795,51.1169739],[58.2030161,51.128184],[58.2351918,51.1345728],[58.2465708,51.145366],[58.265381,51.1430371],[58.2668509,51.1537786],[58.2792369,51.1451673],[58.2879416,51.1596094],[58.292634,51.1521048],[58.3030499,51.1530585],[58.3072027,51.1578658],[58.3147229,51.1511204],[58.3140294,51.1591059],[58.3244751,51.1637695],[58.3423799,51.1468121],[58.3362875,51.1374877],[58.3434494,51.1277893],[58.3576913,51.1233164],[58.3600711,51.1117406],[58.3736336,51.1112938],[58.3791553,51.0776865],[58.3836744,51.0748381],[58.5216839,51.0835324],[58.5890731,51.0500116],[58.5948484,51.0421375],[58.6146481,51.0472938],[58.6136243,51.0308509],[58.6078386,51.0252213],[58.6370453,50.985422],[58.5947734,50.9710523],[58.6049547,50.9466677],[58.5786111,50.93983],[58.5920341,50.8687071],[58.636819,50.8800536],[58.6890878,50.8857572],[58.6974443,50.8470639],[58.663228,50.841577],[58.6569681,50.8087994],[58.7743243,50.8155081],[58.805115,50.7800827],[58.8468316,50.7539828],[58.8465064,50.727331],[58.8542312,50.7235792],[58.8518494,50.7217209],[58.85966,50.7205254],[58.8699613,50.7083334],[58.879759,50.7073441],[58.8746353,50.6997444],[59.0418813,50.6899731],[59.0886978,50.6771074],[59.1176842,50.6843938],[59.16166,50.6680337],[59.1928817,50.6729181],[59.2061107,50.6676227],[59.2354115,50.664426],[59.2783753,50.6333333],[59.2983126,50.6525777],[59.4169493,50.6367646],[59.4518486,50.64568],[59.47817,50.6417692],[59.4998318,50.6118801],[59.5368064,50.6083651],[59.5589421,50.5875667],[59.5675273,50.5863978],[59.5693276,50.581354],[59.5661969,50.5765604],[59.5687062,50.5733771],[59.4628336,50.584026],[59.4630344,50.5726981],[59.4675765,50.568777],[59.4570812,50.5437303],[59.5169415,50.5280741],[59.5099349,50.4947569],[59.6142289,50.5306579],[59.7759548,50.5410653],[59.814103,50.5361125],[59.862003,50.598881],[59.9061992,50.6338697],[59.9975098,50.6748481],[59.9727453,50.7686995],[60.0153456,50.8219131],[60.0673386,50.821844],[60.1351975,50.8314337],[60.1469241,50.8399443],[60.1571773,50.8401484],[60.1572331,50.8356257],[60.1629246,50.8361156],[60.1628281,50.8402609],[60.1880213,50.8392814],[60.2169528,50.8125378],[60.1828422,50.778362],[60.3255457,50.6699979],[60.5604546,50.66103],[60.741191,50.665172],[60.8086474,50.6562994],[61.449163,50.8063336],[61.4861064,50.9594345],[61.5122,51.0362],[61.567968,51.237725],[61.7870868,51.269131],[61.8521517,51.3170692],[61.9041498,51.2743663],[61.9136577,51.2624587],[61.9421036,51.1609173],[61.9519399,51.1412059],[61.9976978,51.1083931],[61.9947382,51.0893369],[62.0732541,51.0730547],[62.0810046,51.1113456],[62.1041875,51.1288912],[62.1311626,51.1387589],[62.1810776,51.129435],[62.2830313,51.0801644],[62.275578,51.0411558],[62.2084928,51.0130433],[62.2285783,50.978418],[62.4302613,50.8528345],[62.3114652,50.8414364],[62.2764924,50.801556],[62.2218367,50.8136176],[62.2357091,50.7855901],[62.2632601,50.7561288],[62.2764607,50.7218448],[62.2295418,50.6760218],[62.2669253,50.6415066],[62.4398026,50.6887064],[62.497042,50.590701],[62.4946316,50.5562244],[62.5285129,50.515611],[62.5253887,50.5097805],[62.5010042,50.500791],[62.5070209,50.4778655],[62.5218181,50.4632973],[62.5373621,50.4588264],[62.5419025,50.447969],[62.5509147,50.4437331],[62.5498504,50.4361716],[62.559721,50.4229126],[62.5576095,50.4163131],[62.5784235,50.4067411],[62.5894956,50.408683],[62.6093225,50.3967841],[62.6119918,50.3907474],[62.628643,50.3903096],[62.6346855,50.3856485],[62.6431827,50.3753587],[62.6390285,50.3627492],[62.6437063,50.3563426],[62.6388568,50.3513318],[62.6447277,50.3474062],[62.6429338,50.3437734],[62.6500492,50.3446402],[62.6560573,50.3382037],[62.6633958,50.3376285],[62.6624603,50.3303515],[62.6672153,50.3250817],[62.6645631,50.3205977],[62.671421,50.3173547],[62.6677732,50.3097909],[62.6823301,50.3056618],[62.6905183,50.3074338],[62.6948099,50.3001973],[62.6900463,50.3003344],[62.6882524,50.2962319],[62.708929,50.2899987],[62.7142505,50.2828144],[62.7123622,50.2802915],[62.7212457,50.2783717],[62.7241296,50.2694947],[62.7345924,50.2648765],[62.7351074,50.2504719],[62.7269105,50.2458341],[62.7311592,50.24287],[62.7241211,50.2413605],[62.7265243,50.2378472],[62.7212886,50.2370786],[62.7285499,50.2334373],[62.7243442,50.2315157],[62.7299661,50.2304725],[62.7282409,50.2237913],[62.7403001,50.2172012],[62.7366952,50.2121208],[62.7497844,50.2073419],[62.7586336,50.1962263],[62.7843742,50.1931946],[62.7917127,50.1885787],[62.7812843,50.1814341],[62.7820653,50.1772939],[62.7976007,50.1630278],[62.800476,50.1722366],[62.8210754,50.165282],[62.8224916,50.1513698],[62.8351945,50.1440547],[62.8358383,50.1380037],[62.8318386,50.1362061],[62.8416318,50.1349779],[62.8405504,50.1316947],[62.8472967,50.1277428],[62.8422241,50.1201392],[62.8485755,50.1176627],[62.8508071,50.1112506],[62.8566436,50.1132046],[62.8596477,50.1023328],[62.865364,50.1047922],[62.8852253,50.0920656],[62.8848819,50.0866689],[62.875698,50.0795641],[62.8847103,50.0760389],[62.8829078,50.0692632],[62.8859977,50.0686021],[62.8809337,50.0618804],[62.8912334,50.0578028],[62.8892593,50.0505836],[62.894289,50.0407532],[62.8909759,50.0385674],[62.910202,50.0330545],[62.91632,50.01849],[62.92588,50.01903],[62.93614,50.00932],[62.94914,50.00457],[62.9454,49.99945],[62.95298,49.99744],[62.94798,49.99517],[62.94717,49.98766],[62.94044,49.98807],[62.94871,49.96771],[62.94853,49.95512],[62.94262,49.95571],[62.9332023,49.9432811],[62.9204933,49.9402083],[62.9252933,49.9331583],[62.9197633,49.9334783],[62.9230433,49.9295683],[62.9169633,49.9301083],[62.9214433,49.9265083],[62.9173233,49.9240883],[62.9197633,49.9214383],[62.9105233,49.9164284],[62.9318533,49.9061184],[62.9248933,49.9047984],[62.9292333,49.9022784],[62.9227833,49.8998984],[62.9302533,49.8982385],[62.9272233,49.8958985],[62.9360333,49.8908085],[62.9260233,49.8817585],[62.9232633,49.8864485],[62.9045133,49.8874985],[62.8964781,49.8827279],[62.7906653,49.936889],[62.7395891,49.9401861],[62.6582898,49.9084583],[62.6376926,49.8854201],[62.5987272,49.8625099],[62.593689,49.8436132],[62.5963198,49.8065164],[62.5550886,49.7353049],[62.4837542,49.7004747],[62.4379602,49.6836636],[62.452104,49.6249717],[62.4508357,49.5802024],[62.4731744,49.562053],[62.4336573,49.5570087],[62.3673374,49.5777718],[62.3048425,49.4972671],[62.3386121,49.4775429],[62.4507426,49.3720044],[62.5474519,49.253269],[62.5212723,49.2376385],[62.4963279,49.2438323],[62.3760908,49.2356296],[62.3614304,49.2008006],[62.4457533,49.1982469],[62.5487909,49.0181311],[62.5842321,48.9942686],[62.6346956,48.9753657],[62.7278384,48.9260047],[62.7845602,48.8923923],[62.8454438,48.8488132],[62.9531991,48.8899426],[63.0203849,48.9294032],[63.1301743,48.8634099],[63.1254588,48.8355615],[63.0492698,48.7580664],[63.076024,48.6971221],[63.0787071,48.6824376],[63.4167575,48.6017719],[63.4673136,48.5637641],[63.5857416,48.5343204],[63.770803,48.4539982],[63.8444864,48.3854584],[63.9029831,48.2975471],[64.0160746,48.1702789],[64.1201045,48.0023418],[64.2154453,47.92414],[64.277174,47.8995379],[64.0146737,47.7032335],[63.9658931,47.6928309],[63.8445552,47.6381836],[63.833412,47.6282054],[63.5265171,47.4807747],[63.2254645,47.360673],[63.2037375,47.3333122],[63.1456944,47.2964694],[62.9500893,47.1907705],[62.89008,47.1773487]]]]},"properties":{"code":"KZ-AKT","name_ru":"Актюбинская область","name_en":"Aktobe Region","region_type":"oblast"}},{"type":"Feature","id":"KZ-ALM","geometry":{"type":"MultiPolygon","coordinates":[[[[75.8065391,42.9407612],[75.7858652,42.9375878],[75.7727828,42.9406887],[75.7737867,42.9727615],[75.7652642,42.9714411],[75.7538133,42.9602881],[75.7235991,42.9566417],[75.7157439,42.9605913],[75.6948907,42.9615729],[75.6565601,42.9752682],[75.6560804,42.9807081],[75.5467723,42.9815959],[75.546231,42.988467],[75.5776484,42.9889548],[75.6012223,42.9991675],[75.6561106,43.0436523],[75.6515232,43.0503313],[75.610988,43.0589191],[75.5965968,43.0706597],[75.5625376,43.0829236],[75.5531834,43.0855512],[75.532556,43.0825732],[75.4996961,43.1046421],[75.4849667,43.1072827],[75.4621591,43.1219326],[75.4231829,43.120532],[75.4051939,43.1271845],[75.4011159,43.1253825],[75.3597417,43.1450374],[75.349428,43.1459999],[75.338035,43.1606981],[75.3305551,43.1952937],[75.2945437,43.2132659],[75.3306277,43.2528796],[75.2811185,43.2631137],[75.2777119,43.3153834],[75.2941419,43.3757163],[75.3075737,43.3877447],[75.3497878,43.4048243],[75.4189577,43.4710496],[75.3886932,43.5348596],[75.3431919,43.5342461],[75.3054403,43.5289547],[75.2423824,43.5367482],[75.2387306,43.5905139],[75.1809276,43.5907167],[75.1840697,43.5433182],[75.1329504,43.5663129],[75.0853939,43.5691048],[75.0312625,43.5988652],[74.9971857,43.6102913],[74.9973067,43.6509741],[75.1983371,43.7734554],[75.2435179,43.8109246],[75.2681262,43.8245876],[75.2694874,43.8437252],[75.2852523,43.861271],[75.2845328,43.8773522],[75.2769358,43.8918109],[75.2730198,43.9487139],[75.3068391,43.9872965],[75.3116362,43.9965284],[75.3094775,44.006794],[75.3157939,44.0184053],[75.3140347,44.0833417],[75.3070797,44.1480388],[75.2137557,44.1942355],[75.1267483,44.2599766],[75.1128342,44.2604301],[75.0928301,44.277348],[75.0364971,44.3084838],[75.0042343,44.3170144],[74.9976383,44.3266238],[74.9854658,44.3265595],[74.9414563,44.34361],[74.750995,44.3578143],[74.519729,44.4858191],[74.5107376,44.5228027],[74.4937948,44.526135],[74.5200573,44.5831297],[74.512234,44.666919],[74.5226355,44.6987269],[74.4025796,44.8012112],[74.3893195,44.7952632],[74.3056678,44.8489762],[74.2366787,44.871964],[74.1965825,44.8949426],[74.13349,44.9133189],[74.1393865,44.9533922],[74.1181591,44.9679953],[74.0874973,45.1271361],[73.8930139,45.1251569],[73.7550358,45.1043514],[73.7220153,45.2207644],[73.7526772,45.2888387],[74.030992,45.288009],[73.98423,45.3816176],[73.9015215,45.7465296],[74.0147343,45.890361],[74.0605728,46.0010499],[74.0825192,46.040373],[74.1657195,46.1383257],[74.7435649,46.5263855],[75.0189389,46.5572977],[75.3270355,46.6820584],[75.5222454,46.7074918],[75.6098576,46.69353],[75.8859069,46.7247385],[76.0490946,46.7381439],[76.2252178,46.6385096],[76.2170334,46.5620379],[76.230289,46.5171361],[76.2338058,46.4783447],[76.1807721,46.4525645],[76.1962474,45.7316851],[76.171698,45.6835314],[76.1834507,45.6228001],[76.265361,45.4539089],[76.3963956,45.3854643],[76.4838811,45.2931791],[76.4820201,45.2607371],[76.5260337,45.1901287],[76.5455712,45.0817132],[76.5571106,45.0775179],[76.56837,45.0347777],[76.6100042,45.0388501],[76.6465155,45.0226857],[76.7292246,45.0275784],[76.8201926,44.9585795],[76.878176,44.8800161],[76.837603,44.8476917],[76.8465668,44.7545255],[76.8957668,44.6796988],[76.9142638,44.6607067],[76.9148103,44.6383893],[76.9268403,44.6298376],[76.920951,44.613111],[76.9357002,44.6069392],[76.9420627,44.5833581],[76.9331944,44.5711252],[77.0644254,44.4976082],[77.1112546,44.4642795],[77.178051,44.445774],[77.175132,44.3910744],[77.1797674,44.3728176],[77.209182,44.3441306],[77.2922537,44.357367],[77.2945079,44.3487766],[77.3422632,44.3435552],[77.354498,44.3384038],[77.378551,44.3379936],[77.3706796,44.3043793],[77.3907092,44.274786],[77.3882425,44.2659545],[77.3384345,44.2164601],[77.3578528,44.2118418],[77.3520736,44.157693],[77.504408,44.1071967],[77.5679119,44.0914031],[77.6078847,44.0725093],[77.6158178,44.0364411],[77.7274653,44.0687802],[77.8095053,44.0252889],[77.8372128,44.0151058],[77.8237703,43.9859765],[77.7883668,43.9544106],[77.7782769,43.9356586],[77.7779416,43.923542],[77.8285527,43.9173062],[77.829243,43.9028802],[77.8507867,43.850058],[77.88695,43.8571887],[77.9066559,43.8750536],[77.9312551,43.8807705],[77.9581916,43.8711788],[77.9669956,43.8730957],[78.0142211,43.8663629],[78.039335,43.8703352],[78.0620229,43.8651635],[78.1881271,43.8815113],[78.2154539,43.8962764],[78.2337263,43.8975881],[78.3206243,43.8904707],[78.3372561,43.8928337],[78.3416476,43.8795926],[78.3673968,43.8745194],[78.3922018,43.877984],[78.4119429,43.8660423],[78.429624,43.865176],[78.445846,43.8557074],[78.4665381,43.8606151],[78.4748675,43.8521104],[78.4889396,43.8502415],[78.4993852,43.8391565],[78.5371468,43.8500032],[78.5452149,43.844556],[78.6294993,43.823748],[78.6554215,43.8349603],[78.6828015,43.8373749],[78.6892388,43.8340935],[78.7113831,43.8341554],[78.7608215,43.8480844],[78.7716362,43.8425751],[78.8069985,43.8453608],[78.8276837,43.8378082],[78.8548062,43.8516125],[78.8781521,43.8467845],[78.9174626,43.8460417],[78.9709775,43.8481402],[78.9949242,43.8546392],[79.0057389,43.85303],[79.0156094,43.8402165],[79.0297715,43.8314869],[79.0482251,43.8335302],[79.0602012,43.8447064],[79.0760608,43.8439505],[79.0904469,43.8327186],[79.1431538,43.8313012],[79.1652982,43.8444261],[79.1968839,43.8504304],[79.2187707,43.8708529],[79.2271478,43.8704259],[79.2373535,43.8610199],[79.2534897,43.862072],[79.2910835,43.9011703],[79.3330547,43.908653],[79.3627522,43.9069216],[79.3753693,43.9144035],[79.3966553,43.9176805],[79.4024918,43.9274483],[79.4258377,43.9342478],[79.454591,43.9537147],[79.4765637,43.9506251],[79.5009396,43.9526643],[79.5057461,43.9554448],[79.5051453,43.9644033],[79.5175049,43.97509],[79.5632935,43.9786997],[79.6639729,43.946265],[79.6779633,43.9321117],[79.719677,43.9304428],[79.7258568,43.9230865],[79.7217369,43.9102262],[79.7288661,43.8965338],[79.7467777,43.8926247],[79.7826549,43.8657745],[79.8001644,43.8607],[79.8202488,43.8613189],[79.8267719,43.8573581],[79.8401615,43.836931],[79.8607608,43.8321017],[79.8729488,43.8235567],[79.9026462,43.8309872],[79.9253055,43.8246714],[79.9271938,43.8205843],[79.9127742,43.8090646],[79.9148342,43.7995251],[79.9395534,43.8026225],[79.9474498,43.8059675],[79.9520847,43.819965],[79.9639293,43.819965],[79.9850437,43.8100556],[79.9857303,43.8011358],[79.9967166,43.7928341],[80.005643,43.7979144],[80.0013515,43.812657],[80.0101062,43.8153821],[80.0216075,43.8101795],[80.039117,43.8099317],[80.0416919,43.8065869],[80.0358554,43.7963036],[80.038602,43.7939494],[80.0677845,43.8036136],[80.0773975,43.7998968],[80.0773975,43.7907276],[80.0878688,43.7810612],[80.094907,43.7819288],[80.0969669,43.7977905],[80.10349,43.8013835],[80.115678,43.7980383],[80.1275226,43.7857707],[80.1349041,43.7839117],[80.148122,43.7871339],[80.1733562,43.8042331],[80.1874324,43.7966753],[80.1924106,43.7630876],[80.1963588,43.7603601],[80.2209064,43.7746161],[80.2288028,43.7720131],[80.2307367,43.7597072],[80.2682849,43.7576324],[80.2730915,43.7580044],[80.2736064,43.7696579],[80.2799579,43.7728808],[80.2893993,43.7746161],[80.3165218,43.7615999],[80.322015,43.7646992],[80.3187534,43.7741203],[80.3220492,43.7771639],[80.3420861,43.7724845],[80.3503391,43.7769711],[80.3839847,43.7777148],[80.3886196,43.7857707],[80.3946277,43.7880013],[80.4128238,43.785151],[80.4101552,43.7976694],[80.4224119,43.8040324],[80.4368564,43.8016313],[80.4419489,43.7926688],[80.4593654,43.7971579],[80.4734897,43.7943186],[80.4764336,43.7843967],[80.4849216,43.783416],[80.4887443,43.7923767],[80.4986134,43.7935845],[80.4996937,43.802208],[80.508367,43.8067866],[80.5058618,43.8169702],[80.521820248,43.824053377],[80.6856382,43.5797326],[80.7509765,43.4690373],[80.7564153,43.4481352],[80.7353162,43.4338434],[80.7350941,43.3931528],[80.7219215,43.3742923],[80.704865,43.3644738],[80.7048663,43.3528846],[80.6855187,43.3376298],[80.6831687,43.3286842],[80.6979859,43.3162288],[80.704664,43.31941],[80.7456284,43.3157667],[80.7521094,43.3188517],[80.7785317,43.311382],[80.7785874,43.3037888],[80.7709898,43.2902128],[80.7741171,43.2791717],[80.7697994,43.2777801],[80.765071,43.2670398],[80.7897822,43.2384584],[80.7826475,43.225948],[80.7827836,43.2154477],[80.7882846,43.2072786],[80.7860803,43.2019235],[80.7974285,43.184206],[80.8072807,43.1772719],[80.7953502,43.1715097],[80.7971833,43.1657807],[80.7921687,43.1603234],[80.7882923,43.1418183],[80.7813115,43.1378241],[80.7663423,43.1457999],[80.7434801,43.1469523],[80.7180576,43.133985],[80.7041827,43.1458328],[80.6750774,43.1432812],[80.6575262,43.1499439],[80.6420114,43.1453035],[80.6332246,43.1471058],[80.6269156,43.1403343],[80.6084425,43.142093],[80.6025,43.135172],[80.5910145,43.1385779],[80.5767246,43.1270152],[80.5730176,43.1193732],[80.5605277,43.1157374],[80.5567402,43.1032404],[80.5489411,43.0977091],[80.5368106,43.0992996],[80.5209875,43.0878783],[80.5091072,43.0847468],[80.5072896,43.0800602],[80.4833857,43.0698372],[80.4583596,43.0757131],[80.4085192,43.05736],[80.3978379,43.0450452],[80.3941781,43.0288496],[80.3808339,43.0224109],[80.39175,42.9979646],[80.414998,42.9856335],[80.4372688,42.9678422],[80.4853731,42.9447399],[80.5569318,42.9306378],[80.5701258,42.920284],[80.5914849,42.9135111],[80.5986582,42.9017755],[80.5955992,42.8972817],[80.5981696,42.8938065],[80.6016636,42.8956621],[80.6010006,42.8927988],[80.592778,42.891438],[80.582892,42.896369],[80.5801473,42.8905676],[80.574128,42.8959365],[80.5700841,42.8935934],[80.5764284,42.887782],[80.5538162,42.8868683],[80.5517237,42.8790521],[80.5435575,42.8865519],[80.5387923,42.8808038],[80.5290049,42.8832757],[80.5278903,42.8781113],[80.5149461,42.8780918],[80.5089593,42.8728985],[80.5096463,42.8779624],[80.50384,42.8811182],[80.4974304,42.8780084],[80.4986666,42.870375],[80.4870846,42.87318],[80.4805801,42.8676383],[80.47429,42.8691219],[80.4760199,42.8652744],[80.4716151,42.8622004],[80.4612885,42.8638224],[80.4605306,42.8554178],[80.4458984,42.8612554],[80.4428047,42.8564762],[80.4366276,42.8562118],[80.4390421,42.8525608],[80.4320407,42.8515804],[80.4253164,42.8560214],[80.4229454,42.8533061],[80.4273722,42.8500092],[80.4217533,42.8502495],[80.4233327,42.8451961],[80.4187942,42.8432705],[80.4243586,42.8414418],[80.4070726,42.8348441],[80.4103706,42.8316978],[80.4059652,42.8296341],[80.4057478,42.8329856],[80.3967126,42.8337524],[80.3913995,42.8393215],[80.3898806,42.8349728],[80.3839865,42.8353411],[80.3769064,42.828103],[80.3754238,42.8315202],[80.370861,42.8287465],[80.3714964,42.8320972],[80.364495,42.828245],[80.362383,42.835878],[80.3607673,42.832177],[80.3551093,42.8334374],[80.3575359,42.8285956],[80.3541108,42.8271044],[80.3360232,42.8308457],[80.3371245,42.8277258],[80.3310429,42.8246412],[80.3256934,42.8288886],[80.3344558,42.8359224],[80.3282048,42.8381101],[80.324701,42.8349994],[80.3221231,42.8390197],[80.3166345,42.8325853],[80.3060203,42.8380213],[80.3078902,42.8349817],[80.2949463,42.8340098],[80.2929009,42.8295986],[80.2907648,42.8359668],[80.2821597,42.8358514],[80.2824622,42.832035],[80.2773367,42.8379769],[80.2757028,42.8322081],[80.2599508,42.827599],[80.2647734,42.8254381],[80.261245,42.8240106],[80.2548147,42.7839593],[80.2229035,42.7127113],[80.2287662,42.6961001],[80.1920359,42.682632],[80.1767228,42.6713686],[80.1745768,42.6552593],[80.1619896,42.6303331],[80.1780193,42.6036175],[80.1824125,42.5809576],[80.220581,42.5329391],[80.2460131,42.5252712],[80.2585204,42.5162348],[80.2749777,42.5176184],[80.2674271,42.5047013],[80.2593964,42.500143],[80.242286,42.5054814],[80.2349961,42.4991542],[80.2351681,42.4910475],[80.2197326,42.4813844],[80.2168286,42.4726654],[80.2076229,42.4690296],[80.2080837,42.4585087],[80.2126574,42.4518153],[80.2102712,42.4365131],[80.2045022,42.4285447],[80.215198,42.4238109],[80.2144957,42.4130551],[80.2334373,42.4038541],[80.2274949,42.3978062],[80.2380095,42.3897973],[80.2379013,42.3807275],[80.2273194,42.3673177],[80.2265665,42.3584775],[80.2366933,42.3473696],[80.2376545,42.3403349],[80.2465428,42.34149],[80.263528,42.3283347],[80.2835529,42.3199785],[80.2601686,42.304471],[80.2594847,42.2928525],[80.2683129,42.2833901],[80.2795777,42.2812864],[80.2893285,42.2600836],[80.2803968,42.2476219],[80.2850578,42.2441474],[80.2836512,42.2354386],[80.2709764,42.2263561],[80.2479681,42.2188933],[80.228742,42.2174164],[80.2169582,42.2284482],[80.1991656,42.2290048],[80.1781752,42.220789],[80.1744037,42.2108441],[80.1180373,42.2762591],[80.140738,42.284972],[80.139202,42.290394],[80.106256,42.315685],[80.082613,42.321523],[80.079687,42.325441],[80.084918,42.333327],[80.081662,42.339383],[80.028173,42.343685],[80.018877,42.348167],[80.013026,42.359782],[80.002017,42.363373],[80.000317,42.37815],[79.98213,42.377598],[79.968244,42.402054],[79.971259,42.408927],[79.964233,42.421429],[79.967776,42.432224],[79.964108,42.436598],[79.954524,42.43324],[79.942612,42.438571],[79.924952,42.435232],[79.918979,42.442723],[79.899118,42.437204],[79.893891,42.440731],[79.868541,42.436909],[79.855805,42.445698],[79.82575,42.441591],[79.806773,42.448037],[79.787963,42.446318],[79.780629,42.453675],[79.771306,42.455987],[79.749387,42.452623],[79.748169,42.463964],[79.723057,42.470195],[79.706647,42.46922],[79.695511,42.479622],[79.673322,42.480098],[79.655216,42.475604],[79.644103,42.467956],[79.642694,42.456039],[79.637153,42.453974],[79.61439,42.458479],[79.597786,42.454297],[79.581865,42.459622],[79.560981,42.457401],[79.554959,42.461782],[79.548797,42.458085],[79.536804,42.461374],[79.526432,42.457296],[79.504877,42.459887],[79.491167,42.486365],[79.451583,42.500685],[79.449603,42.51155],[79.430007,42.516522],[79.422877,42.538178],[79.385254,42.561683],[79.377506,42.580054],[79.356944,42.595042],[79.3421959,42.6040631],[79.318969,42.6021593],[79.2985213,42.6201358],[79.2603156,42.6255852],[79.2050443,42.6681286],[79.1820147,42.6975423],[79.1821307,42.7064387],[79.173495,42.719025],[79.1701835,42.7324466],[79.1700054,42.7550192],[79.191954,42.78619],[79.1993719,42.8042231],[79.1069376,42.7810668],[79.0567431,42.775477],[79.0441527,42.7627762],[79.033891,42.7600254],[79.029209,42.762601],[79.022988,42.777168],[78.98653,42.776015],[78.967239,42.781852],[78.930488,42.774268],[78.90433,42.788304],[78.889953,42.789104],[78.865709,42.800704],[78.851893,42.794918],[78.829388,42.804795],[78.799584,42.809475],[78.786554,42.800598],[78.774359,42.815069],[78.739003,42.819507],[78.733626,42.814967],[78.726216,42.822583],[78.709549,42.826114],[78.694393,42.814727],[78.664153,42.814881],[78.646585,42.828325],[78.641886,42.842362],[78.625116,42.846411],[78.613007,42.854749],[78.588772,42.84749],[78.575398,42.86276],[78.542553,42.868827],[78.536943,42.881003],[78.521198,42.88893],[78.504768,42.891795],[78.495717,42.900345],[78.480956,42.892931],[78.464812,42.896432],[78.454815,42.886548],[78.44264,42.888099],[78.440777,42.883419],[78.430884,42.878797],[78.40891,42.877086],[78.39012,42.881029],[78.378657,42.889137],[78.370535,42.886981],[78.366466,42.875604],[78.369552,42.872489],[78.348808,42.854848],[78.272772,42.863475],[78.269768,42.869836],[78.257325,42.873511],[78.246834,42.871981],[78.239109,42.878713],[78.233262,42.87486],[78.223039,42.877018],[78.215498,42.86962],[78.197829,42.881989],[78.176982,42.873886],[78.179925,42.865907],[78.169604,42.859893],[78.159545,42.861486],[78.142092,42.857074],[78.123738,42.85987],[78.116667,42.864588],[78.10784,42.863351],[78.091759,42.849356],[78.067932,42.851612],[78.052662,42.847441],[78.034984,42.865238],[78.024395,42.86444],[78.002178,42.870654],[77.999513,42.861303],[77.968122,42.85082],[77.943135,42.859996],[77.942197,42.874247],[77.934015,42.881626],[77.911121,42.870732],[77.874056,42.888611],[77.849982,42.886893],[77.840742,42.881879],[77.82376,42.884439],[77.816694,42.887276],[77.810664,42.902335],[77.780651,42.914754],[77.762298,42.905743],[77.745986,42.909344],[77.73023,42.904507],[77.719427,42.909997],[77.710741,42.904577],[77.696993,42.903906],[77.687851,42.912237],[77.670445,42.917955],[77.656625,42.911315],[77.623355,42.919621],[77.613177,42.914125],[77.601984,42.917363],[77.581041,42.915514],[77.576036,42.924264],[77.55939,42.92899],[77.568832,42.935781],[77.55584,42.937272],[77.552523,42.941107],[77.526529,42.936292],[77.519922,42.929037],[77.485265,42.924637],[77.481122,42.925704],[77.476347,42.938194],[77.47156,42.939266],[77.455105,42.928596],[77.417552,42.927173],[77.350501,42.898513],[77.32255,42.913592],[77.31448,42.911916],[77.302013,42.916541],[77.296516,42.915131],[77.295503,42.907513],[77.270284,42.913685],[77.234786,42.911813],[77.223428,42.915011],[77.223235,42.927745],[77.211537,42.927317],[77.179907,42.946993],[77.161098,42.943078],[77.154789,42.945902],[77.151219,42.950213],[77.156519,42.955898],[77.15251,42.963644],[77.15674,42.969327],[77.1536,42.972661],[77.12389,42.9696],[77.116022,42.975349],[77.1026176,42.974541],[77.0843628,42.981017],[77.076731,42.976506],[77.063305,42.976815],[77.0607479,42.9652428],[77.053316,42.95639],[77.035094,42.947192],[77.033434,42.953712],[77.025462,42.953056],[77.013658,42.964176],[77.004469,42.98309],[76.993083,42.985354],[76.984132,42.981521],[76.973359,42.986802],[76.95726,42.978692],[76.940979,42.981693],[76.933574,42.970748],[76.917246,42.965857],[76.907507,42.972382],[76.89936,42.965505],[76.896004,42.970957],[76.882009,42.976389],[76.872757,42.970889],[76.84593,42.984124],[76.836789,42.983411],[76.833502,42.977904],[76.836594,42.969699],[76.822744,42.9550926],[76.801757,42.946927],[76.7804506,42.9565043],[76.7558759,42.9497741],[76.748745,42.942141],[76.75605,42.935478],[76.749231,42.921514],[76.708886,42.904153],[76.676053,42.909618],[76.661705,42.907742],[76.649862,42.91322],[76.62902,42.90581],[76.603487,42.916155],[76.594388,42.909008],[76.575247,42.906103],[76.570134,42.909439],[76.549522,42.909841],[76.522591,42.922249],[76.504227,42.918198],[76.503009,42.905918],[76.493071,42.903438],[76.48643,42.888854],[76.47828,42.884302],[76.462778,42.886507],[76.450505,42.882968],[76.439325,42.886544],[76.432869,42.878233],[76.420625,42.873761],[76.390493,42.875418],[76.371132,42.865927],[76.359879,42.867069],[76.343846,42.860756],[76.329015,42.863217],[76.323731,42.871486],[76.303927,42.874442],[76.299817,42.888113],[76.308979,42.900799],[76.302069,42.910942],[76.238678,42.921265],[76.219785,42.921523],[76.200932,42.91645],[76.194148,42.931117],[76.120994,42.922396],[76.098968,42.923689],[76.088178,42.918021],[76.072169,42.922089],[76.061779,42.916128],[76.044527,42.916286],[76.028275,42.911042],[76.006533,42.925856],[75.9491757,42.9330008],[75.9508745,42.9442068],[75.936452,42.955825],[75.925388,42.955506],[75.915907,42.949149],[75.895441,42.944442],[75.848007,42.942314],[75.835467,42.936756],[75.8129783,42.9425319],[75.8065391,42.9407612]],[[76.7395325,43.3129419],[76.7482164,43.3030906],[76.75456,43.3042791],[76.7541211,43.2969491],[76.7811015,43.2891773],[76.7853217,43.2816019],[76.7917689,43.2885629],[76.7980836,43.282452],[76.7996436,43.2743576],[76.7864276,43.2661532],[76.7921616,43.2607517],[76.7884264,43.2558641],[76.7934368,43.2503969],[76.7888004,43.2532617],[76.7757647,43.249541],[76.7858842,43.2322325],[76.7695545,43.2303662],[76.7725574,43.2214849],[76.7788108,43.2225258],[76.7806354,43.2182002],[76.7718805,43.2180343],[76.7786183,43.1997163],[76.782179,43.2016453],[76.7847638,43.196144],[76.7890889,43.1972744],[76.7912774,43.1900482],[76.7926141,43.175301],[76.7897623,43.1749932],[76.7931698,43.1673963],[76.7765437,43.1593275],[76.7980933,43.1546415],[76.7995769,43.1463668],[76.8084227,43.1465653],[76.8080701,43.1357373],[76.8356839,43.1338905],[76.8342411,43.123173],[76.8503102,43.122549],[76.852859,43.134832],[76.8627503,43.1304785],[76.8655097,43.1326253],[76.8704702,43.1266733],[76.8951548,43.1260948],[76.9006974,43.0839472],[76.9053525,43.0801478],[76.9370259,43.0850356],[76.9566014,43.0820632],[76.9623529,43.0778112],[76.9676087,43.0692645],[76.963719,43.0592343],[76.9367805,43.0443288],[76.9434791,43.0337707],[76.966515,43.0496182],[76.9854746,43.0433658],[76.9938034,43.0473392],[77.0299106,43.0431435],[77.0324279,43.038161],[77.0569448,43.0328438],[77.0771844,43.0340662],[77.089632,43.0709378],[77.0800349,43.1011416],[77.0800909,43.1153912],[77.0872858,43.1164914],[77.0917851,43.1121189],[77.0982087,43.1152142],[77.1137245,43.109935],[77.1212456,43.1174324],[77.1132327,43.1138609],[77.0923345,43.1279993],[77.0790786,43.132156],[77.0759393,43.1378717],[77.0629371,43.1449111],[77.0667539,43.1514115],[77.0602256,43.1600524],[77.070097,43.1650994],[77.0828308,43.1588657],[77.1008556,43.1581025],[77.109369,43.1510144],[77.1170726,43.1516426],[77.1222172,43.1668396],[77.134891,43.1665374],[77.1470137,43.1781582],[77.1459644,43.1896483],[77.1382218,43.1980925],[77.1196546,43.2040738],[77.1133787,43.1992613],[77.1139755,43.1815912],[77.1045222,43.1753027],[77.0986077,43.1760535],[77.0968506,43.183981],[77.0688096,43.1969272],[77.0523213,43.2264878],[77.0420975,43.2356187],[77.0394401,43.2340676],[77.0320673,43.2485961],[77.0256427,43.2496812],[77.0167799,43.2596142],[77.0046465,43.2626869],[77.0064044,43.2665562],[77.014948,43.2664051],[77.0121204,43.2804691],[77.0146462,43.2819765],[77.0101681,43.2904876],[77.0195695,43.292963],[77.0184314,43.2972835],[77.0407185,43.3101904],[77.0258345,43.3195984],[77.0412443,43.3376914],[77.0318552,43.3467596],[77.0473588,43.3486816],[77.044717,43.3531458],[77.0649222,43.3619588],[77.0747698,43.3694047],[77.1026501,43.3828669],[77.1023802,43.3841146],[77.0775775,43.3713476],[77.0678526,43.374439],[77.0448403,43.36295],[77.0115424,43.3597733],[77.0111611,43.3804072],[77.0161111,43.3860658],[77.0052393,43.3886565],[77.0074185,43.3921233],[77.0011479,43.3951103],[77.0027312,43.3991009],[76.9923046,43.3991866],[76.9860561,43.4036273],[76.9790867,43.3888964],[76.9654881,43.379811],[76.9412854,43.3812533],[76.9343166,43.3766685],[76.9291996,43.3798218],[76.92713,43.3746627],[76.9298628,43.3737153],[76.9168296,43.3576568],[76.8925928,43.3435496],[76.8903913,43.3362034],[76.880308,43.3278104],[76.8761996,43.3301324],[76.8807156,43.3346994],[76.8800051,43.3424122],[76.875197,43.3465285],[76.8657904,43.3468975],[76.8626306,43.3364176],[76.8571446,43.3332345],[76.8510374,43.3365154],[76.8558659,43.3427561],[76.847647,43.3514755],[76.8505272,43.3541014],[76.8133889,43.3546993],[76.8010148,43.3293718],[76.7908199,43.3293566],[76.7826597,43.3199019],[76.7723961,43.3167519],[76.7603077,43.3140048],[76.7536005,43.3179699],[76.7395325,43.3129419]],[[77.1314827,43.3612064],[77.1429329,43.3433197],[77.139461,43.3441135],[77.1370165,43.339316],[77.146237,43.3331004],[77.1667539,43.344844],[77.1605976,43.3588691],[77.1533178,43.3577874],[77.1422442,43.3662583],[77.1427524,43.3622055],[77.1316855,43.3671962],[77.1273405,43.3645316],[77.1314827,43.3612064]]],[[[77.554805,46.6373416],[77.554806028,46.63732001],[77.5498058,46.6437122],[77.554805,46.6373416]]],[[[80.0314011,44.9967228],[80.0314334,44.9967289],[80.031159,44.9966767],[80.0314011,44.9967228]]],[[[80.0450776,45.0019476],[80.0450816,45.0019431],[80.0449432,45.0020986],[80.0450776,45.0019476]]],[[[80.0498199,45.0203985],[80.0579309,45.0241296],[80.0617933,45.0360189],[80.0841951,45.0344419],[80.0937234,45.0274575],[80.0972747,45.0070811],[80.076221,45.0075743],[80.0567063,45.0141494],[80.0498199,45.0203985]]],[[[80.0891247,45.035256],[80.089176,45.035289],[80.0884898,45.0348466],[80.0891247,45.035256]]],[[[80.1390191,45.0569506],[80.1391562,45.0572408],[80.1388317,45.0565538],[80.1390191,45.0569506]]],[[[80.1636323,45.0418272],[80.163697,45.0418033],[80.163341,45.0419346],[80.1636323,45.0418272]]],[[[80.1818049,45.0417867],[80.1823241,45.0417302],[80.1812506,45.041847],[80.1818049,45.0417867]]],[[[80.1944372,44.755551],[80.1954116,44.7563138],[80.196822385,44.757868296],[80.1967845,44.7575616],[80.195457,44.7562964],[80.1944372,44.755551]]],[[[80.194898,44.7635384],[80.195777447,44.762829345],[80.194663487,44.763624067],[80.194898,44.7635384]]],[[[80.2040327,44.7421669],[80.2059826,44.7413564],[80.2093655,44.7386589],[80.2106252,44.7366619],[80.2182542,44.7322096],[80.2193038,44.730459],[80.237600272,44.720991749],[80.2204672,44.7291854],[80.2102927,44.7366025],[80.2040327,44.7421669]]],[[[80.2318818,45.0330392],[80.2320398,45.0330485],[80.2312107,45.0329995],[80.2318818,45.0330392]]],[[[80.241740075,44.721531167],[80.2426465,44.7216964],[80.2444194,44.7214528],[80.245115,44.7212566],[80.246203978,44.720536572],[80.241740075,44.721531167]]],[[[80.246481504,44.720446646],[80.2474417,44.7204029],[80.247805729,44.720108796],[80.2467501,44.7203631],[80.246481504,44.720446646]]],[[[80.249576986,44.71981911],[80.2534218,44.7192286],[80.25504768,44.718719632],[80.2533828,44.7188157],[80.249576986,44.71981911]]],[[[80.2565844,44.7189132],[80.2584591,44.719336],[80.269573,44.716269],[80.27552132,44.71342712],[80.2565844,44.7189132]]],[[[80.277092,44.713282714],[80.3121143,44.7038306],[80.3189606,44.6999354],[80.324035894,44.695719439],[80.3112125,44.7039444],[80.277092,44.713282714]]],[[[80.326087316,44.694798043],[80.3272899,44.6945609],[80.334497669,44.689794407],[80.3318293,44.6908568],[80.326087316,44.694798043]]],[[[80.33470759,44.68975738],[80.3362661,44.6897232],[80.3379318,44.6889998],[80.3439076,44.6803036],[80.350562869,44.665701798],[80.33470759,44.68975738]]],[[[80.346677,44.4819612],[80.346991,44.4831059],[80.3500262,44.4871008],[80.354763984,44.490719879],[80.346677,44.4819612]]],[[[80.348299589,44.480013292],[80.3487037,44.4799868],[80.348931184,44.478991045],[80.3486767,44.4795969],[80.348299589,44.480013292]]],[[[80.3488424,44.4771321],[80.3490034,44.4784829],[80.348993104,44.478585543],[80.3492063,44.4776601],[80.349012395,44.476257767],[80.3488424,44.4771321]]],[[[80.350647079,44.459126672],[80.3523125,44.4586759],[80.352736639,44.458244832],[80.350879,44.4589746],[80.350647079,44.459126672]]],[[[80.350732036,44.471926764],[80.35104629,44.471122689],[80.3508018,44.4715909],[80.350732036,44.471926764]]],[[[80.350826939,44.665530076],[80.3663691,44.6559982],[80.3685553,44.6543273],[80.368696792,44.653225501],[80.350826939,44.665530076]]],[[[80.351144057,44.470752573],[80.3513151,44.4698282],[80.351237181,44.469525149],[80.3511483,44.469811],[80.351144057,44.470752573]]],[[[80.354970909,44.456326335],[80.3556287,44.4560316],[80.356062536,44.455050512],[80.355577,44.4556626],[80.354970909,44.456326335]]],[[[80.3554591,44.4914512],[80.3593801,44.4938761],[80.361540384,44.495546895],[80.361262,44.4946777],[80.3554591,44.4914512]]],[[[80.357809714,44.45179919],[80.3578713,44.4517454],[80.357865703,44.451690231],[80.357841239,44.451737838],[80.357809714,44.45179919]]],[[[80.3618565,44.4962117],[80.362427,44.4969348],[80.362838,44.4972881],[80.3630476,44.4988281],[80.3632533,44.4995582],[80.3634383,44.4999012],[80.3650131,44.5019439],[80.3660334,44.5029394],[80.367455,44.5040362],[80.3678152,44.5044432],[80.367389192,44.505848798],[80.3682176,44.5041405],[80.3633226,44.4996712],[80.3632468,44.4974044],[80.3618565,44.4962117]]],[[[80.36452622,44.442932112],[80.3668589,44.4412091],[80.366524401,44.439529319],[80.3661779,44.4408735],[80.36452622,44.442932112]]],[[[80.3668618,44.4357028],[80.367009504,44.436443132],[80.368044204,44.433658279],[80.367044,44.4351099],[80.3668618,44.4357028]]],[[[80.366889,44.4378358],[80.3669918,44.4374411],[80.366979077,44.437085115],[80.3668407,44.4376555],[80.366889,44.4378358]]],[[[80.3673557,44.5062404],[80.3677047,44.5076912],[80.3701417,44.5114303],[80.370674533,44.513308224],[80.3694656,44.5088341],[80.3673557,44.5062404]]],[[[80.3676721,44.5246541],[80.3679039,44.5253213],[80.368472949,44.525898935],[80.367805795,44.523543799],[80.3676721,44.5246541]]],[[[80.3687332,44.5216931],[80.3694555,44.5207725],[80.369429875,44.519566618],[80.368579076,44.521733957],[80.3687332,44.5216931]]],[[[80.3687372,44.4299322],[80.3715193,44.4258745],[80.3722472,44.4221087],[80.370723948,44.418440412],[80.3687372,44.4299322]]],[[[80.3693855,44.652851],[80.3828035,44.6409135],[80.3831055,44.6366012],[80.3873236,44.634685],[80.390561159,44.631357562],[80.3838483,44.6354735],[80.3693855,44.652851]]],[[[80.36945991,44.51946997],[80.3699802,44.5185539],[80.369708365,44.517662922],[80.369684,44.5188879],[80.36945991,44.51946997]]],[[[80.370349,44.5318861],[80.3710044,44.5329426],[80.3737088,44.5341543],[80.376901735,44.537439868],[80.370967475,44.52961272],[80.370349,44.5318861]]],[[[80.3707333,44.5277397],[80.3708921,44.5281815],[80.370976559,44.529262962],[80.3713933,44.527936],[80.3707333,44.5277397]]],[[[80.370744228,44.418198896],[80.370759724,44.418141905],[80.3707472,44.4181635],[80.370744228,44.418198896]]],[[[80.371047165,44.417646259],[80.3736277,44.4159341],[80.3771084,44.4113335],[80.377083508,44.410870267],[80.371047165,44.417646259]]],[[[80.3769935,44.5411285],[80.3770986,44.541894],[80.3770536,44.5425777],[80.3771018,44.5427759],[80.37877284,44.545615913],[80.3769935,44.5411285]]],[[[80.3778147,44.4064585],[80.377840075,44.406732053],[80.377879476,44.405664267],[80.3778083,44.4058825],[80.3778147,44.4064585]]],[[[80.3780422,44.3956339],[80.3781121,44.3961382],[80.378326447,44.396753758],[80.378368007,44.394863134],[80.3780422,44.3956339]]],[[[80.378286309,44.404029011],[80.3785855,44.4034627],[80.378559517,44.40244707],[80.3782873,44.4033204],[80.378286309,44.404029011]]],[[[80.3786588,44.3907328],[80.378833973,44.392195132],[80.382594471,44.379340881],[80.3787957,44.386081],[80.3786588,44.3907328]]],[[[80.3794575,44.5496279],[80.3796173,44.5523555],[80.380221984,44.553562958],[80.38109,44.5504139],[80.379540958,44.547528333],[80.3794575,44.5496279]]],[[[80.3824427,44.5553135],[80.3853761,44.5576151],[80.3856458,44.5583004],[80.3848074,44.5602217],[80.3848048,44.5616615],[80.3873096,44.563516376],[80.3861441,44.5576144],[80.3824427,44.5553135]]],[[[80.3832307,44.3784736],[80.3839936,44.3776534],[80.3845145,44.3756619],[80.3846119,44.3749608],[80.38482237,44.37433224],[80.3832307,44.3784736]]],[[[80.3840293,44.3704599],[80.38469868,44.371437051],[80.384843033,44.366094392],[80.3847122,44.3687448],[80.3840293,44.3704599]]],[[[80.3842382,44.3637116],[80.384483691,44.364445512],[80.38507177,44.360590396],[80.3845123,44.3615082],[80.3842382,44.3637116]]],[[[80.3854925,44.3517761],[80.3864445,44.3554711],[80.38596363,44.357576898],[80.3865093,44.355538],[80.3865727,44.3510084],[80.386057093,44.349097861],[80.3854925,44.3517761]]],[[[80.386106003,44.348869747],[80.387377,44.3476295],[80.387418561,44.344717207],[80.3867449,44.3459513],[80.386106003,44.348869747]]],[[[80.3872474,44.3422732],[80.387291948,44.342572594],[80.387800725,44.340873555],[80.387291,44.3417064],[80.3872474,44.3422732]]],[[[80.3878839,44.3389648],[80.387955346,44.339537604],[80.3894424,44.3373449],[80.3902561,44.3348934],[80.39098188,44.329474678],[80.3878839,44.3389648]]],[[[80.3902101,44.5647502],[80.390598,44.5649772],[80.390847452,44.565149815],[80.3904119,44.5647608],[80.3902101,44.5647502]]],[[[80.3906606,44.3227174],[80.3925165,44.3203318],[80.392574239,44.312095535],[80.3913893,44.3140818],[80.3906606,44.3227174]]],[[[80.3908105,44.5904453],[80.3927418,44.5885258],[80.392671883,44.586794527],[80.3910474,44.5894656],[80.3908105,44.5904453]]],[[[80.391283654,44.631119371],[80.3934642,44.6306572],[80.395386084,44.629239107],[80.3926819,44.6307425],[80.391283654,44.631119371]]],[[[80.3916512,44.5762405],[80.3935985,44.5827031],[80.3926193,44.5848396],[80.392763558,44.586435854],[80.3940627,44.5829696],[80.3920227,44.5761981],[80.3929064,44.5720851],[80.3923304,44.5710214],[80.3935553,44.5673285],[80.392317355,44.566406141],[80.3916512,44.5762405]]],[[[80.3933295,44.5928254],[80.3944526,44.5938212],[80.396455938,44.594029725],[80.3949869,44.5931241],[80.3933295,44.5928254]]],[[[80.393666136,44.310711278],[80.3942942,44.3104749],[80.3948964,44.3100507],[80.394912445,44.309998523],[80.393666136,44.310711278]]],[[[80.3947815,44.3084302],[80.3950067,44.309692023],[80.4053927,44.2930092],[80.404784064,44.263370156],[80.4034839,44.2906663],[80.3947815,44.3084302]]],[[[80.395385,44.117655],[80.399934,44.1279906],[80.40061365,44.131108607],[80.4016484,44.129226],[80.395385,44.117655]]],[[[80.397343,44.2027009],[80.4003666,44.2124567],[80.397864767,44.185286036],[80.3955996,44.1942784],[80.397343,44.2027009]]],[[[80.395737009,44.629110208],[80.3971586,44.6288113],[80.3983793,44.6263191],[80.3989508,44.620883],[80.4018694,44.6201197],[80.402029597,44.619642568],[80.3990359,44.6207154],[80.3984384,44.6212342],[80.395737009,44.629110208]]],[[[80.396164405,44.110764529],[80.4159784,44.0975994],[80.4451732,44.0743956],[80.4450375,44.0730164],[80.396164405,44.110764529]]],[[[80.3966661,44.5941119],[80.3976455,44.5944051],[80.3998698,44.5973144],[80.401126704,44.598117394],[80.3992583,44.5949485],[80.3982324,44.5942042],[80.3966661,44.5941119]]],[[[80.398436305,44.181437374],[80.3985517,44.1811572],[80.398489174,44.180971452],[80.39847238,44.181119455],[80.398436305,44.181437374]]],[[[80.398514166,44.180751213],[80.3987852,44.1806236],[80.398623936,44.179783842],[80.398514166,44.180751213]]],[[[80.3987601,44.1787302],[80.3989544,44.1781278],[80.39882821,44.177983646],[80.3987381,44.178777757],[80.3987601,44.1787302]]],[[[80.399215448,44.172601034],[80.4052995,44.1489385],[80.401505042,44.13519802],[80.4028523,44.152317],[80.399215448,44.172601034]]],[[[80.4005188,44.2128871],[80.4013181,44.2265236],[80.40382677,44.237385349],[80.4044845,44.2324488],[80.4005188,44.2128871]]],[[[80.400942544,44.132617463],[80.401099229,44.133336284],[80.40074801,44.131725008],[80.400942544,44.132617463]]],[[[80.4030115,44.6187423],[80.4044787,44.6181626],[80.405306035,44.615407029],[80.4041568,44.6164948],[80.4030115,44.6187423]]],[[[80.4034344,44.5997448],[80.4062562,44.6020986],[80.409100781,44.606936328],[80.4066541,44.6019518],[80.4034344,44.5997448]]],[[[80.408813658,44.610968226],[80.4106683,44.6097812],[80.4106885,44.6086731],[80.409409133,44.607411181],[80.408813658,44.610968226]]],[[[80.444287694,44.067916811],[80.445618,44.0675115],[80.4459031,44.0662279],[80.445072056,44.063256932],[80.444287694,44.067916811]]],[[[80.4456086,44.0602413],[80.4468658,44.0625348],[80.447778334,44.056108241],[80.4462405,44.0567165],[80.4456086,44.0602413]]],[[[80.4466268,44.0099103],[80.4485634,44.0121967],[80.4492985,44.0122632],[80.45096419,44.011849794],[80.4466268,44.0099103]]],[[[80.447691223,44.008120222],[80.44774,44.0081178],[80.447743455,44.008113527],[80.4477159,44.0081156],[80.447691223,44.008120222]]],[[[80.4481099,44.0502817],[80.4493678,44.0518808],[80.4507362,44.0523373],[80.4500539,44.053252],[80.4507739,44.0557343],[80.4481099,44.0502817]]],[[[80.4482395,44.0363326],[80.450116,44.036892],[80.44883488,44.033753773],[80.4484725,44.0340838],[80.4482395,44.0363326]]],[[[80.4486904,44.0562964],[80.449014245,44.05770191],[80.4496499,44.0575397],[80.449234708,44.05587608],[80.4486904,44.0562964]]],[[[80.4487928,44.0078995],[80.449415,44.0075335],[80.449535774,44.007402833],[80.4491176,44.0075554],[80.4487928,44.0078995]]],[[[80.4491091,44.0152052],[80.450759612,44.016603566],[80.4512356,44.0164014],[80.449730269,44.014393249],[80.4491091,44.0152052]]],[[[80.4492395,44.0401534],[80.4503313,44.0408157],[80.4523684,44.0405588],[80.4519769,44.0401454],[80.4492395,44.0401534]]],[[[80.4493022,43.9970083],[80.449609,43.9975318],[80.450276852,43.997696326],[80.449911498,43.996402733],[80.4493022,43.9970083]]],[[[80.4492544,44.0049101],[80.4505186,44.0057262],[80.4509192,44.0073189],[80.4508119,44.0057441],[80.4492544,44.0049101]]],[[[80.44942,44.0422152],[80.4504216,44.043192],[80.4535885,44.0434233],[80.4534541,44.0444666],[80.4554805,44.0453473],[80.4530985,44.0427206],[80.44942,44.0422152]]],[[[80.4496118,44.0013209],[80.4516687,44.0019664],[80.451309911,43.999980762],[80.4497078,44.0003764],[80.4496118,44.0013209]]],[[[80.4497442,44.0381939],[80.453745744,44.039656919],[80.453921,44.0392892],[80.4526017,44.0383123],[80.4497442,44.0381939]]],[[[80.4502046,43.9910998],[80.452233255,43.991330152],[80.4527092,43.9909546],[80.451075959,43.990239202],[80.4502046,43.9910998]]],[[[80.4504227,44.0268934],[80.4519601,44.0292497],[80.4582597,44.0305641],[80.4577831,44.028293],[80.4504227,44.0268934]]],[[[80.4507055,43.9976001],[80.4516026,43.9976584],[80.4519633,43.9991001],[80.454184,44.0002502],[80.4517461,43.9975907],[80.4507055,43.9976001]]],[[[80.4504189,44.0192165],[80.4520107,44.0197101],[80.45220659,44.019408777],[80.450640962,44.018697174],[80.4504189,44.0192165]]],[[[80.450374,44.0173263],[80.4509197,44.0176529],[80.4511558,44.0181674],[80.4510903,44.0173481],[80.450374,44.0173263]]],[[[80.45041,44.0484839],[80.4505935,44.0488807],[80.451075096,44.04876663],[80.450765472,44.047788238],[80.45041,44.0484839]]],[[[80.4506895,44.0223227],[80.4516025,44.0233981],[80.4520521,44.0233373],[80.4523653,44.0231768],[80.4506895,44.0223227]]],[[[80.4506542,43.9950529],[80.451336,43.9954702],[80.4514721,43.9961967],[80.451272409,43.994550478],[80.4506542,43.9950529]]],[[[80.4519609,44.0033151],[80.4513095,44.0029205],[80.450736076,44.00301829],[80.4514895,44.003924412],[80.4519609,44.0033151]]],[[[80.4511946,44.0135413],[80.4521552,44.0146446],[80.4537865,44.0138016],[80.4523817,44.0114174],[80.4511946,44.0135413]]],[[[80.4512935,43.989269],[80.451272488,43.990192921],[80.4520782,43.9900125],[80.452014983,43.989038526],[80.4512935,43.989269]]],[[[80.4514064,44.0486867],[80.451758083,44.050171698],[80.453462,44.0490914],[80.4523713,44.048508],[80.4514064,44.0486867]]],[[[80.4551285,44.0197413],[80.4541322,44.0180266],[80.4524213,44.017626],[80.451776,44.0178479],[80.4551285,44.0197413]]],[[[80.4518811,43.9917828],[80.4533719,43.992339],[80.4534594,43.9936804],[80.454667699,43.994192911],[80.453813,43.9922724],[80.4518811,43.9917828]]],[[[80.4522909,43.9851879],[80.455071256,43.987158624],[80.4564628,43.9856819],[80.452806543,43.9844651],[80.4522909,43.9851879]]],[[[80.4527315,44.0240515],[80.453997683,44.026469197],[80.4553199,44.0261821],[80.453339954,44.022958533],[80.4527315,44.0240515]]],[[[80.4558478,44.0228902],[80.45437,44.0217267],[80.4527243,44.0222213],[80.45422,44.0222227],[80.4558478,44.0228902]]],[[[80.452990855,43.994893574],[80.4535811,43.9948561],[80.454002825,43.994669764],[80.4530992,43.9948846],[80.452990855,43.994893574]]],[[[80.4530156,44.034418],[80.453018137,44.034427171],[80.453167969,44.034214499],[80.4530955,44.0342733],[80.4530156,44.034418]]],[[[80.4530502,44.000708126],[80.4530666,44.0007108],[80.45307686,44.000693476],[80.4530586,44.0006985],[80.4530502,44.000708126]]],[[[80.453679,44.0469963],[80.4540516,44.0466695],[80.454386418,44.046184726],[80.453255884,44.04718326],[80.453679,44.0469963]]],[[[80.4534015,44.0312096],[80.455047756,44.034872426],[80.4557031,44.0346398],[80.4556336,44.0323651],[80.4534015,44.0312096]]],[[[80.453543105,44.021237892],[80.4538335,44.0210311],[80.45404634,44.020530465],[80.4535971,44.0207887],[80.453543105,44.021237892]]],[[[80.4536371,43.9891585],[80.454536,43.9891579],[80.4549949,43.9888082],[80.454769596,43.987305766],[80.4536371,43.9891585]]],[[[80.454305193,43.984105183],[80.4548385,43.9837357],[80.455061811,43.981817211],[80.4546369,43.9821752],[80.454305193,43.984105183]]],[[[80.454908,43.9797915],[80.458006908,43.980905387],[80.458725,43.9799289],[80.455591385,43.978489764],[80.454908,43.9797915]]],[[[80.4559578,43.9753866],[80.4575803,43.9764923],[80.461904,43.9774318],[80.4614898,43.9763234],[80.4559578,43.9753866]]],[[[80.4564893,43.981329],[80.456964932,43.982107082],[80.4573313,43.9818677],[80.456848561,43.981143453],[80.4564893,43.981329]]],[[[80.457634289,43.974732238],[80.457975,43.9746339],[80.457860957,43.974290817],[80.4577622,43.9743062],[80.457634289,43.974732238]]],[[[80.4580387,43.9786754],[80.4584862,43.978332],[80.458649781,43.977786405],[80.4583517,43.9779989],[80.4580387,43.9786754]]],[[[80.461556,43.9737212],[80.462140772,43.975325865],[80.4634491,43.974312],[80.461806675,43.973140859],[80.461556,43.9737212]]],[[[80.4626069,43.9718901],[80.4633299,43.972805],[80.46405,43.9725382],[80.463081858,43.971433347],[80.4626069,43.9718901]]],[[[80.4646347,43.9695057],[80.466153754,43.970323284],[80.466606,43.9699062],[80.464887645,43.969030222],[80.4646347,43.9695057]]],[[[80.468098539,43.968724586],[80.4681752,43.9686566],[80.468198613,43.968595253],[80.4681691,43.9686223],[80.468098539,43.968724586]]],[[[80.4709536,43.9692433],[80.4715553,43.9692161],[80.471366641,43.968097086],[80.4710125,43.9683655],[80.4709536,43.9692433]]],[[[80.471776,43.9370673],[80.4721357,43.937231],[80.472606289,43.937218833],[80.472204467,43.936485648],[80.471776,43.9370673]]],[[[80.472274681,43.936440316],[80.4724618,43.9363951],[80.472478883,43.936382167],[80.4723173,43.9364128],[80.472274681,43.936440316]]],[[[80.4724613,43.9398425],[80.4727706,43.9400779],[80.473195528,43.939938672],[80.473229895,43.937895957],[80.4724613,43.9398425]]],[[[80.4731475,43.9674743],[80.4746307,43.9661108],[80.474350771,43.965414966],[80.4740456,43.9663725],[80.4731475,43.9674743]]],[[[80.4732679,43.9458221],[80.4743172,43.946898],[80.474907719,43.946813062],[80.473771034,43.945317724],[80.4732679,43.9458221]]],[[[80.4733133,43.9420964],[80.4733619,43.9422316],[80.473426411,43.942250065],[80.473916558,43.941570625],[80.4733133,43.9420964]]],[[[80.4734133,43.9632016],[80.475352909,43.963663634],[80.4759832,43.9635328],[80.473461275,43.962759897],[80.4734133,43.9632016]]],[[[80.473527267,43.9626396],[80.4751264,43.96104],[80.47528396,43.960235973],[80.4749469,43.9602567],[80.473527267,43.9626396]]],[[[80.474012391,43.936618426],[80.4744211,43.9365279],[80.474470706,43.93588861],[80.4743106,43.93635],[80.474012391,43.936618426]]],[[[80.4740816,43.9397149],[80.474297467,43.941384597],[80.4749756,43.9413157],[80.4748701,43.939846],[80.4740816,43.9397149]]],[[[80.4741246,43.9348462],[80.474716739,43.935793145],[80.4755231,43.9356316],[80.474669693,43.934276142],[80.4741246,43.9348462]]],[[[80.4740884,43.9643477],[80.475072045,43.965085875],[80.4756588,43.9649269],[80.474403856,43.963992088],[80.4740884,43.9643477]]],[[[80.474148659,43.942284182],[80.474501767,43.942277022],[80.474677457,43.94227346],[80.4743783,43.9422493],[80.474148659,43.942284182]]],[[[80.474237822,43.945215178],[80.4745909,43.9452545],[80.4764921,43.9447648],[80.4767135,43.9444607],[80.4755566,43.9422341],[80.474237822,43.945215178]]],[[[80.4759666,43.9343495],[80.476343,43.9337756],[80.476180229,43.933472611],[80.4761262,43.9337728],[80.4759666,43.9343495]]],[[[80.475984,43.9471666],[80.4773428,43.9484689],[80.479584,43.9488908],[80.4769093,43.945965],[80.475984,43.9471666]]],[[[80.476399494,43.933068609],[80.4776343,43.9320712],[80.478100149,43.931106964],[80.4773093,43.9322153],[80.476399494,43.933068609]]],[[[80.4766697,43.9527767],[80.4791457,43.9508904],[80.478084652,43.949311082],[80.4783396,43.9512814],[80.4766697,43.9527767]]],[[[80.4768971,43.9595097],[80.478799818,43.961514258],[80.4801129,43.9603016],[80.477669528,43.958503916],[80.4768971,43.9595097]]],[[[80.4787431,43.9550002],[80.4796885,43.9551665],[80.479971954,43.955124448],[80.479751487,43.953795543],[80.4787431,43.9550002]]],[[[80.4790144,43.9306873],[80.4793692,43.9304546],[80.479529916,43.930254919],[80.478843117,43.930639793],[80.4790144,43.9306873]]],[[[80.4793353,43.9570909],[80.48047056,43.95843952],[80.4809129,43.9583837],[80.479927807,43.956532697],[80.4793353,43.9570909]]],[[[80.4807324,43.9537474],[80.4813032,43.9530782],[80.479550302,43.952402809],[80.4807761,43.9532995],[80.4807324,43.9537474]]],[[[80.4830903,43.9565528],[80.4837555,43.9558401],[80.4838549,43.955292],[80.4832838,43.9545988],[80.48159442,43.954295996],[80.4830903,43.9565528]]],[[[80.482077629,43.95687939],[80.4822376,43.956883],[80.482420803,43.956771347],[80.4821781,43.9568339],[80.482077629,43.95687939]]],[[[80.482200736,43.930308672],[80.4824075,43.9302011],[80.4825662,43.929934286],[80.4823344,43.9300422],[80.482200736,43.930308672]]],[[[80.4836645,43.9274473],[80.484804651,43.928470244],[80.4850215,43.9283967],[80.485022,43.9277935],[80.4836645,43.9274473]]],[[[80.483818976,43.929737634],[80.4840688,43.9296723],[80.484452289,43.928878682],[80.4839478,43.9292396],[80.483818976,43.929737634]]],[[[80.4851089,43.9260048],[80.48524564,43.926511944],[80.4855399,43.9264149],[80.485548301,43.925619834],[80.4851089,43.9260048]]],[[[80.487592,43.925413],[80.4886872,43.9262624],[80.488162975,43.923760664],[80.4877152,43.9241176],[80.487592,43.925413]]],[[[80.4879577,43.9205187],[80.489853802,43.921284213],[80.4901408,43.9211054],[80.4897765,43.920614],[80.4879577,43.9205187]]],[[[80.4883985,43.9228426],[80.4890286,43.9233404],[80.4888698,43.9220603],[80.4885425,43.9220243],[80.4883985,43.9228426]]],[[[80.4887277,43.9192981],[80.488949561,43.920008312],[80.4890834,43.9200136],[80.488776464,43.918892869],[80.4887277,43.9192981]]],[[[80.489412573,43.918496124],[80.4897415,43.9184101],[80.489649109,43.918010955],[80.489571,43.9182309],[80.489412573,43.918496124]]],[[[80.489663034,43.917971745],[80.489807593,43.917786254],[80.4897487,43.9178357],[80.489663034,43.917971745]]],[[[80.4905918,43.9153375],[80.4918304,43.916081],[80.491076223,43.917536379],[80.4912715,43.9176211],[80.4923744,43.9156043],[80.4905918,43.9153375]]],[[[80.490981567,43.914611763],[80.490986423,43.914609551],[80.4909839,43.9146102],[80.490981567,43.914611763]]],[[[80.4954905,43.9152126],[80.4957683,43.9153138],[80.495915709,43.915267373],[80.495457354,43.915040712],[80.4954905,43.9152126]]],[[[80.4972579,43.9145043],[80.4974832,43.9143342],[80.497488411,43.914327323],[80.497204613,43.914508055],[80.4972579,43.9145043]]],[[[80.498314982,43.913346534],[80.498345488,43.913258946],[80.4983152,43.9133198],[80.498314982,43.913346534]]],[[[80.4996848,43.9118138],[80.5003429,43.912271],[80.500591235,43.910917527],[80.5003513,43.9110157],[80.4996848,43.9118138]]],[[[80.501717766,43.910646984],[80.5022626,43.9104045],[80.502242814,43.90994186],[80.5019782,43.9100236],[80.501717766,43.910646984]]],[[[80.5031923,43.9092279],[80.503252395,43.909606551],[80.5036239,43.9096247],[80.503467045,43.90908387],[80.5031923,43.9092279]]],[[[80.504399,43.874871],[80.5046962,43.8750433],[80.5052181,43.8751176],[80.5059888,43.8751929],[80.506297283,43.875138227],[80.504399,43.874871]]],[[[80.5045929,43.908766],[80.5051806,43.9082569],[80.505029007,43.907779837],[80.5046088,43.908046],[80.5045929,43.908766]]],[[[80.5050402,43.9070669],[80.505204126,43.907578986],[80.5057723,43.9073484],[80.505493638,43.906793153],[80.5050402,43.9070669]]],[[[80.5056099,43.8773873],[80.5069077,43.8784189],[80.507399241,43.878348636],[80.505707712,43.876878851],[80.5056099,43.8773873]]],[[[80.5057487,43.8726449],[80.505973413,43.873907287],[80.5064624,43.8737807],[80.5069077,43.8728893],[80.5057487,43.8726449]]],[[[80.505973693,43.906503258],[80.5063688,43.9062513],[80.506270162,43.906030657],[80.5061183,43.9061536],[80.505973693,43.906503258]]],[[[80.5060939,43.8700094],[80.5068808,43.8711378],[80.507413001,43.871105794],[80.507063,43.8700844],[80.5060939,43.8700094]]],[[[80.506132,43.8696991],[80.5065975,43.8696104],[80.506769825,43.869263274],[80.5064098,43.8694257],[80.506132,43.8696991]]],[[[80.5064431,43.8761132],[80.506596568,43.875883071],[80.50625424,43.876227631],[80.5064431,43.8761132]]],[[[80.5065907,43.8806406],[80.5083048,43.881008],[80.508597615,43.880935126],[80.5075933,43.8803193],[80.5065907,43.8806406]]],[[[80.5067786,43.8744674],[80.5075617,43.8745517],[80.5083805,43.8757527],[80.5079073,43.8742383],[80.5067786,43.8744674]]],[[[80.5070128,43.8792564],[80.5070851,43.8795357],[80.507103749,43.87983155],[80.5074406,43.8792799],[80.5070128,43.8792564]]],[[[80.5071637,43.868511],[80.507643792,43.869133291],[80.5077693,43.8690298],[80.507324517,43.868219172],[80.5071637,43.868511]]],[[[80.5073555,43.9067842],[80.5074491,43.9070242],[80.5076856,43.9071683],[80.5089931,43.9068521],[80.509015307,43.904830155],[80.5073555,43.9067842]]],[[[80.5074601,43.8717883],[80.508692044,43.873306195],[80.5091384,43.8733188],[80.5084598,43.872211],[80.5074601,43.8717883]]],[[[80.5078858,43.8780007],[80.507848447,43.878111339],[80.508322872,43.87792291],[80.5080813,43.8779371],[80.5078858,43.8780007]]],[[[80.5092613,43.8697365],[80.5079015,43.870578],[80.5103895,43.8715329],[80.51072,43.8704419],[80.5092613,43.8697365]]],[[[80.5101463,43.8792051],[80.5103692,43.8789548],[80.5093129,43.8776946],[80.508352093,43.877921193],[80.5101463,43.8792051]]],[[[80.5086965,43.9014308],[80.509069,43.9030524],[80.5099617,43.9034882],[80.5098253,43.9043899],[80.5104747,43.9033176],[80.5086965,43.9014308]]],[[[80.5089094,43.8891827],[80.5105094,43.8899441],[80.5110528,43.8894257],[80.509118253,43.888938739],[80.5089094,43.8891827]]],[[[80.5090977,43.8662963],[80.510175,43.866904],[80.5105354,43.8669415],[80.509125336,43.866105913],[80.5090977,43.8662963]]],[[[80.5109168,43.8803926],[80.5102951,43.8797309],[80.5100138,43.8798272],[80.5098955,43.8800088],[80.5095255,43.8801371],[80.509135753,43.880466205],[80.5109168,43.8803926]]],[[[80.5094344,43.8904179],[80.5101497,43.891204],[80.5100434,43.8920226],[80.510211295,43.892113181],[80.510452,43.8911764],[80.5094344,43.8904179]]],[[[80.509544457,43.865778114],[80.5096,43.8657701],[80.509635276,43.86568511],[80.5095874,43.8657494],[80.509544457,43.865778114]]],[[[80.5108872,43.8923232],[80.5115194,43.8926319],[80.511834,43.8937808],[80.5118302,43.8923772],[80.5108872,43.8923232]]],[[[80.510482746,43.865069591],[80.5107831,43.8649843],[80.510843102,43.864606444],[80.5106661,43.864656],[80.510482746,43.865069591]]],[[[80.5128367,43.8681033],[80.5128197,43.866102],[80.5107172,43.8659267],[80.5125669,43.8664732],[80.5128367,43.8681033]]],[[[80.5108587,43.8684729],[80.5110393,43.8692117],[80.510935701,43.869412287],[80.511318,43.869011],[80.51132826,43.868066154],[80.5108587,43.8684729]]],[[[80.5110447,43.8943669],[80.5111212,43.8956632],[80.511700505,43.896343882],[80.5115081,43.8948126],[80.5110447,43.8943669]]],[[[80.5110696,43.8837289],[80.5117479,43.8844788],[80.511408915,43.885710236],[80.5120843,43.8842555],[80.5110696,43.8837289]]],[[[80.5110737,43.886267],[80.511380017,43.886835985],[80.5117497,43.8866872],[80.511304155,43.885947218],[80.5110737,43.886267]]],[[[80.5119394,43.8810217],[80.5117173,43.8805203],[80.511173767,43.880848025],[80.511566101,43.88162199],[80.5119394,43.8810217]]],[[[80.5112003,43.8875275],[80.511324319,43.88840106],[80.5115357,43.8884043],[80.5116965,43.8874394],[80.5112003,43.8875275]]],[[[80.5115458,43.881805],[80.511582112,43.88182361],[80.511546156,43.881759211],[80.5115458,43.881805]]],[[[80.5121545,43.8819246],[80.5125743,43.8823224],[80.5122238,43.883362],[80.5128744,43.8825621],[80.5121545,43.8819246]]],[[[80.5137077,43.8658732],[80.5141578,43.8656669],[80.514335492,43.865319827],[80.513479848,43.865936291],[80.5137077,43.8658732]]],[[[80.5144119,43.8644651],[80.514468321,43.864971876],[80.5147548,43.864845],[80.514546499,43.86408764],[80.5144119,43.8644651]]],[[[80.5150993,43.8594729],[80.5154682,43.8599875],[80.5170496,43.8597782],[80.5193515,43.8613346],[80.5173027,43.8596065],[80.5150993,43.8594729]]],[[[80.5156681,43.8583504],[80.516459329,43.859053077],[80.5167546,43.8589011],[80.515868297,43.85804524],[80.5156681,43.8583504]]],[[[80.5174067,43.8617598],[80.5180444,43.8628875],[80.518048144,43.863513674],[80.518058818,43.861482164],[80.5174067,43.8617598]]],[[[80.5188615,43.8591501],[80.5191682,43.85903],[80.519594923,43.858721933],[80.51861259,43.859137211],[80.5188615,43.8591501]]],[[[80.5189602,43.8542153],[80.520332957,43.855128356],[80.5207623,43.8548922],[80.519303946,43.853642325],[80.5189602,43.8542153]]],[[[80.5195085,43.8417164],[80.520994308,43.842497345],[80.5213093,43.8423535],[80.520054531,43.841385499],[80.5195085,43.8417164]]],[[[80.519924,43.8585758],[80.520080701,43.858427639],[80.519638103,43.858697239],[80.519924,43.8585758]]],[[[80.5198301,43.855839],[80.5210957,43.8562223],[80.520577321,43.858013775],[80.5212911,43.8560961],[80.5198301,43.855839]]],[[[80.5202812,43.8399466],[80.520317686,43.841207262],[80.5207093,43.8411715],[80.520883609,43.838997922],[80.5202812,43.8399466]]],[[[80.5203006,43.8499099],[80.5215379,43.8506981],[80.520693717,43.853137253],[80.5219244,43.8505658],[80.5203006,43.8499099]]],[[[80.5203528,43.8480651],[80.521068,43.8488241],[80.520466837,43.84961206],[80.5212422,43.8489102],[80.5213043,43.8483252],[80.5203528,43.8480651]]],[[[80.5205416,43.8431338],[80.5210625,43.843298],[80.521384513,43.843596708],[80.520757351,43.842817106],[80.5205416,43.8431338]]],[[[80.5205743,43.846806],[80.5227573,43.8450042],[80.522122291,43.844024201],[80.5207732,43.8452678],[80.5205743,43.846806]]],[[[80.5207719,43.8376807],[80.521793842,43.83841754],[80.5225053,43.8382162],[80.520778444,43.836877344],[80.5207719,43.8376807]]],[[[80.520965112,43.838943925],[80.5213051,43.8388256],[80.521460297,43.838696023],[80.5211982,43.8387895],[80.520965112,43.838943925]]],[[[80.5212971,43.8248576],[80.5216901,43.8270102],[80.5224308,43.8276614],[80.5215115,43.8291425],[80.521561566,43.83060846],[80.5212971,43.8248576]]],[[[80.5214328,43.8436415],[80.521436816,43.843641175],[80.521430853,43.843639694],[80.5214328,43.8436415]]],[[[80.5230402,43.8432785],[80.5226198,43.8429115],[80.522166635,43.843261747],[80.522846976,43.84349473],[80.5230402,43.8432785]]],[[[80.5239124,43.8367455],[80.5251305,43.835442],[80.5250327,43.8350933],[80.523442818,43.836743733],[80.5239124,43.8367455]]],[[[80.7110595,45.170178],[80.7280111,45.1712369],[80.7443185,45.1594419],[80.726444,45.1539845],[80.7183981,45.1586495],[80.7110595,45.170178]]],[[[81.7686652,45.3798242],[81.7740726,45.3860937],[81.8084049,45.3579958],[81.8066239,45.3553365],[81.7946484,45.3588061],[81.7686652,45.3798242]]],[[[82.184515,45.2261231],[82.1888923,45.2295989],[82.2013313,45.2290775],[82.189818,45.2229854],[82.184515,45.2261231]]],[[[82.211221828,45.232267314],[82.212172041,45.232498517],[82.212565038,45.23259414],[82.2119956,45.2323167],[82.211221828,45.232267314]]],[[[82.219899744,45.234319832],[82.2201776,45.2347367],[82.2219716,45.2337666],[82.2201445,45.2343314],[82.219899744,45.234319832]]],[[[82.2325579,45.2346415],[82.2292095,45.2338295],[82.2274404,45.2338335],[82.2330951,45.2349785],[82.2341352,45.2344817],[82.2325579,45.2346415]]],[[[82.2451329,45.2358549],[82.2508192,45.2359758],[82.252499906,45.234863709],[82.2464403,45.2338322],[82.2451329,45.2358549]]],[[[82.2539464,45.2341752],[82.253234431,45.234514086],[82.2573827,45.2338818],[82.2559008,45.2339762],[82.2539464,45.2341752]]],[[[82.2733283,45.2406144],[82.2807312,45.2430621],[82.2801518,45.2399043],[82.3060512,45.2345857],[82.3108577,45.226909],[82.3341178,45.2145757],[82.3340659,45.2104389],[82.3226941,45.2107152],[82.3131757,45.2208942],[82.2987556,45.2231137],[82.2899097,45.232956],[82.2733283,45.2406144]]],[[[82.4758564,45.1773272],[82.4918559,45.1822484],[82.4749267,45.1770412],[82.4758564,45.1773272]]],[[[82.5801945,45.2185208],[82.581225324,45.219278884],[82.5764938,45.2154475],[82.5801945,45.2185208]]]]},"properties":{"code":"KZ-ALM","name_ru":"Алматинская область","name_en":"Almaty Region","region_type":"oblast"}},{"type":"Feature","id":"KZ-ATY","geometry":{"type":"Polygon","coordinates":[[[56.4666301,46.1321886],[56.4718237,46.1491351],[56.4647932,46.1763308],[56.442432,46.2029571],[56.4406266,46.240325],[56.4106107,46.2782934],[56.3886763,46.2925347],[56.3155637,46.3760518],[56.2875422,46.5133816],[55.953074,46.5929589],[55.7382471,46.6289082],[55.4503693,46.7259941],[55.2328601,46.8738222],[55.1945185,46.9516295],[55.1248028,47.0304243],[55.1198356,47.0643493],[55.0019776,47.2023598],[55.0257697,47.3744483],[55.0412026,47.4307134],[55.0682056,47.4539216],[55.0713934,47.4758228],[55.0685974,47.5417772],[55.0743348,47.5544734],[55.0658133,47.5893292],[55.0919239,47.7267909],[55.1215247,47.778876],[55.1050552,47.8647219],[55.0991245,47.9562721],[55.0631197,47.9999804],[55.0293655,48.0299104],[54.9386254,48.0972148],[54.9545895,48.1676374],[54.9454878,48.1925293],[54.9693473,48.2704211],[54.919336,48.3064574],[54.8792065,48.3653118],[54.8966871,48.4643902],[54.8881969,48.4750286],[54.9040217,48.483403],[54.9186937,48.554561],[54.9320735,48.5603253],[54.9123088,48.7094432],[54.7533161,48.7415073],[54.7382072,48.77449],[54.6839319,48.8003889],[54.6567982,48.7998616],[54.6349898,48.7706182],[54.5787711,48.7793458],[54.5817785,48.7453307],[54.5779532,48.711879],[54.5420388,48.6400923],[54.4603095,48.6418958],[54.4502546,48.6524713],[54.3552346,48.679091],[54.3025707,48.7030633],[54.1761218,48.7243172],[54.155133,48.7354757],[54.0270211,48.7628135],[54.0434512,48.8073557],[54.011839,48.8819282],[54.0266988,48.9525713],[54.0128878,48.9783924],[54.0043231,49.0073678],[54.0142892,49.0457095],[54.0125461,49.0520272],[54.0073784,49.0691679],[53.9881601,49.0894671],[53.9917232,49.1721222],[53.9131708,49.164254],[53.9025276,49.1231277],[53.8963173,49.1115952],[53.8790949,49.0976579],[53.8203493,49.1233534],[53.8323652,49.1439433],[53.7513821,49.16082],[53.6920968,49.1830416],[53.6655163,49.1971241],[53.6431003,49.2174548],[53.6305382,49.2403492],[53.5548611,49.1852997],[53.3862372,49.1000877],[53.4061515,49.0877688],[53.4254413,49.0622094],[53.4153898,49.0516619],[53.3673415,49.0384192],[53.3073839,49.023299],[53.2632558,49.0176868],[52.9602868,49.0279086],[52.825523,49.0480842],[52.7999248,49.0190211],[52.7821552,48.9813247],[52.7061488,48.9959573],[52.7127626,48.9111481],[52.7158276,48.7620091],[52.638217,48.7595452],[52.6126211,48.7661911],[52.5864672,48.7137312],[52.5739636,48.6606456],[52.5366138,48.5918641],[52.5559889,48.5139401],[52.5360533,48.4049841],[52.4283641,48.4033044],[52.2082566,48.48629],[52.0697303,48.4658967],[51.9390425,48.5247844],[51.8127187,48.5139031],[51.8156094,48.5714978],[51.8503343,48.5874631],[51.8235317,48.6237173],[51.3996694,48.672051],[51.2806393,48.6359586],[51.0732812,48.6265184],[51.0173877,48.510654],[50.9248685,48.4728614],[50.8838121,48.4864154],[50.7901875,48.4272353],[50.7273563,48.4261208],[50.1769337,48.1796072],[49.974004,48.0400239],[49.8055234,48.0427816],[49.7509039,48.0129774],[49.4388424,48.0243115],[49.4468125,47.9204969],[48.9563289,48.0509979],[48.6790014,48.1030625],[47.7955172,48.1690138],[47.2855766,48.2223274],[47.1678501,48.2182204],[47.1112309,48.2337292],[47.1036315,48.2120039],[47.1137256,48.1765593],[47.1255636,48.1582889],[47.0919048,48.1035222],[47.211519,48.0822501],[47.2005602,48.0543775],[47.1593311,48.0618079],[47.1497415,48.0359422],[47.0499115,47.997515],[47.1004116,47.9272898],[47.1809094,47.8536645],[47.1214852,47.8314685],[47.19408,47.7605037],[47.3846275,47.6815631],[47.4114714,47.7633195],[47.4150752,47.8377105],[47.6526728,47.7581964],[47.9634309,47.7510841],[48.0307182,47.7629315],[48.1137189,47.743257],[48.213354,47.6905146],[48.3268978,47.5524036],[48.4530159,47.410845],[48.5206406,47.4115724],[48.711055,47.0953376],[48.9157882,46.880218],[48.9971252,46.7430848],[48.9214947,46.6935072],[48.7521448,46.6839768],[48.7144418,46.7195048],[48.6796639,46.7091019],[48.6753215,46.7166297],[48.6547274,46.7262122],[48.6179318,46.7037401],[48.6014241,46.7126405],[48.5489838,46.7113917],[48.5352615,46.7061469],[48.5427753,46.6917782],[48.5520691,46.6884881],[48.4778877,46.6705765],[48.5117397,46.6513843],[48.5393145,46.6493229],[48.560284,46.6418742],[48.5620322,46.6369141],[48.5519691,46.6296467],[48.5499261,46.6213227],[48.5662693,46.6092403],[48.5765735,46.6060745],[48.5966824,46.6089197],[48.6140134,46.6018932],[48.6227262,46.6034038],[48.5940472,46.5971815],[48.5797413,46.5974439],[48.5678323,46.5875941],[48.557361,46.5858244],[48.5558096,46.5786155],[48.5499257,46.5753723],[48.5461107,46.5591727],[48.5551937,46.5555253],[48.5770806,46.5605714],[48.6030873,46.5570008],[48.6289652,46.5617222],[48.6714514,46.5558499],[48.7024042,46.5630555],[48.7482387,46.5502759],[48.7659222,46.5399258],[48.7864816,46.5420876],[48.7901186,46.5210076],[48.8266562,46.4801687],[48.8381258,46.4774406],[48.8786788,46.481563],[48.9120129,46.4507326],[48.9362144,46.4458022],[48.9502524,46.4365551],[48.9859579,46.4330059],[49.0017508,46.4275634],[49.0261267,46.4147832],[49.053287,46.3930679],[49.1045089,46.3849986],[49.1239465,46.3899095],[49.1419132,46.3827316],[49.1604532,46.3838851],[49.1798029,46.377144],[49.1912873,46.3699556],[49.2637274,46.2933006],[49.3141866,46.2728432],[49.3383117,46.2874427],[49.3781575,46.2592713],[49.4497286,46.2437038],[49.5350229,46.1885166],[49.6495961,46.2310867],[49.7542982,46.1992442],[49.839682,46.1927839],[49.8717499,46.291584],[49.8695152,46.3511691],[49.9256484,46.4423829],[49.9173108,46.528582],[49.9382582,46.5759493],[50.0386838,46.5810319],[50.0956167,46.6790668],[50.1234259,46.702381],[50.1428236,46.7047354],[50.1649679,46.7222726],[50.1797308,46.7428626],[50.1972403,46.7490969],[50.2123465,46.7637976],[50.2289976,46.7657966],[50.2401556,46.748156],[50.2303709,46.7343923],[50.2264227,46.7199189],[50.2336325,46.6908429],[50.2422155,46.6923736],[50.2478648,46.7127259],[50.2729429,46.7390982],[50.2952589,46.7775538],[50.3270163,46.8138674],[50.357057,46.8150422],[50.3659834,46.8379454],[50.3742231,46.840881],[50.3898443,46.8341876],[50.4135336,46.8353619],[50.4226316,46.8616605],[50.4154219,46.8731621],[50.4239338,46.9015121],[50.4191128,46.9119658],[50.458938,46.905522],[50.47382,46.9102475],[50.4931038,46.9300042],[50.4859772,46.9594825],[50.487654,46.9654907],[50.4947806,46.9657768],[50.5157412,46.9393074],[50.4943614,46.9085292],[50.4920557,46.8970723],[50.4986776,46.8737488],[50.5094923,46.870815],[50.519277,46.879968],[50.5699171,46.8898232],[50.6221022,46.9619228],[50.6263937,46.9605169],[50.627252,46.9513777],[50.6411566,46.946456],[50.650598,46.9564162],[50.6754889,46.9698888],[50.6844152,46.9827726],[50.6964315,46.9903842],[50.7041563,46.9696546],[50.7170309,46.9632115],[50.7259573,46.9704745],[50.7384886,46.9997509],[50.7568564,47.0187134],[50.7628645,47.0134467],[50.7633795,46.9924918],[50.7731642,46.9799618],[50.7872404,46.9801961],[50.7909187,47.0105598],[50.7977551,47.02811],[50.8425332,47.0355473],[50.8907419,47.0678535],[50.9914763,47.0687442],[50.9949717,47.0643551],[51.05433,47.0808075],[51.105485,47.0801061],[51.1535502,47.0978715],[51.1923457,47.1198363],[51.2146617,47.1210044],[51.236291,47.1324503],[51.2520839,47.1301146],[51.2747432,47.1107243],[51.3420344,47.0960017],[51.3324214,47.1151636],[51.3410045,47.1291802],[51.3715602,47.1170328],[51.3839198,47.106752],[51.397877,47.1148488],[51.4242338,47.1027402],[51.4481746,47.0853947],[51.4714565,47.0810574],[51.4929812,47.0819548],[51.5298808,47.0696891],[51.5711731,47.0663978],[51.5861087,47.0705867],[51.5799588,47.0844973],[51.5679408,47.0960017],[51.5579844,47.1338517],[51.5634776,47.1387562],[51.5754939,47.1387562],[51.6180659,47.1137619],[51.6287089,47.1118926],[51.6331721,47.1191354],[51.6445018,47.1191354],[51.6843272,47.1037141],[51.6918803,47.1083877],[51.7196895,47.1104907],[51.7526196,47.0984059],[51.7579411,47.1105576],[51.7709873,47.114997],[51.7744206,47.1035473],[51.7699574,47.0963024],[51.776681,47.0976378],[51.7519329,47.0759646],[51.7413188,47.0571893],[51.7049266,47.0230298],[51.70115,47.0043028],[51.7186595,46.9867405],[51.7378856,46.9801824],[51.7283231,46.9490047],[51.7341345,46.9433606],[51.6984406,46.9223746],[51.6962772,46.9200048],[51.7019328,46.9166153],[51.7071505,46.9206776],[51.7045356,46.9245486],[51.7344509,46.9430532],[51.7657114,46.9391797],[51.7969071,46.9439392],[51.7981087,46.9390167],[51.8109833,46.9344454],[51.821798,46.9355004],[51.8403374,46.9281154],[51.8492638,46.9296394],[51.8580197,46.9353752],[51.8552731,46.9418216],[51.8707515,46.9483173],[51.8800212,46.9490204],[51.9071437,46.9616748],[51.9284297,46.9605032],[51.927743,46.9757318],[51.9435359,46.9766688],[51.9699717,46.9637837],[51.9826747,46.9637837],[51.9919444,46.9787769],[51.9874812,47.0043028],[52.0403529,47.0127308],[52.1076442,46.9825247],[52.1320201,46.9923611],[52.1605159,46.9940003],[52.2274638,46.9672981],[52.2686625,46.9883799],[52.3153544,46.9865063],[52.341447,47.0113262],[52.3091112,47.0590525],[52.3204408,47.0675887],[52.3676477,47.0364777],[52.3809291,47.0473648],[52.4231578,47.0473648],[52.4793217,47.0120909],[52.5249929,46.9926539],[52.5536694,46.9894763],[52.5845195,46.9982152],[52.6092387,46.9883799],[52.6497508,46.9808851],[52.6950694,46.9794797],[52.7314616,46.9708123],[52.7585841,46.9769031],[52.8087092,46.9668295],[52.8152324,46.9991518],[52.827592,47.0071123],[52.8814937,47.0089852],[52.9068995,46.9998543],[52.9415751,46.9670638],[52.9755641,46.9523014],[52.9937602,46.9194817],[53.0397654,46.9091629],[53.0517817,46.9011878],[53.0713511,46.9030644],[53.0737544,46.8915693],[53.0926371,46.8873459],[53.1019069,46.8908654],[53.1032802,46.8744392],[53.1139232,46.8697451],[53.1166697,46.8580081],[53.1242228,46.8565994],[53.1276561,46.842746],[53.1341792,46.8385189],[53.1365825,46.8295937],[53.1321193,46.8143236],[53.1372691,46.8046895],[53.1345225,46.8028094],[53.1489421,46.7999893],[53.1585551,46.8075094],[53.1595851,46.8037494],[53.1420756,46.7847107],[53.1386424,46.7749537],[53.1194163,46.7613145],[53.1225062,46.7403785],[53.1262828,46.7342609],[53.1479121,46.7283779],[53.1661082,46.7432018],[53.1712581,46.7420255],[53.1774379,46.7281425],[53.1654216,46.7097833],[53.1681682,46.7055457],[53.2000972,46.7081354],[53.2079936,46.7043685],[53.2004405,46.7008369],[53.1928874,46.6885919],[53.1928874,46.6805841],[53.21692,46.6711616],[53.2330562,46.6751663],[53.237176,46.6664497],[53.2426692,46.646184],[53.2251597,46.645477],[53.2176066,46.6384057],[53.2313395,46.6223739],[53.249879,46.6131771],[53.2347728,46.5999688],[53.2128001,46.6006764],[53.2114268,46.587229],[53.2255031,46.58133],[53.226533,46.5733063],[53.2108012,46.5503983],[53.2250186,46.5451601],[53.2325357,46.5350331],[53.2601293,46.5348387],[53.2766581,46.5409634],[53.3803416,46.4899311],[53.3841182,46.4748013],[53.4129573,46.4166066],[53.4047175,46.3848809],[53.4153605,46.3683005],[53.4078074,46.3540846],[53.4112407,46.3408132],[53.3975078,46.300268],[53.3806849,46.2848481],[53.3566523,46.2767807],[53.3480693,46.2442614],[53.3453227,46.2107726],[53.304124,46.1851078],[53.2704783,46.1475395],[53.2515956,46.1139916],[53.2412959,46.0835192],[53.2412959,46.0587479],[53.249879,46.0439752],[53.191789729,46.012055213],[53.6840043,46.0156003],[53.6844718,46.0188562],[53.8953029,46.1273482],[53.9685568,46.1924368],[53.9717348,46.2461303],[54.0778582,46.241047],[54.1037176,46.2529345],[54.2452143,46.2491831],[54.3076898,46.2570331],[54.5047456,46.3010499],[54.530879,46.2957635],[54.6927643,46.3230507],[54.8325782,46.3635427],[54.9713622,46.3683303],[54.9987175,46.3742547],[55.0895863,46.3795282],[55.2704752,46.3673626],[55.4879189,46.5201311],[55.6026532,46.4210935],[55.6284278,46.415567],[55.6573819,46.4196479],[55.6980462,46.3996841],[55.7186358,46.4086465],[55.7762865,46.405186],[55.7948171,46.4105098],[55.8179804,46.4011928],[55.8258301,46.3942705],[55.8308488,46.3805121],[55.8311062,46.364619],[55.8249293,46.3496984],[55.8329078,46.341437],[55.8317496,46.3374391],[55.8444894,46.3314862],[55.8583874,46.3136234],[55.8601571,46.3052716],[55.8533687,46.2944211],[55.8204254,46.2760126],[55.8213262,46.2608009],[55.8370257,46.2511914],[55.8446181,46.2527041],[55.9024902,46.2373136],[55.9043101,46.2432295],[55.95692,46.2600077],[55.9730908,46.2483538],[55.9814568,46.2104593],[56.0222112,46.2158527],[56.0447598,46.211476],[56.1217371,46.1545447],[56.2015163,46.1357546],[56.2712994,46.1514623],[56.2861679,46.1515832],[56.3509351,46.1458293],[56.3698847,46.134599],[56.4666301,46.1321886]]]},"properties":{"code":"KZ-ATY","name_ru":"Атырауская область","name_en":"Atyrau Region","region_type":"oblast"}},{"type":"Feature","id":"KZ-ZAP","geometry":{"type":"Polygon","coordinates":[[[54.5436939,50.5274156],[54.4662357,50.566632],[54.4139409,50.6209511],[54.4394046,50.6609513],[54.4450474,50.6858863],[54.4595303,50.7211256],[54.4572701,50.7228426],[54.4629205,50.7279933],[54.4658611,50.7594769],[54.4735976,50.7784113],[54.4899442,50.7939763],[54.5153902,50.8072966],[54.5185208,50.8118585],[54.5150741,50.8180228],[54.5254441,50.822701],[54.5342429,50.8489222],[54.5193138,50.8545846],[54.4526969,50.8508581],[54.4414999,50.88203],[54.4372295,50.8810128],[54.4413373,50.8800175],[54.4384676,50.8772798],[54.4285541,50.8789172],[54.4190114,50.8754517],[54.4030545,50.8815075],[54.3618115,50.8842904],[54.3457431,50.8965526],[54.3470613,50.900893],[54.3380029,50.9034715],[54.3328789,50.8987559],[54.3180965,50.8987703],[54.3152038,50.9084735],[54.3038068,50.9084735],[54.3058341,50.9042051],[54.2990601,50.896248],[54.2900009,50.9005188],[54.2797717,50.9178777],[54.2873006,50.9317112],[54.2873006,50.9409063],[54.271441,50.9474349],[54.2773068,50.9498882],[54.2809051,50.9456647],[54.2885022,50.9492345],[54.2806058,50.9532358],[54.2604736,50.9504006],[54.2508863,50.9583186],[54.2450719,50.9532358],[54.2313517,50.953639],[54.2161551,50.9630793],[54.2076497,50.9606968],[54.1947751,50.9670755],[54.1903119,50.9747504],[54.2041142,50.9879398],[54.1862705,50.9962391],[54.1723456,50.992237],[54.1721238,50.9962391],[54.1806989,51.0006845],[54.1771515,51.0092979],[54.158051,51.0099182],[54.1724442,51.0191904],[54.1680079,51.0295767],[54.1788028,51.0292512],[54.1830419,51.0235932],[54.1944318,51.0316783],[54.1820042,51.0426523],[54.1684584,51.0467721],[54.1606012,51.0583012],[54.1608646,51.0662924],[54.1428574,51.0622142],[54.1434082,51.0578647],[54.1504961,51.0549297],[54.142594,51.0511666],[54.1370745,51.0523483],[54.1386908,51.0565327],[54.1300105,51.0625678],[54.1517413,51.0729205],[54.1508305,51.0875498],[54.1450117,51.0986187],[54.1370138,51.1082417],[54.102915,51.1183587],[54.0778737,51.1201179],[54.036675,51.1414475],[54.0555577,51.1492012],[54.0548711,51.15297],[54.0389066,51.1527546],[54.0267186,51.1629825],[54.0140157,51.1597529],[53.9918714,51.169764],[53.9726453,51.1654584],[53.9695554,51.1770825],[53.9352231,51.1853683],[53.9328714,51.1929828],[53.9141737,51.1917316],[53.9107969,51.1855639],[53.9045414,51.1892414],[53.9004523,51.1810877],[53.8933245,51.1810936],[53.8956994,51.1845227],[53.8910336,51.1866004],[53.8902866,51.197476],[53.884132,51.2004761],[53.8691975,51.1925158],[53.8666225,51.2003685],[53.8590694,51.2000458],[53.8540913,51.1893959],[53.8379551,51.1923007],[53.8307453,51.1980021],[53.8190723,51.1933765],[53.8171841,51.1953129],[53.8252522,51.2031651],[53.8142658,51.20295],[53.8084293,51.2147797],[53.8014164,51.2120341],[53.7834127,51.214908],[53.7824976,51.2104959],[53.7863131,51.2088406],[53.783618,51.2055959],[53.7683045,51.2149208],[53.7650568,51.209634],[53.7574858,51.212793],[53.760572,51.2083965],[53.7575703,51.2067279],[53.7615655,51.2071384],[53.7522799,51.2055451],[53.7479408,51.2076672],[53.747447,51.2039082],[53.735642,51.2080609],[53.743916,51.2147719],[53.7224155,51.2151656],[53.7229093,51.2223348],[53.7091288,51.2229519],[53.7147096,51.2266438],[53.7008516,51.2267219],[53.6946477,51.2211115],[53.6916553,51.2236041],[53.6972362,51.2261716],[53.6925677,51.2363775],[53.6834971,51.2313166],[53.6873058,51.22599],[53.6775089,51.2267188],[53.6744619,51.2226771],[53.6726634,51.22705],[53.6683819,51.2254202],[53.6705613,51.2287329],[53.6612586,51.2311666],[53.6631146,51.2393423],[53.6585362,51.235895],[53.6561423,51.2388926],[53.6603915,51.242883],[53.656651,51.24854],[53.6591164,51.2552859],[53.6685248,51.2564635],[53.6697837,51.2598553],[53.6601857,51.2571194],[53.6583793,51.2604923],[53.6543805,51.2584638],[53.6534737,51.262152],[53.645517,51.2623283],[53.643475,51.2645607],[53.6473113,51.2685316],[53.6525672,51.2646688],[53.6549572,51.2672858],[53.6460639,51.2696502],[53.6473249,51.2749667],[53.641587,51.2727296],[53.6447262,51.2769175],[53.6295725,51.2709007],[53.6272233,51.2773256],[53.6231277,51.2750367],[53.617265,51.2794324],[53.6250819,51.2828394],[53.6085334,51.2884695],[53.6133981,51.293982],[53.6045002,51.2926949],[53.6044586,51.296803],[53.6106331,51.3007676],[53.6046041,51.2999357],[53.6060386,51.3031983],[53.595623,51.3061877],[53.6030865,51.3171167],[53.6095313,51.3150896],[53.6047289,51.322158],[53.6137516,51.3261335],[53.6166621,51.323821],[53.6223585,51.3286797],[53.6155811,51.3323688],[53.6237129,51.3327091],[53.6202464,51.338653],[53.6254892,51.3414638],[53.613537,51.3435586],[53.6217165,51.345834],[53.6134025,51.3501473],[53.6210187,51.3557162],[53.6003043,51.3499056],[53.6029606,51.3557511],[53.5952781,51.3552957],[53.6003043,51.3631664],[53.5959812,51.3632314],[53.605721,51.3649875],[53.6028043,51.3673289],[53.6082471,51.372889],[53.6213216,51.3696727],[53.6197379,51.3642922],[53.6278772,51.3670285],[53.6274721,51.3724546],[53.6357587,51.3772135],[53.6224373,51.3779231],[53.6331614,51.3832005],[53.6221901,51.3868852],[53.6284381,51.3871184],[53.628629,51.3932756],[53.6123536,51.3972623],[53.5997378,51.3951374],[53.5844231,51.4119653],[53.5672526,51.4155664],[53.5756853,51.426018],[53.5704185,51.4331556],[53.5531346,51.4258532],[53.5369687,51.4312795],[53.5209367,51.4250937],[53.5171021,51.4350905],[53.4971638,51.4306156],[53.4813987,51.4425592],[53.482977,51.4485155],[53.4914785,51.4500483],[53.4871869,51.4542203],[53.4753865,51.4524186],[53.4672516,51.4388375],[53.4372971,51.4385425],[53.4403677,51.4453399],[53.4340711,51.448929],[53.4374319,51.4591349],[53.4347995,51.4685518],[53.4197055,51.4776525],[53.4264155,51.482231],[53.4132208,51.4829437],[53.4123885,51.4791967],[53.4037538,51.4879967],[53.3700403,51.4883002],[53.3665323,51.494046],[53.3621298,51.4884603],[53.3556435,51.4934725],[53.3535266,51.4894616],[53.3493398,51.4933497],[53.3474542,51.489563],[53.338707,51.4896417],[53.3385809,51.4943703],[53.3303737,51.4926662],[53.3303737,51.4998533],[53.2974592,51.4980586],[53.2965385,51.5012048],[53.2876169,51.4994777],[53.2862436,51.4867592],[53.2761156,51.4820557],[53.2587778,51.4931723],[53.263241,51.5061027],[53.2550012,51.5118721],[53.2234155,51.5112311],[53.2026445,51.5028972],[53.1822168,51.5120858],[53.1789552,51.519243],[53.1966364,51.5287487],[53.1887399,51.5353695],[53.1791269,51.5326999],[53.1696855,51.5175339],[53.152691,51.5251176],[53.1422197,51.5210589],[53.1449663,51.5045],[53.1628191,51.4980884],[53.1557809,51.4874006],[53.1403314,51.4854765],[53.1190454,51.4913554],[53.0972444,51.4881488],[53.0802499,51.5025766],[53.0704652,51.5047137],[53.0637704,51.50076],[53.0593073,51.4909278],[53.0397379,51.4891108],[53.0344164,51.4823764],[53.0119287,51.4798107],[53.0028307,51.4722195],[52.971245,51.4854765],[52.9669534,51.4794899],[52.9777681,51.4738234],[52.9779398,51.4704017],[52.9659235,51.4696532],[52.9461824,51.4771379],[52.9420625,51.4706156],[52.9594003,51.4617395],[52.9501306,51.455108],[52.9432642,51.4576751],[52.936226,51.4711502],[52.9365694,51.4812005],[52.916485,51.4829109],[52.9178583,51.4884695],[52.9274713,51.4939205],[52.9247247,51.4979816],[52.9094469,51.4947755],[52.9025804,51.4766033],[52.8905641,51.4819488],[52.8888475,51.490821],[52.8801169,51.4877474],[52.8806468,51.4767288],[52.8717266,51.4746568],[52.8646316,51.4794791],[52.8701369,51.4878024],[52.8970872,51.4946686],[52.8986322,51.5034314],[52.8881609,51.5067438],[52.8574335,51.4910347],[52.8510117,51.4923947],[52.8442155,51.5048205],[52.8383791,51.5059959],[52.8330576,51.5001189],[52.8412973,51.4897521],[52.8332954,51.4864313],[52.8255045,51.4912485],[52.8236162,51.5017218],[52.8158914,51.4999051],[52.8101196,51.4910759],[52.807307,51.4935578],[52.8105699,51.5010806],[52.8054373,51.5054446],[52.799251,51.5052094],[52.7940904,51.4989434],[52.7879106,51.4999051],[52.7868806,51.5052479],[52.7952921,51.5116584],[52.7928888,51.5134746],[52.7815591,51.5105901],[52.7810442,51.5008669],[52.7734911,51.5021492],[52.7753793,51.518068],[52.7712595,51.5220202],[52.7571832,51.5088807],[52.7580415,51.4962717],[52.7468835,51.4959511],[52.7417337,51.5038589],[52.7346956,51.5032177],[52.7350349,51.497176],[52.7511012,51.4931197],[52.7471282,51.4862738],[52.7253064,51.4858307],[52.7250989,51.4901323],[52.7347845,51.495457],[52.7233585,51.498359],[52.7177011,51.4837661],[52.6960718,51.4773517],[52.6752106,51.4781988],[52.6722108,51.4704017],[52.6891667,51.4657119],[52.6912653,51.4600282],[52.687832,51.4567125],[52.6763307,51.4584238],[52.6636278,51.4701878],[52.6644861,51.4871868],[52.6552295,51.4906539],[52.6456033,51.484942],[52.6418268,51.4751064],[52.6449167,51.4659104],[52.6413118,51.4630229],[52.6304971,51.4651618],[52.624317,51.4741806],[52.617369,51.4725394],[52.6143081,51.4658701],[52.624489,51.4593865],[52.6198541,51.4546801],[52.585723,51.4557427],[52.5838528,51.4611636],[52.5978815,51.4708294],[52.5864911,51.4777712],[52.5654375,51.4635576],[52.5654375,51.4547871],[52.5458791,51.4601079],[52.5356763,51.4698876],[52.5569329,51.4798057],[52.5488503,51.4858835],[52.5540624,51.4872476],[52.547687,51.4928917],[52.5416288,51.4909069],[52.5420518,51.4948293],[52.5272177,51.4961462],[52.5320446,51.4990497],[52.5188779,51.4984704],[52.5193213,51.5021389],[52.5049031,51.5058873],[52.5089225,51.512128],[52.5020247,51.5181412],[52.5088047,51.5226181],[52.5111219,51.5307073],[52.5009233,51.5390443],[52.5088762,51.5417933],[52.4961831,51.5474676],[52.4504278,51.6232537],[52.4297033,51.6301965],[52.4304477,51.6330935],[52.4160604,51.6400708],[52.3843702,51.6831874],[52.3762261,51.717523],[52.3802194,51.71788],[52.3631984,51.772248],[52.3586696,51.7758986],[52.3195061,51.7663392],[52.3200894,51.7596052],[52.3336668,51.7514662],[52.3317617,51.7469533],[52.3353647,51.7433187],[52.2404009,51.7239509],[52.2334087,51.7357561],[52.1798509,51.7332749],[52.1762585,51.7267907],[52.1739702,51.687327],[52.1695345,51.6842042],[52.1619935,51.6866817],[52.0900606,51.6583765],[52.0747315,51.6740374],[52.0589924,51.6681694],[51.9989955,51.6672166],[51.998881,51.6832418],[51.8940949,51.6834084],[51.8941213,51.6741888],[51.856608,51.6738058],[51.8646368,51.6610856],[51.8608071,51.6509756],[51.8510904,51.6474492],[51.8439607,51.6494336],[51.8374014,51.6405978],[51.8237531,51.6376396],[51.817092,51.6239582],[51.8047067,51.6188994],[51.7937629,51.6062689],[51.7856628,51.604204],[51.7877915,51.5987716],[51.798174,51.5978205],[51.7929168,51.5943684],[51.7988217,51.5924237],[51.7710736,51.5820159],[51.8135514,51.4970155],[51.7307265,51.4807505],[51.7385855,51.4651349],[51.6558683,51.4486144],[51.6407944,51.4766621],[51.6298564,51.4749742],[51.6429509,51.5013517],[51.6571112,51.505099],[51.6400036,51.5384631],[51.6128418,51.5334387],[51.6041271,51.550782],[51.576808,51.5455246],[51.5850986,51.5283633],[51.556929,51.523115],[51.566159,51.5058022],[51.4906463,51.49036],[51.4935461,51.4845959],[51.4729456,51.4863142],[51.4315407,51.4748531],[51.3801758,51.4761548],[51.380041,51.4858211],[51.286546,51.4877849],[51.2856128,51.5319089],[51.2477329,51.5252261],[51.247912,51.5322846],[51.2442085,51.5344535],[51.2452316,51.5560102],[51.2404395,51.5631243],[51.3803263,51.56343],[51.380206,51.6412431],[51.303713,51.6410569],[51.2721742,51.6848435],[51.2531067,51.6870451],[51.2508884,51.6838461],[51.2364513,51.6873485],[51.2239325,51.6805234],[51.2144992,51.6833112],[51.214928,51.67823],[51.2081761,51.6784754],[51.2062357,51.6740702],[51.1972003,51.6752477],[51.2073827,51.6706165],[51.2006969,51.6668538],[51.1764429,51.6689138],[51.1749857,51.6739738],[51.167999,51.673492],[51.1709143,51.6772125],[51.1559364,51.6778478],[51.1518028,51.6709104],[51.1377543,51.6754718],[51.1307892,51.672555],[51.1250649,51.6769583],[51.1201776,51.6736784],[51.1133198,51.6774365],[51.1105824,51.6717484],[51.0968156,51.674474],[51.0977239,51.6694136],[51.0841482,51.6663402],[51.0691824,51.6684277],[51.0691939,51.6730293],[51.0602355,51.672252],[51.056668,51.6805728],[51.0442126,51.6771282],[51.0459679,51.6804522],[51.0371653,51.6868067],[51.0309455,51.6792898],[51.0132303,51.6785725],[51.0110313,51.6732727],[50.9976334,51.6713607],[50.9970035,51.676046],[50.9801209,51.6750159],[50.9688131,51.6810737],[50.960508,51.6777109],[50.9553736,51.6806378],[50.8936136,51.6813752],[50.871413,51.7534621],[50.7681628,51.7730366],[50.7671897,51.7163765],[50.7874107,51.6847762],[50.8114561,51.6699508],[50.8325797,51.6491575],[50.8125697,51.6491706],[50.8120335,51.5850431],[50.766649,51.5855881],[50.7677187,51.5748048],[50.6789095,51.5745466],[50.6822006,51.577494],[50.6768484,51.5815946],[50.6831537,51.5869247],[50.7002897,51.5869369],[50.696678,51.5897285],[50.6985443,51.5945489],[50.7080662,51.5944631],[50.7134407,51.6010434],[50.7339361,51.6059807],[50.7331289,51.6141647],[50.7292858,51.6157543],[50.7333137,51.6174926],[50.7329811,51.6272495],[50.6360228,51.6291513],[50.6359056,51.6430824],[50.6260892,51.6430513],[50.6249749,51.6467789],[50.5851439,51.6458533],[50.5867676,51.590609],[50.5653292,51.5884541],[50.5585231,51.5999926],[50.5500834,51.6010861],[50.5377167,51.5890327],[50.5376605,51.5105597],[50.5464666,51.5011743],[50.5479026,51.4923194],[50.5560447,51.4889164],[50.5558527,51.4727281],[50.5425866,51.4644457],[50.4985128,51.4664917],[50.4968553,51.4277585],[50.3719115,51.4276504],[50.3891596,51.4095662],[50.4039473,51.4043594],[50.3381985,51.3820107],[50.3739105,51.332945],[50.2513442,51.2812995],[50.0386824,51.2512514],[50.0062388,51.2423883],[49.9111002,51.2010725],[49.7762888,51.107179],[49.5628364,51.1099948],[49.4906367,51.0986471],[49.456581,51.1261777],[49.4400097,51.1155085],[49.442451,51.1116139],[49.4316965,51.0901609],[49.3937116,51.0903299],[49.3974149,51.0491923],[49.3388959,50.9872484],[49.3750069,50.9812152],[49.4083133,50.9611011],[49.4076742,50.9547712],[49.4131417,50.9511314],[49.4118099,50.9387862],[49.4293381,50.9202428],[49.426467,50.9184275],[49.4303817,50.912043],[49.4279729,50.9070846],[49.4382711,50.9010531],[49.4427105,50.8941657],[49.4430465,50.8862337],[49.4394709,50.8865062],[49.4446542,50.8814875],[49.4403708,50.8808364],[49.4435504,50.8772859],[49.4415826,50.8701006],[49.4336997,50.8678592],[49.4229079,50.8486852],[49.2621552,50.8231552],[49.2166496,50.7991262],[49.1260307,50.7847803],[49.0093035,50.6825667],[48.9992379,50.6877093],[48.9537661,50.6513163],[48.8139517,50.5954781],[48.7584777,50.6113213],[48.7540083,50.6085916],[48.7390697,50.6104096],[48.7373865,50.6060648],[48.7232949,50.6030417],[48.689053,50.6123503],[48.6498949,50.644827],[48.6374433,50.6506977],[48.6322933,50.6489489],[48.6062107,50.661929],[48.5706275,50.632365],[48.5947884,50.6158971],[48.6088264,50.6150543],[48.6112313,50.6109286],[48.624754,50.6118125],[48.6395295,50.6044722],[48.6461261,50.6062544],[48.6521878,50.6010634],[48.6501376,50.589562],[48.6464112,50.5872922],[48.6642455,50.5779077],[48.6656716,50.5694542],[48.6556689,50.5563394],[48.6613616,50.5451104],[48.6585183,50.5279007],[48.7320665,50.257163],[48.7939242,50.2047909],[48.8090227,50.1704328],[48.763225,50.0978023],[48.7857835,50.100973],[48.7929706,50.0969664],[48.8503427,50.0902361],[48.8515858,50.0849876],[48.8641105,50.0771284],[48.8651807,50.0554265],[48.8723668,50.0449389],[48.8818397,50.0392511],[48.8808308,50.0299621],[48.9033674,50.0184663],[48.7456185,49.921354],[48.4504364,49.8350949],[48.4413143,49.8012104],[48.4265771,49.8064683],[48.4222124,49.8136494],[48.3979691,49.8302316],[48.3955659,49.8359892],[48.378906,49.8351562],[48.3622635,49.8250269],[48.3538521,49.827574],[48.3540238,49.8313389],[48.3435525,49.8365428],[48.3416642,49.8504911],[48.3315362,49.8484987],[48.3263863,49.85193],[48.3151352,49.8721845],[48.29849,49.8605664],[48.2655715,49.8575302],[48.2395734,49.8698588],[48.2261922,49.868056],[48.2257425,49.8789099],[48.2345839,49.8947698],[48.2324868,49.9014487],[48.2209305,49.9080766],[48.2166338,49.9196412],[48.2073671,49.9281579],[48.1979355,49.931064],[48.1917433,49.9442002],[48.1736565,49.9473829],[48.1607923,49.9565098],[48.1587591,49.9648453],[48.1615595,49.9678886],[48.1567902,49.9716683],[48.1565809,49.9796006],[48.1316273,49.9980206],[48.1320182,50.0116791],[48.1251007,50.0182578],[48.1294126,50.0285241],[48.1283872,50.0417889],[48.1237319,50.052403],[48.1126616,50.0614281],[48.1081185,50.0858071],[48.0952102,50.1000135],[48.0720151,50.1048302],[48.0609815,50.1120321],[48.0489458,50.1116787],[48.0462726,50.1150517],[48.0496108,50.126862],[48.0392219,50.1272732],[48.0361066,50.1359787],[48.0090944,50.1421016],[47.9990513,50.1545991],[47.9990513,50.1690856],[47.9851623,50.1781973],[47.9871013,50.1863855],[47.9678854,50.1931093],[47.9502799,50.2130766],[47.9531981,50.2263669],[47.9372336,50.2326263],[47.9377486,50.244484],[47.913201,50.252607],[47.8876235,50.267203],[47.8491713,50.3042764],[47.8373267,50.3104159],[47.8194478,50.3130201],[47.8278887,50.3303269],[47.8112342,50.3295969],[47.8019644,50.3346375],[47.7866866,50.33398],[47.7815788,50.3396404],[47.7634344,50.3400265],[47.7605941,50.3482224],[47.7443748,50.3556303],[47.7451291,50.3621451],[47.7396669,50.3680441],[47.7466294,50.372892],[47.7433222,50.3783684],[47.7281855,50.3875196],[47.6981401,50.3921083],[47.6633854,50.4085547],[47.6621082,50.4169442],[47.675086,50.4205749],[47.6533174,50.4217563],[47.6550648,50.4290039],[47.6403478,50.435888],[47.6423648,50.4406701],[47.6496623,50.44181],[47.6490191,50.4481861],[47.6397174,50.4424102],[47.6303987,50.4436912],[47.6251626,50.4488165],[47.6405812,50.4503193],[47.6373827,50.4552093],[47.6247286,50.4600594],[47.6136679,50.4575789],[47.6121537,50.4636776],[47.541827,50.4609116],[47.5052139,50.4333296],[47.4721539,50.4198194],[47.4187495,50.3650576],[47.4066832,50.3363732],[47.3910974,50.3336995],[47.3830569,50.3281049],[47.3736434,50.3329223],[47.3470587,50.3280945],[47.3398778,50.3319562],[47.324945,50.3173668],[47.3065711,50.3090775],[47.3054741,50.3040565],[47.3001348,50.3033031],[47.2914612,50.2827022],[47.3006527,50.2631551],[47.3349741,50.2380145],[47.2572963,50.1917514],[47.316773,50.1523651],[47.3526454,50.0940359],[47.1823601,49.9350266],[46.9573539,49.8713974],[46.9295778,49.8747541],[46.9024721,49.8638515],[46.870089,49.7428934],[46.857768,49.6436007],[46.8442733,49.6065618],[46.8371482,49.606619],[46.8388661,49.5657802],[46.829259,49.565653],[46.8058454,49.4292962],[46.7820865,49.3398271],[46.8379988,49.3191285],[46.9145209,49.2828391],[46.9961212,49.2323819],[47.0511394,49.1655918],[47.0286778,49.0892954],[46.9719153,49.0274277],[46.8925747,48.9821145],[46.791675,48.9519442],[46.7791649,48.9514137],[46.492161,48.4336187],[46.6446167,48.3856556],[46.6767593,48.3894779],[46.7465432,48.3539942],[46.889167,48.3271889],[46.9089949,48.319389],[47.1237606,48.269529],[47.1112309,48.2337292],[47.1678501,48.2182204],[47.2855766,48.2223274],[47.7955172,48.1690138],[48.6790014,48.1030625],[48.9563289,48.0509979],[49.4468125,47.9204969],[49.4388424,48.0243115],[49.7509039,48.0129774],[49.8055234,48.0427816],[49.974004,48.0400239],[50.1769337,48.1796072],[50.7273563,48.4261208],[50.7901875,48.4272353],[50.8838121,48.4864154],[50.9248685,48.4728614],[51.0173877,48.510654],[51.0732812,48.6265184],[51.2806393,48.6359586],[51.3996694,48.672051],[51.8235317,48.6237173],[51.8503343,48.5874631],[51.8156094,48.5714978],[51.8127187,48.5139031],[51.9390425,48.5247844],[52.0697303,48.4658967],[52.2082566,48.48629],[52.4283641,48.4033044],[52.5360533,48.4049841],[52.5559889,48.5139401],[52.5366138,48.5918641],[52.5739636,48.6606456],[52.5864672,48.7137312],[52.6126211,48.7661911],[52.638217,48.7595452],[52.7158276,48.7620091],[52.7127626,48.9111481],[52.7061488,48.9959573],[52.7821552,48.9813247],[52.7999248,49.0190211],[52.825523,49.0480842],[52.9602868,49.0279086],[53.2632558,49.0176868],[53.3073839,49.023299],[53.4153898,49.0516619],[53.4254413,49.0622094],[53.4061515,49.0877688],[53.3862372,49.1000877],[53.5548611,49.1852997],[53.6305382,49.2403492],[53.6638517,49.2777404],[53.7298349,49.4249156],[53.6950075,49.4774542],[53.7569498,49.4572861],[53.7978329,49.5250767],[53.8751868,49.5703016],[53.9728706,49.570092],[53.9913224,49.6186558],[54.1146807,49.6203469],[54.2005927,49.6102708],[54.2989078,49.6479905],[54.2753871,49.6759464],[54.3453246,49.7325738],[54.3663679,49.768281],[54.477086,49.7683449],[54.4185875,49.8148916],[54.5149151,49.9243699],[54.5111226,49.9538961],[54.555976,50.0125839],[54.5433587,50.0628251],[54.4754268,50.0834992],[54.47235,50.1089047],[54.4251833,50.11824],[54.4214478,50.2034159],[54.4398039,50.2732121],[54.3650437,50.340237],[54.464746,50.4032038],[54.4638324,50.4156985],[54.4999233,50.467168],[54.5652371,50.5164602],[54.5436939,50.5274156]]]},"properties":{"code":"KZ-ZAP","name_ru":"Западно-Казахстанская область","name_en":"West Kazakhstan Region","region_type":"oblast"}},{"type":"Feature","id":"KZ-ZHA","geometry":{"type":"Polygon","coordinates":[[[71.5489568,46.0053439],[74.0605728,46.0010499],[74.0147343,45.890361],[73.9015215,45.7465296],[73.98423,45.3816176],[74.030992,45.288009],[73.7526772,45.2888387],[73.7220153,45.2207644],[73.7550358,45.1043514],[73.8930139,45.1251569],[74.0874973,45.1271361],[74.1181591,44.9679953],[74.1393865,44.9533922],[74.13349,44.9133189],[74.1965825,44.8949426],[74.2366787,44.871964],[74.3056678,44.8489762],[74.3893195,44.7952632],[74.4025796,44.8012112],[74.5226355,44.6987269],[74.512234,44.666919],[74.5200573,44.5831297],[74.4937948,44.526135],[74.5107376,44.5228027],[74.519729,44.4858191],[74.750995,44.3578143],[74.9414563,44.34361],[74.9854658,44.3265595],[74.9976383,44.3266238],[75.0042343,44.3170144],[75.0364971,44.3084838],[75.0928301,44.277348],[75.1128342,44.2604301],[75.1267483,44.2599766],[75.2137557,44.1942355],[75.3070797,44.1480388],[75.3140347,44.0833417],[75.3157939,44.0184053],[75.3094775,44.006794],[75.3116362,43.9965284],[75.3068391,43.9872965],[75.2730198,43.9487139],[75.2769358,43.8918109],[75.2845328,43.8773522],[75.2852523,43.861271],[75.2694874,43.8437252],[75.2681262,43.8245876],[75.2435179,43.8109246],[75.1983371,43.7734554],[74.9973067,43.6509741],[74.9971857,43.6102913],[75.0312625,43.5988652],[75.0853939,43.5691048],[75.1329504,43.5663129],[75.1840697,43.5433182],[75.1809276,43.5907167],[75.2387306,43.5905139],[75.2423824,43.5367482],[75.3054403,43.5289547],[75.3431919,43.5342461],[75.3886932,43.5348596],[75.4189577,43.4710496],[75.3497878,43.4048243],[75.3075737,43.3877447],[75.2941419,43.3757163],[75.2777119,43.3153834],[75.2811185,43.2631137],[75.3306277,43.2528796],[75.2945437,43.2132659],[75.3305551,43.1952937],[75.338035,43.1606981],[75.349428,43.1459999],[75.3597417,43.1450374],[75.4011159,43.1253825],[75.4051939,43.1271845],[75.4231829,43.120532],[75.4621591,43.1219326],[75.4849667,43.1072827],[75.4996961,43.1046421],[75.532556,43.0825732],[75.5531834,43.0855512],[75.5625376,43.0829236],[75.5965968,43.0706597],[75.610988,43.0589191],[75.6515232,43.0503313],[75.6561106,43.0436523],[75.6012223,42.9991675],[75.5776484,42.9889548],[75.546231,42.988467],[75.5467723,42.9815959],[75.6560804,42.9807081],[75.6565601,42.9752682],[75.6948907,42.9615729],[75.7157439,42.9605913],[75.7235991,42.9566417],[75.7538133,42.9602881],[75.7652642,42.9714411],[75.7737867,42.9727615],[75.7727828,42.9406887],[75.7858652,42.9375878],[75.8129783,42.9425319],[75.8235176,42.9402527],[75.7863114,42.8991614],[75.7724305,42.8541397],[75.7614334,42.8334914],[75.7168122,42.7973436],[75.711571,42.7971894],[75.5703021,42.8304593],[75.5180352,42.8344722],[75.4840633,42.843361],[75.4681774,42.83624],[75.4551014,42.8360683],[75.432733,42.8419152],[75.4189792,42.8395656],[75.37353,42.8509625],[75.354791,42.8482338],[75.33643,42.8554505],[75.3066937,42.8564071],[75.2973913,42.8611858],[75.2235339,42.8551733],[75.1971818,42.8651783],[75.1973479,42.8716375],[75.190927,42.8750516],[75.1368603,42.8853543],[75.0822968,42.9143998],[75.0666029,42.9144798],[75.0515181,42.9228553],[75.0309724,42.9224232],[74.9958891,42.9418335],[74.9714719,42.9460471],[74.937493,42.9636426],[74.9230533,42.9626721],[74.927219,42.9655701],[74.9229226,42.9691513],[74.9057557,42.9717483],[74.8911749,42.9833082],[74.8787669,42.983926],[74.8726729,42.9881405],[74.8731343,42.9933593],[74.8533039,42.9998518],[74.8322904,43.0039191],[74.8266702,42.999871],[74.8136318,43.001776],[74.807785,42.996682],[74.7848085,43.0016725],[74.7736955,42.9928923],[74.7620727,42.9943108],[74.7494021,42.9899145],[74.7093922,43.0201138],[74.6966934,43.0364445],[74.6718128,43.041484],[74.6636168,43.0524114],[74.6439118,43.0597658],[74.6348232,43.0794775],[74.6153644,43.0851336],[74.603391,43.1015315],[74.5986382,43.1022914],[74.601138,43.1084247],[74.586933,43.1160611],[74.5814935,43.1239315],[74.5841864,43.1279955],[74.5774809,43.1328657],[74.565411,43.1302506],[74.5634369,43.1392778],[74.5538882,43.137258],[74.5489529,43.1420178],[74.5393399,43.1406009],[74.5369044,43.1364203],[74.5315186,43.1418926],[74.5097605,43.1452744],[74.4974867,43.1519043],[74.4961992,43.157344],[74.4800309,43.1570074],[74.4752351,43.1528358],[74.4301961,43.1652423],[74.4244455,43.1739905],[74.4146608,43.1706103],[74.4142101,43.1764316],[74.4067858,43.1754458],[74.3998979,43.1824714],[74.4047902,43.1860857],[74.4037173,43.1896997],[74.3916796,43.1892929],[74.3909286,43.1940331],[74.3740628,43.1962544],[74.3727325,43.2006968],[74.3533347,43.1986477],[74.348657,43.2049825],[74.3420051,43.2049669],[74.3404816,43.2115044],[74.3308471,43.2130995],[74.3327139,43.2195423],[74.3185304,43.2141942],[74.3176077,43.2189794],[74.3084266,43.2163244],[74.2937897,43.2418678],[74.2819665,43.249636],[74.2615913,43.2434273],[74.2510985,43.2542273],[74.2305205,43.2519456],[74.2120335,43.2654097],[74.2042832,43.2667971],[74.1926925,43.255533],[74.2220379,43.2052475],[74.2108486,43.1958926],[74.1701262,43.1987932],[74.074877,43.1869858],[74.042598,43.1720428],[74.0175855,43.1936184],[73.9691322,43.2226545],[73.9532922,43.2082075],[73.9636957,43.1994667],[73.9573476,43.1803312],[73.9352731,43.148213],[73.9120861,43.123905],[73.8872374,43.1176872],[73.8378589,43.1278612],[73.8295726,43.1262386],[73.8063578,43.1132924],[73.7659966,43.1065882],[73.699734,43.075776],[73.6606564,43.0650291],[73.6405245,43.0515009],[73.6121473,43.0409084],[73.5593832,43.028858],[73.5470466,43.0169127],[73.5460916,43.0081582],[73.5575612,42.9999976],[73.5573091,42.9822846],[73.5474371,42.9614046],[73.5340533,42.9460526],[73.5158652,42.9351289],[73.5126336,42.9259711],[73.5227483,42.8852315],[73.5214982,42.862396],[73.5097724,42.8426688],[73.5113329,42.8261331],[73.505575,42.7928192],[73.5099962,42.7817438],[73.5010154,42.7655557],[73.474961,42.7446165],[73.4654599,42.7314296],[73.4630811,42.6709841],[73.4438929,42.6426808],[73.4422803,42.6056837],[73.4329165,42.5488984],[73.4487326,42.5084851],[73.4792662,42.468656],[73.5079462,42.4580199],[73.5190024,42.444589],[73.515477,42.4348371],[73.4871648,42.4175902],[73.356887,42.4363186],[73.3292975,42.4445158],[73.3147035,42.4579934],[73.3195744,42.5025455],[73.3097035,42.5179218],[73.2516639,42.5293864],[73.2235157,42.5286632],[73.1554773,42.5476417],[73.1200892,42.5519331],[73.0673587,42.5452307],[73.0428504,42.5497282],[73.0232345,42.548586],[72.9107899,42.5349882],[72.901115,42.5373152],[72.8795088,42.5524441],[72.8390883,42.5573465],[72.8142389,42.5678214],[72.7973482,42.5805139],[72.7728498,42.6134178],[72.7442786,42.6389054],[72.7319712,42.6443639],[72.7086716,42.6456949],[72.6672985,42.656922],[72.6067418,42.6814386],[72.5880279,42.6839912],[72.5495378,42.677163],[72.4989387,42.6851377],[72.4156112,42.7101626],[72.4018316,42.7199013],[72.2820197,42.7592688],[72.2319631,42.7602762],[72.1911164,42.7505147],[72.1660755,42.7544325],[72.1450573,42.7396819],[72.1203697,42.7365025],[72.0886145,42.7443473],[72.05693,42.7688936],[72.0377283,42.7738598],[72.0209721,42.7733995],[71.9846791,42.7840658],[71.9540794,42.7987708],[71.9389642,42.8141413],[71.9047703,42.8198004],[71.8636388,42.8328097],[71.8180014,42.8312416],[71.7983848,42.8201286],[71.7605216,42.8075477],[71.6753845,42.7898434],[71.6274041,42.7647661],[71.5706103,42.7748604],[71.557168,42.7892919],[71.534108,42.8014978],[71.508332,42.7919324],[71.4991057,42.79536],[71.4692626,42.7877866],[71.4702608,42.7847302],[71.4286347,42.7952601],[71.394898,42.797879],[71.3669858,42.7853485],[71.2771306,42.7803987],[71.2691126,42.7726223],[71.2703547,42.7554467],[71.2445913,42.7131004],[71.2273634,42.6929027],[71.178175,42.6740989],[71.182785,42.648231],[71.177703,42.624729],[71.18206,42.617549],[71.17974,42.610397],[71.159889,42.589805],[71.156677,42.605194],[71.052207,42.599552],[71.002555,42.587646],[71.0003748,42.5583251],[71.0439775,42.5340403],[71.0889746,42.4843773],[71.075477,42.472625],[70.9801217,42.4975601],[70.978942,42.487552],[70.95919,42.457042],[70.95346,42.43288],[70.932899,42.41798],[70.93605,42.411693],[70.955726,42.400127],[70.932868,42.391559],[70.930465,42.380645],[70.920791,42.371528],[70.90998,42.365707],[70.894027,42.363689],[70.882408,42.348281],[70.881309,42.343032],[70.886611,42.335418],[70.881324,42.327548],[70.872291,42.326255],[70.8655832,42.3201236],[70.8431254,42.3262516],[70.8355999,42.3393361],[70.8236851,42.3432528],[70.8076354,42.3683159],[70.7788714,42.3926207],[70.7934449,42.414204],[70.7870647,42.4387437],[70.7714135,42.450322],[70.7394241,42.45115],[70.7218996,42.4588021],[70.6913746,42.450403],[70.6669005,42.452186],[70.6559164,42.4688016],[70.6530954,42.4846609],[70.6439346,42.501415],[70.6243028,42.519383],[70.6198641,42.5315884],[70.5842483,42.548423],[70.5703248,42.5469041],[70.5568439,42.5558784],[70.5413409,42.5865956],[70.5246562,42.5845016],[70.5025796,42.5974158],[70.5183206,42.6023661],[70.4459678,42.6480023],[70.4269398,42.648833],[70.4097411,42.6547685],[70.3905579,42.6702683],[70.3798067,42.6852446],[70.3460155,42.6962187],[70.3231947,42.6930651],[70.3252025,42.6948372],[70.3128972,42.7085144],[70.307322,42.7079797],[70.2945318,42.7190959],[70.2380085,42.720595],[70.2365057,42.7302327],[70.2256029,42.7333485],[70.2065763,42.747031],[70.2344307,42.793725],[70.1938663,42.8111945],[70.2159469,42.8277459],[70.2012199,42.8507479],[70.201937,42.85642],[70.2208931,42.8719821],[70.2512943,42.8779716],[70.2359747,42.8842644],[70.2212799,42.9040046],[70.2287906,42.9236437],[70.2246022,42.942854],[70.2145451,42.9441075],[70.1987667,42.9536206],[70.207183,42.9665823],[70.1947099,42.9735028],[70.1905972,42.9843913],[70.2038215,42.9912189],[70.1954233,42.9979201],[70.1982335,43.006532],[70.1859385,42.9981952],[70.1742042,43.0191257],[70.1445716,43.0282436],[70.1772763,43.0540998],[70.1669215,43.0660214],[70.1727433,43.0686071],[70.1499799,43.0925572],[70.1244905,43.0737649],[70.0638968,43.1169329],[70.0726706,43.129989],[70.0732537,43.1495581],[70.0478329,43.1489121],[70.0043516,43.170464],[70.0089985,43.1819738],[70.0025032,43.1973731],[69.994553,43.2000419],[69.9953178,43.2051478],[70.0002584,43.20498],[69.9896419,43.2125541],[69.9796227,43.2150096],[69.942334,43.207093],[69.916942,43.2112931],[69.9090869,43.2232371],[69.9156535,43.2265794],[69.9134283,43.2329948],[69.9047167,43.2295389],[69.8859404,43.2584099],[69.8483792,43.2678994],[69.8213852,43.2335625],[69.8212039,43.2267092],[69.8075627,43.2280467],[69.8050796,43.2360939],[69.7892713,43.242667],[69.7590938,43.2430672],[69.7310709,43.2593744],[69.6729386,43.2608411],[69.6480755,43.2494951],[69.6345091,43.2502893],[69.6312511,43.263429],[69.6373597,43.2838283],[69.6266579,43.3032761],[69.620786,43.3059846],[69.5619571,43.296864],[69.5612888,43.2922323],[69.5398953,43.2984718],[69.5294436,43.3094227],[69.535351,43.3306116],[69.5269248,43.3696234],[69.5424254,43.4119832],[69.5084005,43.4229761],[69.4830408,43.4212583],[69.4339444,43.4313126],[69.4504879,43.4637579],[69.4655004,43.4697035],[69.4916209,43.4956755],[69.5157659,43.5090166],[69.5572584,43.5558766],[69.6158612,43.6764816],[69.6382409,43.7089972],[69.644635,43.7248878],[69.680387,43.7634841],[69.6797653,43.8200512],[69.701683,43.9260755],[69.7144809,43.958754],[69.7336549,43.9874852],[69.706785,44.0272817],[69.7442858,44.068695],[69.7642303,44.0987894],[69.7681796,44.1247948],[69.824794,44.1605552],[69.716991,44.6539121],[69.6675498,44.8205814],[69.6526666,44.8879803],[69.5925074,44.9559329],[69.538832,45.1548863],[69.4643563,45.3384052],[69.3586385,45.4974416],[69.2665926,45.7693648],[69.2499637,45.7691513],[69.0671103,45.9998871],[71.5489568,46.0053439]]]},"properties":{"code":"KZ-ZHA","name_ru":"Жамбылская область","name_en":"Jambyl Region","region_type":"oblast"}},{"type":"Feature","id":"KZ-KAR","geometry":{"type":"MultiPolygon","coordinates":[[[[62.9507837,47.1908564],[63.0183195,47.1992063],[62.9500893,47.1907705],[62.9507837,47.1908564]]],[[[67.3991195,49.9154538],[67.6381802,50.1188086],[67.5758572,50.1628483],[67.6062197,50.1884341],[67.5993414,50.2231603],[67.6301901,50.2364984],[67.746846,50.2477405],[67.8603058,50.2977868],[67.9641775,50.3171783],[68.0169124,50.3661322],[68.0169124,50.3926279],[68.0904216,50.4404863],[68.0920196,50.464906],[67.991344,50.5126914],[68.0089223,50.5380895],[67.938665,50.5530087],[67.933065,50.5699187],[67.937585,50.5768587],[67.933535,50.5800687],[67.942575,50.5987287],[67.934305,50.6106586],[67.917085,50.6183786],[67.921025,50.6278586],[67.915025,50.6329086],[67.915245,50.6386186],[67.901545,50.6449686],[67.905375,50.6527386],[67.8907575,50.6563837],[67.9469577,50.6531909],[67.9878283,50.6604907],[68.029105,50.655397],[68.0461201,50.6610701],[68.0816737,50.6303555],[68.1159897,50.6190287],[68.1451181,50.6188947],[68.1759056,50.6343969],[68.2105778,50.641838],[68.2181753,50.6500563],[68.2559117,50.6570653],[68.3277993,50.7115973],[68.3305373,50.7232927],[68.4312734,50.7557045],[68.4778619,50.762904],[68.4815399,50.7670035],[68.4775456,50.7775235],[68.5123897,50.8040763],[68.8012771,50.7995321],[68.7923867,50.5601487],[68.7733508,50.5480601],[68.7495036,50.512442],[68.7605597,50.4709674],[68.7368455,50.4200316],[68.7297835,50.3019416],[68.6906093,50.276648],[68.6739334,50.2440104],[68.7162431,50.2441066],[68.7517067,50.2392472],[68.7502975,50.214048],[68.7888919,50.2213405],[68.8242524,50.2023261],[68.8519533,50.2053289],[68.9651311,50.1762689],[69.0505395,50.1905903],[69.0813016,50.1792097],[69.0813285,50.1950192],[69.1090389,50.1969726],[69.1528482,50.1781493],[69.1645753,50.2324783],[69.184538,50.2599667],[69.2141918,50.2372465],[69.2593811,50.2348251],[69.3040701,50.2460299],[69.2936369,50.3033654],[69.2450242,50.3000199],[69.2661749,50.3582696],[69.3722025,50.3876203],[69.4211783,50.3336034],[69.4470568,50.3769818],[69.4855265,50.3615124],[69.5187846,50.2951676],[69.5845361,50.2889898],[69.6007445,50.2823662],[69.6012612,50.1975769],[69.6099913,50.1988966],[69.6214926,50.1939516],[69.6345389,50.198567],[69.6501601,50.1928526],[69.6774542,50.1959297],[69.6816097,50.1903866],[69.6983555,50.1901428],[69.7013625,50.1958982],[69.7063305,50.1943575],[69.7220182,50.2013287],[69.739245,50.1955911],[69.7960969,50.2087112],[69.9843848,50.2369016],[70.0121939,50.2472214],[70.0290167,50.244477],[70.0576842,50.2569902],[70.0700438,50.2561122],[70.0762236,50.2453552],[70.08618,50.2411835],[70.095793,50.2285563],[70.0978529,50.2161454],[70.0849783,50.2092247],[70.0837767,50.2021931],[70.116564,50.200435],[70.1438582,50.2166946],[70.1732123,50.1986769],[70.1646292,50.1854888],[70.1514113,50.1828508],[70.1447165,50.170428],[70.1496947,50.1648202],[70.1491797,50.1548126],[70.1328719,50.1455728],[70.1366484,50.139082],[70.1323569,50.1259875],[70.1143324,50.1091465],[70.1177657,50.0996778],[70.13888,50.0807346],[70.1196539,50.0756671],[70.1129591,50.0697177],[70.1151907,50.0553919],[70.1227438,50.0453614],[70.1457465,50.0391877],[70.1610243,50.044259],[70.1780188,50.0409517],[70.2073729,50.0530774],[70.2252257,50.0473456],[70.2380919,50.0548087],[70.262047,50.0562051],[70.2794161,50.0626329],[70.2885998,50.0585859],[70.2989212,50.0601254],[70.308272,50.0695655],[70.3202407,50.0733753],[70.337538,50.0696137],[70.3457387,50.0729552],[70.3502082,50.0842302],[70.3781427,50.0858109],[70.3880375,50.0928201],[70.3964379,50.0906513],[70.4384306,50.0967804],[70.5278334,50.1331911],[70.5483173,50.148981],[70.4752932,50.2347361],[70.6267657,50.2878612],[70.6487697,50.2927736],[70.6720821,50.2850418],[70.7299998,50.2311597],[70.7505691,50.2502498],[70.7519234,50.2871607],[70.7699925,50.3922084],[70.7694883,50.4413324],[70.7956454,50.4404963],[70.8236956,50.4509401],[70.8425721,50.4605903],[70.8537108,50.4770094],[70.9205757,50.4685911],[70.9486777,50.4716312],[70.9517388,50.477213],[71.0639043,50.507482],[71.0583831,50.5567902],[71.1273994,50.6092238],[71.2116139,50.606326],[71.2287914,50.6517018],[71.3314348,50.6515523],[71.3280913,50.6752151],[71.3401852,50.7014383],[71.33542,50.7217601],[71.4073613,50.7500566],[71.4057479,50.7474204],[71.4140018,50.7456146],[71.4503473,50.7546587],[71.4580746,50.7518388],[71.4932027,50.7692167],[71.500816,50.7778783],[71.5267953,50.7936191],[71.5411051,50.7918373],[71.5553713,50.7733244],[71.651546,50.7888871],[71.6585118,50.7548997],[71.7135885,50.746705],[71.7356709,50.7543395],[71.7951201,50.6938166],[71.8177488,50.7027094],[71.8366139,50.6827012],[71.821039,50.6633391],[71.7926256,50.6525022],[71.7590938,50.6264583],[71.7691521,50.6172717],[71.7877484,50.6157247],[71.8014718,50.610002],[71.8164391,50.5892633],[71.7869564,50.5557373],[71.7798255,50.5055995],[71.773024,50.4900047],[71.7399223,50.4527739],[71.7209579,50.4452381],[71.7102257,50.429051],[71.7996797,50.4240918],[71.8086367,50.4650509],[72.0117307,50.4669354],[72.058982,50.4450304],[72.1020996,50.4130474],[72.1228379,50.4095167],[72.1170697,50.4452614],[72.2027942,50.4552015],[72.1944337,50.4563763],[72.1699543,50.5392602],[72.2361634,50.5618779],[72.2667959,50.5936902],[72.3790018,50.5560615],[72.4458289,50.5649266],[72.4787032,50.608009],[72.4751643,50.6156483],[72.4266288,50.6396902],[72.4032611,50.6565801],[72.3992326,50.677786],[72.4817128,50.7402352],[72.494914,50.7442414],[72.5054672,50.7342821],[72.50503,50.7232614],[72.511546,50.7212043],[72.5145621,50.7121531],[72.519193,50.7116101],[72.5244526,50.7344624],[72.6624356,50.7496269],[72.7016147,50.8050605],[72.7169127,50.8185863],[72.7217571,50.8356268],[72.7524392,50.845672],[72.7696611,50.8595063],[72.7741074,50.8702243],[72.7923566,50.8873936],[72.9796138,50.861698],[73.0051396,50.8831355],[73.1692005,50.9216281],[73.1703724,50.993881],[73.2380654,51.0014105],[73.3135878,51.0170402],[73.3138902,51.0128113],[73.3208912,51.0120796],[73.3523143,51.0205517],[73.3520817,51.0177718],[73.3795508,51.0245166],[73.3980883,51.0247799],[73.4141836,51.0311287],[73.4267668,51.0465729],[73.4391872,51.0506233],[73.4408885,51.0554982],[73.4566128,51.0564818],[73.457894,51.060869],[73.4769201,51.0660589],[73.4840178,51.077963],[73.4994545,51.0872704],[73.4987704,51.0928169],[73.5028549,51.0955252],[73.5108432,51.098525],[73.5251902,51.0968224],[73.5314118,51.103581],[73.5412352,51.106377],[73.5419005,51.1113192],[73.5780678,51.1209028],[73.4378337,51.1791015],[73.3879987,51.1601401],[73.3613585,51.1629515],[73.3469968,51.1250403],[73.3199964,51.1210371],[73.3124591,51.151365],[73.2809197,51.1744051],[73.2481998,51.2315632],[73.1967221,51.215899],[73.1562178,51.2767277],[73.1925832,51.2887566],[73.2040682,51.288433],[73.2233331,51.304766],[73.2659452,51.2746624],[73.3108874,51.2738159],[73.3599762,51.2842969],[73.3613542,51.2968943],[73.3936565,51.3034575],[73.4172862,51.2668521],[73.429439,51.2555737],[73.440808,51.2964755],[73.4754966,51.3097862],[73.5010834,51.3061812],[73.5349552,51.307512],[74.0307699,51.2017344],[74.0274881,51.1976441],[74.011536,51.1937025],[74.0001691,51.1779511],[73.9997889,51.1692406],[74.0040496,51.1627435],[74.0170591,51.157479],[74.0162008,51.1442346],[74.0212241,51.1357049],[74.0337482,51.1222702],[74.0458983,51.1179498],[74.04401,51.1045863],[74.0486448,51.098442],[74.0005797,51.044942],[74.000923,51.0262671],[74.0191191,51.0113651],[74.0180891,51.0039122],[74.0271872,51.0018598],[74.0167158,50.9978626],[74.0091059,50.9758234],[73.9902943,50.952748],[74.0144946,50.9478061],[74.0229034,50.9417801],[74.0332928,50.9464439],[74.0328602,50.9422297],[74.0499041,50.9395097],[74.0579639,50.9478941],[74.0546893,50.9496757],[74.0604977,50.9555642],[74.0587945,50.9581273],[74.0711228,50.9647008],[74.0742382,50.964267],[74.0730606,50.9530504],[74.0891856,50.954851],[74.0874857,50.9518251],[74.0911705,50.9522901],[74.0948876,50.9433635],[74.0932536,50.9387847],[74.08484,50.9364844],[74.08743,50.9310503],[74.0800945,50.9269437],[74.0849536,50.9206953],[74.077887,50.9160105],[74.0590791,50.9201975],[74.0634547,50.9146864],[74.048034,50.9075012],[74.0478405,50.9039772],[74.0567599,50.9014588],[74.0557983,50.8910822],[74.0602824,50.8839866],[74.0721622,50.8779698],[74.0573494,50.874113],[74.0506234,50.8670421],[74.0660732,50.8644331],[74.0651185,50.8578123],[74.0536767,50.8528396],[74.0668138,50.8383027],[74.0627522,50.8377492],[74.0602483,50.8437454],[74.04481,50.8420457],[74.0395975,50.8465778],[74.0268653,50.8387039],[74.0076866,50.8366967],[73.9948278,50.8297384],[73.9935685,50.8325514],[73.9212059,50.7796501],[73.9433882,50.7547195],[73.944207,50.7493115],[73.8807747,50.6977137],[73.8941997,50.6644215],[73.9939665,50.6107556],[74.0221973,50.6102158],[74.2434985,50.6203516],[74.2866671,50.6168528],[74.3681572,50.6371165],[74.4000258,50.662294],[74.4502306,50.6633262],[74.481152,50.6451258],[74.5809942,50.6286638],[74.62783,50.6074937],[74.6275725,50.5889585],[74.5968152,50.5546143],[74.6007761,50.5158444],[74.632116,50.4887776],[74.6450922,50.4664459],[74.6777623,50.478906],[74.7089632,50.4803852],[74.7282577,50.522164],[74.7252724,50.5286015],[74.7584698,50.5457505],[74.8265211,50.4827366],[74.8712584,50.45443],[74.9141423,50.4678315],[74.955319,50.4282967],[74.9661161,50.4119696],[74.9664867,50.3730597],[74.9732322,50.3517319],[74.9597405,50.3467399],[74.972303,50.3298749],[75.01866,50.3027235],[75.0969729,50.2763867],[75.1398427,50.2548244],[75.1304663,50.2315267],[75.109204,50.2251571],[75.1162553,50.218065],[75.0709804,50.2054869],[75.0670588,50.2133555],[74.9995738,50.200589],[74.9838625,50.1883035],[74.9363235,50.1844162],[74.8897361,50.1579644],[74.865273,50.1344337],[74.8410691,50.1194763],[74.8216831,50.1161839],[74.8033107,50.1067637],[74.8450607,50.0406923],[74.9125783,50.0379944],[74.9449634,50.0134361],[75.0099236,50.0226406],[75.0124294,50.0295995],[75.0624499,50.0490504],[75.0781882,50.0602456],[75.3294824,50.1727952],[75.4412494,50.1875991],[75.570253,50.1808902],[75.641999,50.1892347],[75.6726454,50.220081],[75.6892169,50.222717],[75.696541,50.2316275],[75.7046865,50.2342374],[75.7270735,50.2339092],[75.734342,50.2225045],[75.7553988,50.2216736],[75.7763874,50.203331],[75.8478562,50.2040553],[75.9121371,50.220302],[75.9290788,50.2210528],[75.9782288,50.2431894],[76.0366618,50.2572116],[76.1066051,50.2577182],[76.2161647,50.2127409],[76.2229629,50.2357157],[76.2668494,50.2629025],[76.2660464,50.2875802],[76.272527,50.3047842],[76.3263751,50.3148168],[76.3199768,50.3286012],[76.5260383,50.3305083],[76.6044964,50.2988518],[76.650602,50.2726519],[76.781479,50.5913619],[76.845387,50.6398077],[76.9863854,50.6564544],[77.0108703,50.654759],[77.0617368,50.6596955],[77.076993,50.6675037],[77.2531269,50.567198],[77.3784768,50.548063],[77.4504501,50.5507278],[77.6459057,50.4646201],[77.6433905,50.3611722],[77.6003172,50.278314],[77.6971702,50.2218527],[77.7022768,50.2039699],[77.6785447,50.1607153],[77.4760701,50.050699],[77.4458148,50.0213149],[77.4176623,50.015993],[77.2770287,49.970305],[77.2317852,49.9431917],[77.1924747,49.9440409],[77.1658457,49.9286694],[77.1464265,49.8781696],[77.1618761,49.8619055],[77.1510614,49.8178434],[77.1453966,49.7720782],[77.1826471,49.7565547],[77.1769823,49.7060692],[77.1670259,49.6834168],[77.1048416,49.6155911],[77.0888327,49.6039244],[77.0404242,49.5528347],[76.858924966,49.513442612],[76.8416904,49.5143283],[76.816678826,49.506494648],[76.7767523,49.511278],[76.5831935,49.4583409],[76.5784085,49.4553769],[76.580404,49.4507598],[76.5748036,49.4492532],[76.5755653,49.4435194],[76.5673149,49.4393058],[76.566081,49.4303333],[76.5617359,49.4279678],[76.5647936,49.4257068],[76.560266,49.4232504],[76.5648579,49.4174297],[76.56003,49.4136885],[76.5671861,49.4073502],[76.5650296,49.404823],[76.5755546,49.4026727],[76.5830541,49.3953135],[76.5820992,49.379991],[76.5926134,49.3689955],[76.5897703,49.3655232],[76.598407,49.3625047],[76.595757,49.3577461],[76.6032565,49.347151],[76.6141033,49.33712],[76.6242313,49.3006135],[76.71186307,49.279121468],[76.8196676,49.2244365],[76.8279074,49.2063832],[76.8430136,49.1949423],[76.839237,49.1659918],[76.8465757,49.1411515],[76.8544292,49.1355291],[76.8796098,49.1299622],[76.905228022,49.12957072],[76.9053809,49.1253779],[76.986297,49.0947076],[77.0231723,49.0493452],[76.958299954,49.02211666],[76.9182844,49.0359164],[76.8338298,49.0133858],[76.83661,48.9454614],[76.8510296,48.8904124],[76.8345501,48.8696404],[76.833048,48.8484292],[76.8838598,48.8140769],[76.8905546,48.8199546],[77.2893883,48.8544582],[77.3316492,48.7418577],[77.3163636,48.7379573],[77.3132063,48.732376],[77.317058,48.729326],[77.312348,48.726304],[77.318914,48.7176265],[77.3137964,48.7160338],[77.3157812,48.7138818],[77.3083569,48.7045932],[77.3182703,48.6809532],[77.3104168,48.6663303],[77.304473,48.6641053],[77.3017694,48.6545098],[77.3049451,48.6514338],[77.3004604,48.6489104],[77.3032929,48.6391986],[77.3103953,48.6376672],[77.3099018,48.6340513],[77.3166149,48.6299192],[77.1575136,48.4908307],[76.9601057,48.5021826],[76.904086,48.4828216],[76.896865,48.4672475],[76.9006034,48.426951],[76.8904442,48.4116822],[76.8683305,48.4041114],[76.8217244,48.4029738],[76.8401432,48.3671844],[76.8783342,48.3480968],[76.9355157,48.326575],[76.9816873,48.2864219],[77.0355777,48.2733236],[77.1548714,48.2697723],[77.1469915,48.2443476],[77.1167362,48.2382033],[77.0601249,48.2370878],[77.0485599,48.2159379],[77.044425,48.1988224],[77.0597117,48.1757173],[77.163457,48.1032934],[77.2281934,48.1062993],[77.2922427,48.0975527],[77.333018302,48.071397027],[77.218919,48.0331325],[77.1679767,48.0198812],[77.1940021,47.9586985],[77.141605,47.9434474],[77.116496409,47.853651791],[77.0944389,47.8515903],[77.0399808,47.8579144],[77.046030995,47.834239016],[77.0019595,47.7168689],[76.9877785,47.7023601],[76.9754848,47.6714998],[76.9708977,47.6452202],[76.979622584,47.638307415],[77.016088179,47.567703527],[77.048177298,47.420071974],[76.9780773,47.4401031],[76.8721603,47.4425432],[76.849266095,47.316248081],[76.838849089,47.283944972],[76.7833602,47.2471585],[76.788364964,47.245320424],[76.7792421,47.2409795],[76.8311753,47.2228476],[76.8805341,47.1723516],[77.1256858,47.0787592],[77.1702342,47.0754442],[77.2302058,47.1708237],[77.2916873,47.1824641],[77.3278898,47.1623061],[77.3906753,47.14745],[77.4657805,47.1590817],[77.5555727,46.6212111],[77.3966719,46.6077154],[77.3384806,46.6134323],[77.2824166,46.5847886],[77.2635493,46.5427629],[77.1068789,46.5459988],[77.1060146,46.5697047],[77.072494,46.6227661],[77.0039859,46.646582],[76.9770922,46.6331402],[76.9748176,46.6203063],[76.9419555,46.6174097],[76.9186713,46.6257907],[76.8784958,46.6322203],[76.8330826,46.6779761],[76.8199996,46.6710807],[76.8706081,46.6221121],[76.8930805,46.6158765],[76.9466395,46.5518559],[76.9318504,46.5383365],[76.8385835,46.5850236],[76.7007253,46.6275191],[76.6970374,46.6468832],[76.6046084,46.6655735],[76.5251925,46.6425761],[76.527229,46.6189222],[76.537671,46.5934255],[76.481427,46.6270887],[76.4335337,46.6433558],[76.3897338,46.6155472],[76.3774253,46.6220627],[76.3852363,46.6488398],[76.3674324,46.6910546],[76.3169326,46.6547861],[76.2252178,46.6385096],[76.0490946,46.7381439],[75.8859069,46.7247385],[75.6098576,46.69353],[75.5222454,46.7074918],[75.3270355,46.6820584],[75.0189389,46.5572977],[74.7435649,46.5263855],[74.1657195,46.1383257],[74.0825192,46.040373],[74.0605728,46.0010499],[72.0918747,46.0026909],[71.3260421,46.0072627],[71.3119417,46.2220407],[71.3296894,46.3265885],[71.2850197,46.5040117],[71.3468349,46.7195847],[71.324118,46.8872802],[71.3092208,47.1418195],[71.3066729,47.395224],[71.3616938,47.5352784],[71.3813177,47.6561585],[71.5766877,47.5434254],[71.7165716,47.5190722],[71.7871377,47.7025046],[71.8186028,47.6987892],[71.8573688,47.7056181],[71.8833026,47.7201071],[71.8961015,47.7429887],[71.9045729,47.7451892],[71.9118258,47.7527464],[71.9346348,47.7596025],[71.9456304,47.7714084],[71.9544824,47.7706841],[71.9664255,47.7782125],[71.9996995,47.7762989],[72.0090574,47.7808679],[72.0161089,47.7789207],[72.0334561,47.7886974],[72.0585922,47.7955168],[72.0734611,47.7946891],[72.0892932,47.8004589],[72.1225863,47.7993618],[72.0941613,47.8389642],[72.072449,47.8490018],[72.0633495,47.8654704],[72.0687225,47.8715134],[72.0416845,47.9264554],[72.0430059,47.9372451],[72.0251129,47.9572611],[72.0247429,47.9625821],[71.9930957,47.9788777],[71.9889626,47.9929973],[71.991933,47.9980026],[71.974484,48.0150087],[71.9710663,48.0238177],[71.9409333,48.0379975],[71.9402444,48.0445439],[71.9553472,48.0525901],[71.9557015,48.0612163],[71.9623315,48.0645818],[71.9621797,48.0734342],[71.9683058,48.0815066],[71.9670532,48.0965676],[71.9716462,48.1008518],[71.9701152,48.1064791],[71.9778239,48.1228889],[71.9664793,48.1466951],[71.9714717,48.1554219],[71.9681255,48.1662537],[71.9503123,48.1782406],[71.9421438,48.1899862],[71.9327496,48.1926105],[71.9325796,48.1977335],[71.907771,48.2089326],[71.8991895,48.2300829],[71.9056425,48.2368084],[71.9010115,48.2417972],[71.9061739,48.2450835],[71.9029854,48.2491953],[71.9073559,48.2552791],[71.8664607,48.2841873],[71.8666462,48.2882967],[71.8598538,48.2911408],[71.8635277,48.2988034],[71.8422684,48.3197096],[71.9538679,48.3491082],[72.001277,48.5002503],[72.0117012,48.6262903],[72.0092071,48.6715241],[72.0022715,48.6804117],[72.0020632,48.7126038],[72.0367519,48.7149392],[72.038891,48.7344236],[72.1095257,48.7386421],[72.1001618,48.7917259],[72.0686348,48.8054807],[72.0605292,48.8297263],[72.1046405,48.8315874],[72.0966002,48.9281212],[72.0406368,48.9248909],[72.0126522,48.9520765],[71.9959237,48.9517851],[71.9853693,48.9689612],[72.0204799,49.0013066],[71.9422007,49.0421202],[71.9423765,49.1697029],[71.7641768,49.1635138],[71.6682286,49.1644997],[71.6289042,49.1787703],[71.640108,49.2375271],[71.1760328,49.1936809],[71.0045484,49.1714574],[70.9439444,49.2228423],[70.818542,49.2598317],[70.7762779,49.3094884],[70.770163,49.3646858],[70.7405107,49.3763121],[70.6820681,49.3861105],[70.5494267,49.3908742],[70.5545778,49.1391027],[70.4964816,48.9930932],[70.4286292,48.857657],[69.8753207,48.7965525],[69.8254872,48.7988137],[69.8178853,48.7727108],[69.7723802,48.7168506],[69.4238281,48.6435968],[69.2942806,48.6884024],[69.1554084,48.7980449],[68.9046761,48.7962736],[68.7164087,48.8660535],[68.3629244,49.1475148],[67.9806577,49.1786496],[67.9434224,49.1763961],[67.9108157,49.208203],[67.9306291,49.3090196],[67.8835643,49.4212041],[67.7909637,49.4999889],[67.7372235,49.5516751],[67.6653786,49.6981431],[67.6208932,49.6968516],[67.5484577,49.7258034],[67.5443831,49.7337142],[67.5484024,49.7639653],[67.472185,49.8487682],[67.446772,49.8628298],[67.4432287,49.8807448],[67.4316344,49.8860584],[67.3991195,49.9154538]]]]},"properties":{"code":"KZ-KAR","name_ru":"Карагандинская область","name_en":"Karaganda Region","region_type":"oblast"}},{"type":"Feature","id":"KZ-KUS","geometry":{"type":"Polygon","coordinates":[[[63.9722145,48.2200026],[63.9029831,48.2975471],[63.8444864,48.3854584],[63.770803,48.4539982],[63.5857416,48.5343204],[63.4673136,48.5637641],[63.4167575,48.6017719],[63.0787071,48.6824376],[63.076024,48.6971221],[63.0492698,48.7580664],[63.1254588,48.8355615],[63.1301743,48.8634099],[63.0203849,48.9294032],[62.9531991,48.8899426],[62.8454438,48.8488132],[62.7845602,48.8923923],[62.7278384,48.9260047],[62.6346956,48.9753657],[62.5842321,48.9942686],[62.5487909,49.0181311],[62.4457533,49.1982469],[62.3614304,49.2008006],[62.3760908,49.2356296],[62.4963279,49.2438323],[62.5212723,49.2376385],[62.5474519,49.253269],[62.4507426,49.3720044],[62.3386121,49.4775429],[62.3048425,49.4972671],[62.3673374,49.5777718],[62.4336573,49.5570087],[62.4731744,49.562053],[62.4508357,49.5802024],[62.452104,49.6249717],[62.4379602,49.6836636],[62.4837542,49.7004747],[62.5550886,49.7353049],[62.5963198,49.8065164],[62.593689,49.8436132],[62.5987272,49.8625099],[62.6376926,49.8854201],[62.6582898,49.9084583],[62.7395891,49.9401861],[62.7906653,49.936889],[62.8964781,49.8827279],[62.9045133,49.8874985],[62.9232633,49.8864485],[62.9260233,49.8817585],[62.9360333,49.8908085],[62.9272233,49.8958985],[62.9302533,49.8982385],[62.9227833,49.8998984],[62.9292333,49.9022784],[62.9248933,49.9047984],[62.9318533,49.9061184],[62.9105233,49.9164284],[62.9197633,49.9214383],[62.9173233,49.9240883],[62.9214433,49.9265083],[62.9169633,49.9301083],[62.9230433,49.9295683],[62.9197633,49.9334783],[62.9252933,49.9331583],[62.9204933,49.9402083],[62.9332023,49.9432811],[62.94262,49.95571],[62.94853,49.95512],[62.94871,49.96771],[62.94044,49.98807],[62.94717,49.98766],[62.94798,49.99517],[62.95298,49.99744],[62.9454,49.99945],[62.94914,50.00457],[62.93614,50.00932],[62.92588,50.01903],[62.91632,50.01849],[62.910202,50.0330545],[62.8909759,50.0385674],[62.894289,50.0407532],[62.8892593,50.0505836],[62.8912334,50.0578028],[62.8809337,50.0618804],[62.8859977,50.0686021],[62.8829078,50.0692632],[62.8847103,50.0760389],[62.875698,50.0795641],[62.8848819,50.0866689],[62.8852253,50.0920656],[62.865364,50.1047922],[62.8596477,50.1023328],[62.8566436,50.1132046],[62.8508071,50.1112506],[62.8485755,50.1176627],[62.8422241,50.1201392],[62.8472967,50.1277428],[62.8405504,50.1316947],[62.8416318,50.1349779],[62.8318386,50.1362061],[62.8358383,50.1380037],[62.8351945,50.1440547],[62.8224916,50.1513698],[62.8210754,50.165282],[62.800476,50.1722366],[62.7976007,50.1630278],[62.7820653,50.1772939],[62.7812843,50.1814341],[62.7917127,50.1885787],[62.7843742,50.1931946],[62.7586336,50.1962263],[62.7497844,50.2073419],[62.7366952,50.2121208],[62.7403001,50.2172012],[62.7282409,50.2237913],[62.7299661,50.2304725],[62.7243442,50.2315157],[62.7285499,50.2334373],[62.7212886,50.2370786],[62.7265243,50.2378472],[62.7241211,50.2413605],[62.7311592,50.24287],[62.7269105,50.2458341],[62.7351074,50.2504719],[62.7345924,50.2648765],[62.7241296,50.2694947],[62.7212457,50.2783717],[62.7123622,50.2802915],[62.7142505,50.2828144],[62.708929,50.2899987],[62.6882524,50.2962319],[62.6900463,50.3003344],[62.6948099,50.3001973],[62.6905183,50.3074338],[62.6823301,50.3056618],[62.6677732,50.3097909],[62.671421,50.3173547],[62.6645631,50.3205977],[62.6672153,50.3250817],[62.6624603,50.3303515],[62.6633958,50.3376285],[62.6560573,50.3382037],[62.6500492,50.3446402],[62.6429338,50.3437734],[62.6447277,50.3474062],[62.6388568,50.3513318],[62.6437063,50.3563426],[62.6390285,50.3627492],[62.6431827,50.3753587],[62.6346855,50.3856485],[62.628643,50.3903096],[62.6119918,50.3907474],[62.6093225,50.3967841],[62.5894956,50.408683],[62.5784235,50.4067411],[62.5576095,50.4163131],[62.559721,50.4229126],[62.5498504,50.4361716],[62.5509147,50.4437331],[62.5419025,50.447969],[62.5373621,50.4588264],[62.5218181,50.4632973],[62.5070209,50.4778655],[62.5010042,50.500791],[62.5253887,50.5097805],[62.5285129,50.515611],[62.4946316,50.5562244],[62.497042,50.590701],[62.4398026,50.6887064],[62.2669253,50.6415066],[62.2295418,50.6760218],[62.2764607,50.7218448],[62.2632601,50.7561288],[62.2357091,50.7855901],[62.2218367,50.8136176],[62.2764924,50.801556],[62.3114652,50.8414364],[62.4302613,50.8528345],[62.2285783,50.978418],[62.2084928,51.0130433],[62.275578,51.0411558],[62.2830313,51.0801644],[62.1810776,51.129435],[62.1311626,51.1387589],[62.1041875,51.1288912],[62.0810046,51.1113456],[62.0732541,51.0730547],[61.9947382,51.0893369],[61.9976978,51.1083931],[61.9519399,51.1412059],[61.9421036,51.1609173],[61.9136577,51.2624587],[61.9041498,51.2743663],[61.8521517,51.3170692],[61.7870868,51.269131],[61.689558,51.255677],[61.549005,51.323379],[61.505234,51.406996],[61.500527,51.409259],[61.4478472,51.4095469],[61.4216981,51.4230669],[61.4048341,51.4166797],[61.3908843,51.4198276],[61.3883879,51.4276964],[61.3667842,51.4266787],[61.3508104,51.4397623],[61.3190613,51.4437617],[61.3026837,51.4383582],[61.2776993,51.4373379],[61.2616473,51.4436858],[61.2527241,51.4406873],[61.2510365,51.4447982],[61.2353239,51.4514111],[61.2171986,51.44915],[61.2029797,51.4610683],[61.1799347,51.4543359],[61.1552796,51.4568017],[61.149475,51.450859],[61.1456827,51.4560991],[61.1390194,51.4523459],[61.1319959,51.454137],[61.1312906,51.458118],[61.1108233,51.4526782],[61.1075644,51.4477702],[61.0996976,51.4611102],[61.0873885,51.4680554],[61.0697862,51.4636895],[61.0219315,51.4662679],[61.0231152,51.4621833],[61.0201457,51.461572],[61.0087904,51.4683695],[60.9991904,51.4675272],[60.9909341,51.4879711],[60.9516866,51.4909477],[60.9545549,51.4945193],[60.9527383,51.5033877],[60.9455199,51.5088328],[60.9434643,51.5216547],[60.9324407,51.5262068],[60.9106078,51.5532476],[60.9091982,51.5677311],[60.9213502,51.5818521],[60.9240053,51.592892],[60.9346766,51.6016459],[60.9300813,51.6063076],[60.9356265,51.6152641],[60.538034,51.618012],[60.526161,51.638128],[60.41554,51.6470009],[60.3859164,51.6719091],[60.3618574,51.6771427],[60.3532495,51.6890061],[60.3750655,51.6954151],[60.3950477,51.707662],[60.3998219,51.7062121],[60.430301,51.7183386],[60.4537763,51.7347852],[60.451606,51.7384588],[60.4566057,51.7486717],[60.4662997,51.7594396],[60.4770386,51.7631709],[60.475454,51.7685017],[60.4807176,51.766472],[60.518878,51.7733024],[60.518456,51.797917],[60.428865,51.79832],[60.320541,51.831509],[60.144722,51.906717],[60.148375,51.893833],[60.16176,51.892194],[60.15559,51.873105],[60.159401,51.872768],[60.156951,51.857665],[60.143237,51.859158],[60.144215,51.870322],[60.059702,51.869999],[60.074519,51.888273],[60.032716,51.913518],[60.030312,51.935845],[60.009622,51.940114],[59.993452,51.964978],[60.003386,51.971174],[60.001687,51.993295],[60.198105,51.990784],[60.261571,52.016318],[60.340247,52.054854],[60.411924,52.101862],[60.510395,52.156918],[60.716655,52.156056],[60.7273522,52.1704215],[60.7425125,52.1794787],[60.7700457,52.2056464],[60.7804883,52.2290635],[60.836795,52.2301077],[60.8498413,52.2392541],[60.8745605,52.2482934],[60.8967048,52.2514463],[60.9277755,52.2639503],[60.944255,52.2663666],[60.9789521,52.2883242],[60.9884733,52.3062126],[61.0055941,52.3145911],[61.0106547,52.32607],[61.0344886,52.3307546],[61.067349,52.347597],[60.991177,52.423632],[60.98097,52.507692],[60.84144,52.521735],[60.843412,52.6411053],[60.8170958,52.631199],[60.7614617,52.6266924],[60.744251,52.631788],[60.744358,52.651466],[60.714894,52.662614],[60.712215,52.764534],[60.733815,52.761],[60.823079,52.775306],[60.834147,52.774146],[60.885258,52.821674],[60.87222,52.832784],[60.887919,52.830686],[60.9255201,52.8460718],[60.9409697,52.847938],[60.9601957,52.8578893],[60.9658606,52.8664913],[60.973757,52.8676312],[60.9842283,52.8852438],[61.0372717,52.9037812],[61.0468847,52.9170321],[61.0733206,52.923242],[61.076665,52.92817],[61.029102,52.950881],[61.007962,52.978279],[61.0492948,52.9808167],[61.0815458,52.9746918],[61.0921867,52.967098],[61.1122531,52.9692051],[61.1207732,52.9866642],[61.1437017,52.9987253],[61.1656744,53.0008948],[61.1921103,53.0110176],[61.20035,53.0196924],[61.2132246,53.0245454],[61.2314207,53.0250617],[61.250433,53.035909],[61.30592,52.996219],[61.389092,52.991961],[61.4696867,53.036211],[61.4932043,53.0304302],[61.5239317,53.0151487],[61.557147,53.0121159],[61.63213,52.953933],[61.657601,52.967221],[61.673195,52.968535],[61.701773,52.998212],[61.7165561,52.9914448],[61.8115962,52.9981118],[61.8179649,52.9938111],[61.8341783,52.992863],[61.8497241,53.0039684],[61.960691,52.950035],[62.030006,52.950947],[62.130271,52.989365],[62.147035,53.0683],[62.118862,53.111967],[62.025112,53.14246],[61.915054,53.141813],[61.783362,53.184299],[61.749954,53.206602],[61.731507,53.239049],[61.701827,53.249818],[61.673097,53.265905],[61.663598,53.265264],[61.638342,53.250086],[61.630162,53.223282],[61.526708,53.215251],[61.456472,53.238647],[61.400363,53.273691],[61.34094,53.284915],[61.225143,53.282833],[61.177053,53.310963],[61.169066,53.356881],[61.154711,53.405554],[61.203843,53.424877],[61.203215,53.428994],[61.2157,53.4314],[61.221847,53.443194],[61.220976,53.45522],[61.229117,53.48413],[61.2586516,53.5080373],[61.2929619,53.5151071],[61.2988519,53.5118912],[61.323913,53.5193674],[61.313847,53.506999],[61.357697,53.493278],[61.367455,53.48021],[61.366321,53.467363],[61.427517,53.455752],[61.426341,53.46239],[61.454254,53.468346],[61.464796,53.461646],[61.489895,53.47585],[61.517503,53.473471],[61.515739,53.492688],[61.531282,53.504818],[61.5487,53.5071],[61.556113,53.502235],[61.55546,53.497856],[61.566022,53.49725],[61.568309,53.504459],[61.558509,53.507356],[61.592324,53.525999],[61.580941,53.540504],[61.564171,53.538752],[61.552763,53.592662],[61.510439,53.589889],[61.507042,53.595817],[61.390904,53.601883],[61.3576544,53.5614072],[61.3495092,53.5587142],[61.3068819,53.5598862],[61.2721665,53.567125],[61.2418171,53.5640486],[61.2293495,53.5676498],[61.2273077,53.5644528],[61.2155517,53.5636444],[61.1882527,53.5723376],[61.162143,53.574761],[61.16278,53.577608],[61.126742,53.589669],[61.12091,53.615491],[60.900425,53.627799],[60.8963394,53.6676112],[60.995302,53.672938],[60.998452,53.650746],[61.04228,53.652973],[61.05841,53.721431],[61.115178,53.721553],[61.169578,53.772482],[61.196177,53.77986],[61.227187,53.79567],[61.236729,53.841731],[61.210435,53.838299],[61.207586,53.847051],[61.179691,53.85239],[61.135364,53.904236],[61.057469,53.894133],[61.036519,53.908496],[60.9953754,53.9066161],[60.997263,53.936025],[61.028433,53.95528],[61.055646,53.958689],[61.064565,53.944933],[61.079879,53.944631],[61.088259,53.956206],[61.0876261,53.9637736],[61.080065,53.970516],[61.099685,53.970592],[61.099964,53.974558],[61.1805948,53.9722296],[61.171849,53.94252],[61.206505,53.918143],[61.279929,53.928864],[61.264148,53.968745],[61.27289,53.991389],[61.258078,54.00934],[61.262417,54.0108909],[61.2599521,54.0145334],[61.2424661,54.0284814],[61.245586,54.037656],[61.26595,54.041204],[61.293575,54.073881],[61.306114,54.0711065],[61.333357,54.0791726],[61.3489959,54.0729878],[61.3606234,54.0747179],[61.3669579,54.0809892],[61.3793082,54.0846949],[61.400587,54.0868636],[61.4188761,54.0823939],[61.4805654,54.0827653],[61.480712,54.075222],[61.473557,54.070265],[61.483358,54.050542],[61.479997,54.029973],[61.550961,54.012144],[61.5412652,54.0079831],[61.569781,54.007875],[61.571867,53.968503],[61.611794,53.968468],[61.6171472,53.9821156],[61.6138549,53.9904694],[61.6302102,54.0000155],[61.6320697,54.0076294],[61.6401807,54.0157622],[61.6601845,54.0298164],[61.6667528,54.0270076],[61.6672257,54.0170676],[61.7006455,54.0188582],[61.72578,54.029901],[61.741014,54.016135],[61.746092,54.000387],[61.7822031,53.9845625],[61.818658,54.019153],[61.8459145,54.0317174],[61.8524529,54.0291374],[61.8443082,54.0133317],[61.8502603,54.008441],[61.8718061,54.0163811],[61.8929699,54.0090828],[61.8736866,53.9832672],[61.8762035,53.9799332],[61.8574503,53.9620567],[61.926775,53.955013],[61.931958,53.950236],[62.044192,53.948493],[62.015746,54.008794],[62.006056,54.037808],[62.0132898,54.0398533],[62.0381182,54.0344251],[62.0502653,54.0408626],[62.0602274,54.0380789],[62.0692636,54.0401014],[62.0751108,54.0509981],[62.0891096,54.0477368],[62.0898132,54.043127],[62.108219,54.0460191],[62.1104749,54.0427009],[62.131948,54.0414647],[62.1302011,54.0377034],[62.154168,54.0331603],[62.165446,54.0373866],[62.1754592,54.0285733],[62.1888563,54.0336074],[62.190153,54.030614],[62.204593,54.0336848],[62.2057719,54.0312005],[62.2174216,54.0393454],[62.2274417,54.0391214],[62.2281005,54.0337459],[62.2553937,54.0372191],[62.275415,54.0337515],[62.2811316,54.0369511],[62.2958764,54.0328321],[62.339218,54.032274],[62.3492084,54.0344764],[62.3452255,54.0376559],[62.3516656,54.0399744],[62.3528656,54.0372272],[62.3648173,54.0380901],[62.3893972,54.0477956],[62.419255,54.047207],[62.493913,54.032485],[62.456713,54.013784],[62.394684,54.003391],[62.445827,53.927128],[62.463959,53.926894],[62.474798,53.93145],[62.5105842,53.913221],[62.5166073,53.9135313],[62.5261847,53.923704],[62.560074,53.9381564],[62.5626214,53.9486824],[62.570482,53.9561877],[62.5779492,53.9574502],[62.578373,53.96345],[62.5841948,53.9636683],[62.5783772,53.9701885],[62.58457,53.9718839],[62.5873921,53.9867533],[62.598043,53.9882082],[62.588362,54.003664],[62.580955,54.005843],[62.5770982,54.0380609],[62.568692,54.0466654],[62.5750971,54.0591474],[62.591922,54.062327],[62.5872361,54.0640929],[62.5933576,54.0657239],[62.5947674,54.0738762],[62.6151928,54.0721623],[62.6403808,54.0838346],[62.6453791,54.0808406],[62.6570435,54.0851615],[62.6630404,54.0889526],[62.6620759,54.0923742],[62.6755552,54.090622],[62.7080842,54.0962357],[62.7186609,54.091671],[62.7226364,54.0944164],[62.7291055,54.0929678],[62.7252946,54.0905258],[62.7519239,54.0949131],[62.7652795,54.0924343],[62.7983014,54.1004355],[62.7962798,54.1028019],[62.8077893,54.1083597],[62.8060618,54.1118074],[62.8590206,54.1177098],[62.8731258,54.1135893],[62.8759744,54.1184369],[62.8864959,54.1185177],[62.8995538,54.1125255],[62.9016659,54.1158625],[62.8980192,54.1160269],[62.9026065,54.1177195],[62.9231502,54.1188414],[62.9203781,54.1147212],[62.9291401,54.1129705],[62.9321763,54.1169651],[62.9374896,54.1163074],[62.9624615,54.1073897],[62.9780722,54.1114964],[62.9875448,54.105213],[63.0035407,54.1087966],[63.0111154,54.1053763],[63.0092805,54.1081347],[63.0121034,54.1087277],[63.0499149,54.1007593],[63.0812978,54.104357],[63.0930598,54.108042],[63.0887961,54.1098305],[63.0936406,54.1121662],[63.0993334,54.1115181],[63.1020151,54.1161237],[63.1221047,54.117599],[63.1226692,54.1217214],[63.1266307,54.1184125],[63.1333976,54.1236254],[63.1491352,54.1221777],[63.1556043,54.1266168],[63.15878,54.1321856],[63.154011,54.1407574],[63.1604602,54.1393068],[63.1560815,54.143045],[63.1690668,54.1530064],[63.1578458,54.1626486],[63.1503181,54.163048],[63.1569302,54.1768368],[63.1508457,54.1821014],[63.1593618,54.1906424],[63.1705991,54.1936302],[63.1815474,54.192087],[63.1863972,54.1861007],[63.2005492,54.1888536],[63.2058433,54.1858027],[63.2231123,54.1891333],[63.2209594,54.1913972],[63.2252953,54.1910448],[63.2198822,54.1939472],[63.2243047,54.1976244],[63.2258855,54.194839],[63.2313054,54.198373],[63.2318848,54.1943078],[63.2463542,54.1966947],[63.2493954,54.1917182],[63.2624032,54.19067],[63.2648625,54.1944063],[63.2705009,54.1925418],[63.27933,54.1977005],[63.2800827,54.1948909],[63.3133411,54.1953996],[63.3141644,54.1986198],[63.3279271,54.202077],[63.3422617,54.198032],[63.3405195,54.1950556],[63.3523437,54.1938068],[63.350031,54.1912811],[63.3545947,54.1887823],[63.3712795,54.1885884],[63.3801313,54.1946566],[63.3802439,54.1910498],[63.3982242,54.1881359],[63.4154496,54.1933701],[63.411274,54.1946905],[63.4141122,54.1958135],[63.4246161,54.1941236],[63.4445311,54.1990483],[63.4568291,54.1960711],[63.4892292,54.2061581],[63.4864917,54.2105335],[63.4908766,54.2082883],[63.4927961,54.2157058],[63.50057,54.2152415],[63.5081565,54.211407],[63.5094809,54.206111],[63.51603,54.2060009],[63.5265937,54.2160673],[63.5385028,54.2094299],[63.5545579,54.2161017],[63.5790229,54.2177007],[63.6119913,54.2290723],[63.6232075,54.2281799],[63.6435731,54.2370506],[63.6470383,54.2397088],[63.6449928,54.2426125],[63.6530345,54.2408605],[63.702142,54.2499765],[63.7047376,54.2543546],[63.7143677,54.2521858],[63.7302832,54.2573821],[63.7265708,54.2596151],[63.7323048,54.2630501],[63.7527309,54.2609922],[63.7583091,54.2670315],[63.7834919,54.2662373],[63.7938939,54.2689419],[63.7940409,54.2718611],[63.814722,54.266136],[63.897723,54.216433],[63.9122324,54.1983883],[63.9310467,54.2046114],[63.9277556,54.2000176],[63.9337768,54.1995363],[63.9420203,54.2059597],[63.9571265,54.2009393],[63.9598731,54.2059597],[63.961418,54.2003369],[64.004505,54.2113809],[64.021267,54.2303322],[64.0118865,54.2482065],[63.9782408,54.2786857],[63.9761809,54.291913],[63.9854127,54.2907495],[63.9815581,54.2989835],[63.9868239,54.3012297],[63.9988402,54.3003282],[64.0232161,54.3065383],[64.0177229,54.3015302],[64.025791,54.299627],[64.0118865,54.2915123],[64.0288809,54.2833959],[64.0427855,54.284398],[64.0680197,54.2986253],[64.0716246,54.3028324],[64.0663031,54.3097432],[64.0786627,54.3129478],[64.0711171,54.3178885],[64.097673,54.3145991],[64.0985207,54.3108411],[64.1710683,54.3070535],[64.1921131,54.309991],[64.1900685,54.313328],[64.1934225,54.3148959],[64.2031511,54.313995],[64.2116195,54.3175715],[64.2096899,54.3219102],[64.2145076,54.3237322],[64.2306868,54.3238522],[64.2287169,54.3212422],[64.2319515,54.3204919],[64.2275591,54.319495],[64.2338995,54.3186696],[64.2314909,54.3169518],[64.2763152,54.3294502],[64.3307656,54.330207],[64.3558959,54.3367742],[64.4194106,54.3264645],[64.4569243,54.3327102],[64.4517548,54.3366548],[64.4572053,54.3427142],[64.464908,54.3431728],[64.4669432,54.3534074],[64.4598852,54.3527695],[64.4622084,54.3591527],[64.4798929,54.3620372],[64.4795127,54.3663625],[64.5006933,54.3637668],[64.5069549,54.3574543],[64.5229236,54.3543846],[64.5315374,54.3553885],[64.5255408,54.3570103],[64.5303778,54.3589408],[64.5402174,54.3579755],[64.5345522,54.3598481],[64.5454387,54.3648917],[64.5510152,54.3638664],[64.547135,54.3607531],[64.5680626,54.3621708],[64.5689637,54.3669887],[64.564246,54.3677298],[64.5766234,54.3741373],[64.5816505,54.3754412],[64.5853903,54.3699355],[64.587333,54.3757377],[64.5991771,54.3741484],[64.5906817,54.3808967],[64.5992948,54.3819939],[64.5966454,54.3831669],[64.5996081,54.3858926],[64.6112672,54.3861796],[64.604533,54.3909009],[64.6166613,54.3941699],[64.616461,54.3984635],[64.629117,54.392533],[64.63507,54.373669],[64.658518,54.360553],[64.697139,54.36464],[64.738648,54.35392],[64.802019,54.368287],[64.84468,54.38422],[64.906689,54.400694],[64.930787,54.412756],[64.974791,54.424178],[64.982881,54.414965],[65.070199,54.365518],[65.104243,54.334534],[65.121107,54.330386],[65.190936,54.342863],[65.221956,54.334286],[65.262715,54.362419],[65.239194,54.37575],[65.222007,54.436988],[65.200908,54.452181],[65.201278,54.465849],[65.218309,54.470354],[65.214483,54.47715],[65.223337,54.49007],[65.212465,54.531772],[65.2144536,54.541393],[65.238008,54.549397],[65.263608,54.54662],[65.306026,54.568396],[65.357903,54.577404],[65.379398,54.573395],[65.425883,54.581218],[65.464698,54.566447],[65.481093,54.565744],[65.50383,54.570918],[65.495718,54.578441],[65.494825,54.596653],[65.456451,54.624375],[65.464836,54.642265],[65.489554,54.655537],[65.530516,54.649518],[65.553747,54.636156],[65.633091,54.640779],[65.74729,54.607419],[65.779679,54.612344],[65.782249,54.624896],[65.799704,54.624024],[65.830768,54.6531561],[65.8452855,54.6972432],[65.981779,54.7170406],[65.9641858,54.6378169],[65.998643,54.625148],[66.075413,54.6404927],[66.0788732,54.571267],[66.1099125,54.4894601],[66.073832,54.4696387],[66.1070252,54.4438752],[66.0848981,54.4192664],[66.1768948,54.2934608],[66.0850885,54.2584707],[66.0316816,54.2514567],[66.1911012,54.183431],[66.2668135,54.1832893],[66.3177284,54.1020191],[66.149825,54.0752309],[65.9631147,53.9990509],[66.002134,53.9275601],[66.0253334,53.9326682],[66.0475073,53.803239],[66.1792605,53.8055751],[66.1737062,53.6708754],[66.1592358,53.671112],[66.1305667,53.6440983],[66.1085913,53.619451],[66.1053212,53.6058785],[66.1109031,53.5027137],[66.2492657,53.5033916],[66.2505011,53.3389448],[66.2574392,53.3316573],[66.2572025,53.1937273],[66.4004242,53.1548634],[66.4021394,53.0895143],[66.2002214,53.1109251],[66.2069252,53.0934319],[66.0505085,53.0607248],[66.0707051,52.98159],[66.3213576,52.9699362],[66.3079066,52.8862521],[66.1183809,52.893548],[66.1286801,52.7644009],[66.0187701,52.7609164],[66.020846,52.7422331],[65.9986461,52.204637],[65.8689505,52.1408681],[65.8545958,52.0930609],[65.8657985,52.0887007],[65.868143,52.0826828],[65.8496995,52.0808059],[65.8165677,51.9938394],[65.7685074,51.9205119],[65.7604761,51.8724366],[65.528489,51.8019252],[65.5177608,51.7956846],[65.5058385,51.7983316],[65.3524166,51.7934892],[65.383141,51.6848995],[65.5209107,51.6843267],[65.5773276,51.6281613],[65.569161,51.5833816],[65.5371652,51.5140488],[65.4615127,51.4400778],[65.5466955,51.4034859],[65.3880099,51.3267622],[65.4031777,51.3019391],[65.4815881,51.2431504],[65.4260575,51.2033732],[65.4504081,51.1857311],[65.5606566,51.1362401],[65.6329578,51.0823656],[65.6261133,51.068488],[65.6100418,51.054563],[65.6120606,51.0326268],[65.6158131,51.0297154],[65.6142102,51.0061124],[65.5793561,50.8963738],[65.5852932,50.8956249],[65.6046291,50.8308984],[65.627956,50.8273494],[65.6342329,50.8348001],[65.6667245,50.8474302],[65.7000536,50.8451036],[65.7287513,50.8538632],[65.7523194,50.8478602],[65.7892924,50.8544459],[65.8097035,50.8771793],[65.8246052,50.8852486],[65.861935,50.9643799],[65.9417166,50.9425541],[65.9498888,50.9594144],[65.9944421,50.9493473],[65.9895275,50.9465945],[66.070659,50.8876036],[66.0611492,50.883688],[66.0879974,50.871741],[66.0842829,50.829399],[66.1018778,50.8232699],[66.0918475,50.8148498],[66.1168113,50.8048117],[66.1095527,50.7981981],[66.1327518,50.7881355],[66.1564966,50.8098567],[66.1784268,50.800148],[66.2017961,50.8251332],[66.2185357,50.8225138],[66.2406361,50.8273718],[66.3155971,50.6854319],[66.4331356,50.7106526],[66.4955142,50.6730972],[66.6400253,50.6270415],[66.6663241,50.6358583],[66.7244936,50.6115003],[66.8501604,50.6450369],[66.9908958,50.6581929],[67.1107977,50.6221534],[67.0956319,50.5461034],[67.0659493,50.5308424],[67.1318894,50.3839213],[67.5562733,50.4858908],[67.5639838,50.4923269],[67.592067,50.4899319],[67.6051122,50.4841805],[67.6509644,50.4811788],[67.684994,50.4868395],[67.725055,50.4838266],[67.7488752,50.4884082],[67.7823891,50.4851609],[67.8385129,50.4991361],[67.8647486,50.5168315],[67.9200955,50.5378206],[67.9233029,50.54592],[67.938665,50.5530087],[68.0089223,50.5380895],[67.991344,50.5126914],[68.0920196,50.464906],[68.0904216,50.4404863],[68.0169124,50.3926279],[68.0169124,50.3661322],[67.9641775,50.3171783],[67.8603058,50.2977868],[67.746846,50.2477405],[67.6301901,50.2364984],[67.5993414,50.2231603],[67.6062197,50.1884341],[67.5758572,50.1628483],[67.6381802,50.1188086],[67.3991195,49.9154538],[67.3737519,49.9381768],[67.0581457,49.6670051],[67.0417163,49.6474758],[67.0117315,49.6342799],[66.8370175,49.5787369],[66.6514356,49.4566817],[66.5971811,49.3243554],[66.5421774,49.2704106],[66.4124336,49.2415156],[66.0730897,48.993151],[65.8150108,48.9866326],[65.7753963,48.982181],[65.7532956,48.8867372],[65.7422684,48.8837427],[65.7425114,48.8786652],[65.7368439,48.8755866],[65.7295288,48.8747576],[65.7238117,48.8794502],[65.6858181,48.8740915],[65.6676091,48.8760604],[65.6374707,48.8679623],[65.6320194,48.862088],[65.4861299,48.8283277],[64.7458052,48.937745],[64.6980193,48.6756641],[64.4686722,48.6747271],[64.5307139,48.5997317],[64.4908254,48.5655417],[64.5786277,48.5107702],[64.227456,48.461781],[64.2828498,48.3477069],[64.0160746,48.1702789],[63.9722145,48.2200026]]]},"properties":{"code":"KZ-KUS","name_ru":"Костанайская область","name_en":"Kostanay Region","region_type":"oblast"}},{"type":"Feature","id":"KZ-KZY","geometry":{"type":"Polygon","coordinates":[[[67.1794215,45.9746174],[67.1630718,45.9556505],[67.1752524,45.93417],[67.2040159,45.9156157],[67.2413925,45.8992622],[67.2374075,45.8861197],[67.2670875,45.8663852],[67.278305,45.8472429],[67.2950137,45.8520296],[67.3041178,45.8487998],[67.3148094,45.8341017],[67.317041,45.8157994],[67.3256241,45.8106546],[67.3260505,45.8028913],[67.3481117,45.7936612],[67.3654495,45.7575031],[67.3421036,45.7422905],[67.3343788,45.7263548],[67.3359238,45.717007],[67.3189293,45.6975872],[67.2935234,45.6873951],[67.285627,45.6660456],[67.2983299,45.6581275],[67.2871814,45.6375966],[67.2907768,45.6139572],[67.262281,45.5964234],[67.2535263,45.5840504],[67.2567455,45.5716747],[67.2448428,45.5644112],[67.2577094,45.5511054],[67.261766,45.5270755],[67.2597061,45.5143264],[67.2646843,45.5031385],[67.2581611,45.4885788],[67.263826,45.4695613],[67.2390383,45.4434254],[67.2334633,45.4310358],[67.2374603,45.4237648],[67.2471172,45.4182162],[67.242401,45.4135184],[67.2458704,45.406151],[67.2403349,45.3956379],[67.2030548,45.3827681],[67.1943031,45.3720864],[67.1832919,45.3675287],[67.1816895,45.3572404],[67.1681668,45.3511988],[67.1669916,45.3348807],[67.1786067,45.3212278],[67.178249,45.3143824],[67.1678994,45.3132397],[67.1720225,45.307036],[67.1679031,45.3022385],[67.2170649,45.2718879],[67.325232,45.2223617],[67.3908766,45.1817712],[67.5162139,45.1477684],[67.5063496,45.0483973],[67.5222872,44.8366195],[67.5106155,44.813437],[67.5268494,44.6784637],[67.5259485,44.6491445],[67.5085481,44.4670781],[67.5089868,44.4334332],[67.4874071,44.4218733],[67.4620291,44.3677573],[67.4824026,44.3525567],[67.5593265,44.3120193],[67.5829861,44.2950503],[67.630688,44.3111868],[67.733382,44.271978],[67.7410365,44.2638373],[67.7564211,44.2221459],[67.7865918,44.2033319],[67.8069274,44.166165],[67.886958,44.1322839],[67.9063735,44.1157134],[67.9161977,44.0986458],[67.9580292,44.0783033],[68.0042197,44.0629935],[68.0398472,44.0328341],[68.0603024,44.0264966],[68.0504789,44.000296],[68.0263461,43.9624934],[67.9655964,43.9350196],[67.9216296,43.8864503],[67.9211238,43.8755166],[67.9549507,43.8699847],[67.9792878,43.8024696],[67.971939,43.7705059],[67.9689158,43.7422662],[67.9714607,43.7369515],[67.9353738,43.7061213],[67.9189823,43.701901],[67.8987807,43.7050127],[67.8837983,43.7288865],[67.8456908,43.7421065],[67.8239247,43.7436641],[67.8382103,43.6392192],[67.828615,43.6196772],[67.813837,43.5630496],[67.7935492,43.5637907],[67.7341192,43.4801754],[67.7507047,43.4718204],[67.7250358,43.407283],[67.64952,43.375857],[67.6607342,43.3742045],[67.6671744,43.3671422],[67.6587455,43.3311174],[67.662363,43.3214425],[67.6777881,43.3100951],[67.687522,43.3134004],[67.6795099,43.3275251],[67.6842326,43.3535089],[67.6933536,43.3627487],[67.7081888,43.3674532],[67.7323527,43.3663784],[67.7471034,43.3591195],[67.7466082,43.351374],[67.7295559,43.3588318],[67.7155425,43.3538915],[67.7150738,43.3465642],[67.7292254,43.3384776],[67.7515062,43.3319365],[67.7787438,43.3352947],[67.7935795,43.3292526],[67.7992669,43.3232644],[67.7915403,43.320134],[67.7909229,43.3109459],[67.8026157,43.2997414],[67.8135601,43.2962421],[67.8140091,43.2906162],[67.8033187,43.2847114],[67.786624,43.2863967],[67.7691696,43.2796366],[67.7677291,43.2751419],[67.7834561,43.2709138],[67.7837632,43.2561005],[67.799553,43.258771],[67.830478,43.2530756],[67.8228408,43.2450474],[67.7899832,43.2335811],[67.7865181,43.2250018],[67.7963339,43.2220713],[67.8214951,43.2280478],[67.8363643,43.217309],[67.8708633,43.2203364],[67.8750475,43.213288],[67.8555534,43.1955329],[67.8414847,43.1915093],[67.8361715,43.1846208],[67.8285759,43.1844708],[67.825286,43.1783831],[67.2242762,42.9512452],[67.1242717,42.8985275],[66.1485332,42.3227065],[66.0706756,42.3379411],[66.095024,42.566158],[66.0966931,42.9381375],[65.8441558,42.8582546],[65.7418195,42.999845],[65.5592582,43.289475],[65.532129,43.3150927],[65.184862,43.4951617],[65.0021563,43.7153968],[64.9322634,43.7353744],[64.5348607,43.5706872],[63.8576283,43.5992579],[63.3490764,43.6504846],[62.2424994,43.5185538],[62.004055,43.505401],[61.4254481,43.9994771],[61.1377608,44.2257871],[61.1065656,44.3604334],[61.0642109,44.3728118],[60.9904177,44.4125943],[60.570201,44.667148],[59.991375,45.002986],[59.865853319,45.040717288],[59.8717251,45.0974984],[59.8700342,45.1135398],[59.8746434,45.1204566],[59.8711415,45.1386713],[59.877347,45.1475222],[59.8717852,45.1598579],[59.8721543,45.1728021],[59.8777762,45.1838014],[59.8663864,45.2123002],[59.8850889,45.2896563],[59.8916292,45.3022872],[59.8923331,45.3276069],[59.87957,45.3406698],[59.8828574,45.3642959],[59.8697081,45.3715681],[59.8331099,45.4267186],[59.7971554,45.452332],[59.7661791,45.4610257],[59.6499687,45.5303618],[59.6283179,45.538301],[59.5771885,45.5289969],[59.5489717,45.5357099],[59.5230036,45.5538425],[59.5203085,45.5643384],[59.5229564,45.5766917],[59.490963,45.607536],[59.4713756,45.641543],[59.4652559,45.6453114],[59.4531195,45.6480415],[59.4177958,45.6438113],[59.400089,45.6348307],[59.3980376,45.6259207],[59.3892185,45.6152022],[59.3940851,45.6028694],[59.4266364,45.56273],[59.4425752,45.5487988],[59.4774704,45.5321746],[59.5505424,45.5293998],[59.5613613,45.5096051],[59.5743477,45.5069434],[59.6388622,45.4761883],[59.6581912,45.4716141],[59.659719,45.4622568],[59.6554447,45.4613237],[59.6556378,45.4547042],[59.6776834,45.4457415],[59.6834941,45.4395779],[59.6795888,45.4359162],[59.6596589,45.4385782],[59.6523118,45.4282999],[59.6508076,45.401335],[59.624846,45.3949493],[59.6155849,45.3857662],[59.6165762,45.3687974],[59.6219449,45.3644437],[59.6262322,45.350201],[59.6276655,45.3277819],[59.6083107,45.3229482],[59.5956164,45.3119698],[59.5854025,45.2869752],[59.5850506,45.2770709],[59.5955563,45.2568161],[59.5792055,45.2281522],[59.5763817,45.2037194],[59.5791798,45.1959841],[59.561327,45.1579091],[59.56165407,45.132158298],[59.497905,45.151321],[59.0965967,45.3228973],[59.0502775,45.8054093],[59.0819253,45.8604628],[59.0815755,45.8807995],[59.1478068,45.8646243],[59.1906921,45.8632795],[59.2167031,45.8664383],[59.2406327,45.8813541],[59.2924315,45.9352768],[59.3080742,45.9658609],[59.3127089,45.9922522],[59.3067824,46.0007509],[59.2899382,46.0077232],[59.27021,46.0058066],[59.2440402,45.9969334],[59.222209,45.9756006],[59.1987709,45.9606479],[59.1805534,45.9285744],[59.1683354,45.9431781],[59.1412815,45.9496131],[59.1131777,45.9520861],[59.0796099,45.9472719],[59.0681129,45.9412379],[59.0499769,45.9012964],[59.040114925,45.909557202],[59.0306023,46.0070443],[59.1118129,46.0529815],[59.5613884,46.4999641],[59.7692551,46.6625322],[60.013218,46.8153637],[60.1296088,46.8948671],[60.3272642,46.9132478],[60.4744218,46.9108109],[60.4950016,47.1218087],[60.7024563,47.1040848],[60.9234994,47.1103374],[61.0010179,47.2347025],[61.3142209,47.7900512],[61.3515924,47.8154016],[61.3597972,47.8187854],[61.9248629,47.8277265],[62.075832,47.7233112],[62.2125287,47.5455563],[62.3326164,47.5311285],[62.6057258,47.3284453],[62.5811687,47.2423453],[62.8601538,47.2146532],[62.89008,47.1773487],[62.9500893,47.1907705],[63.0183195,47.1992063],[63.4070874,47.1134824],[63.3706171,47.0641564],[63.2078267,47.0312742],[63.3031255,46.9715107],[63.4472733,46.9365295],[63.5089014,46.9288639],[63.7395419,46.8301059],[63.7608295,46.8401225],[63.8039157,46.8307984],[63.8486252,46.8356356],[64.0299669,46.7951566],[64.1789068,46.7420283],[64.4472822,46.6888715],[64.9417668,46.5013541],[65.1408425,46.4765474],[65.372556,46.3117137],[65.5506267,46.2360678],[65.5859584,46.212706],[65.698243,46.2098916],[65.8925691,46.1780017],[66.0026535,46.1759626],[66.0412277,46.1802483],[66.389996,46.1624738],[66.6769346,46.1586187],[66.9016642,46.1724748],[67.136845,46.1433066],[67.141196,46.1362815],[67.1581853,46.1361389],[67.1576267,46.1264666],[67.1438406,46.1076412],[67.1571963,46.0889206],[67.1593984,46.0780675],[67.1559763,46.0666782],[67.1634207,46.0569398],[67.1816926,46.0498801],[67.1825838,46.0446588],[67.1673328,46.0390405],[67.1609309,46.0307224],[67.1710976,46.017045],[67.1749801,46.0005345],[67.1673235,45.9943513],[67.1794215,45.9746174]]]},"properties":{"code":"KZ-KZY","name_ru":"Кызылординская область","name_en":"Kyzylorda Region","region_type":"oblast"}},{"type":"Feature","id":"KZ-MAN","geometry":{"type":"MultiPolygon","coordinates":[[[[50.012418549,45.0001],[50.0041323,44.9753838],[50.0094632,44.9424366],[50.0381013,44.8894194],[50.0549712,44.8694803],[50.0751476,44.8533613],[50.0993053,44.8418793],[50.1725981,44.8276881],[50.1973679,44.8160188],[50.2012345,44.8364904],[50.2139663,44.8503383],[50.1966325,44.8537348],[50.153587,44.8401673],[50.0971368,44.8596024],[50.0693717,44.8815813],[50.0686969,44.8908206],[50.0788387,44.9067515],[50.0770621,44.9108468],[50.075237,44.9079997],[50.0571707,44.9075406],[50.049217,44.9184652],[50.0372628,44.9637449],[50.030051,44.9688737],[50.0277803,44.976633],[50.0319611,44.9890107],[50.0306777,45.0087004],[50.0599238,45.0346208],[50.1021011,45.0367312],[50.0702714,45.0498887],[50.0333353,45.037163],[50.012418549,45.0001]]],[[[50.373445,44.8305958],[50.3584461,44.8237681],[50.3576725,44.8071174],[50.3641413,44.7854548],[50.3606254,44.7838099],[50.3618869,44.7790986],[50.3723567,44.766461],[50.3773287,44.763148],[50.3797531,44.7624872],[50.3754782,44.7661183],[50.3688542,44.8104247],[50.3748779,44.8239216],[50.373445,44.8305958]]],[[[50.6251,44.817489742],[50.6142701,44.8152272],[50.6046446,44.8189882],[50.5850066,44.8448408],[50.5776265,44.8483594],[50.5753416,44.8432942],[50.5807549,44.8264175],[50.582021,44.8033827],[50.5673786,44.7820524],[50.5688589,44.7736003],[50.5782558,44.7669977],[50.5791291,44.7786143],[50.5917806,44.7923085],[50.6172761,44.7986992],[50.6466511,44.8142425],[50.6424413,44.8202795],[50.6251,44.817489742]]],[[[50.88741,44.8227098],[50.9079925,44.818669],[50.9343395,44.8220844],[50.9279986,44.8332191],[50.9155202,44.8334355],[50.8935135,44.8478377],[50.8795432,44.8402403],[50.8810013,44.8302613],[50.88741,44.8227098]]],[[[53.191789729,46.012055213],[53.1712482,45.976622],[53.1702281,45.9378288],[53.1609348,45.9281071],[53.1742339,45.9156803],[53.2570245,45.8889573],[53.2495356,45.8847988],[53.2117742,45.8891821],[53.1876625,45.8986041],[53.1532945,45.9268623],[53.1435893,45.9301658],[53.0975967,45.900953],[53.0478216,45.8919542],[53.049422,45.8850167],[53.0605745,45.8730302],[53.0554301,45.8710052],[53.0596782,45.8604167],[53.0747844,45.8527651],[53.1025935,45.8515695],[53.098533,45.7608703],[53.4548427,45.6937589],[53.4503795,45.6673737],[53.4905482,45.6512967],[53.5080577,45.6544165],[53.5032512,45.6332945],[53.5111476,45.6027976],[53.5471965,45.5706018],[53.5794688,45.5566605],[53.6216975,45.4996578],[53.6426402,45.4955668],[53.702035,45.5165001],[53.7631465,45.5119291],[53.7593699,45.561949],[53.7394572,45.5785323],[53.8376475,45.6392959],[53.8640834,45.6508167],[53.8956691,45.6752906],[53.9272548,45.726603],[53.9687968,45.7697266],[54.0889598,45.7735582],[54.1390849,45.7965422],[54.2118693,45.7915152],[54.2681743,45.7510438],[54.3498851,45.6808077],[54.3989802,45.6474567],[54.3934871,45.6229706],[54.3715144,45.6066406],[54.3663646,45.5951107],[54.372201,45.5804547],[54.4872142,45.5484865],[54.5404292,45.5210707],[54.568925,45.4893094],[54.580598,45.4531953],[54.5946742,45.4264559],[54.6156169,45.4117559],[54.6756984,45.3960878],[54.7697688,45.3565365],[54.7968913,45.3340958],[54.8219539,45.2771094],[54.8566295,45.2616456],[54.9043513,45.2514952],[54.9438334,45.2340903],[54.9005748,45.1987806],[54.7968913,45.1639332],[54.7553492,45.1213129],[54.7230769,45.0958708],[54.6485759,45.0495614],[54.5383693,44.9981165],[54.505067,45.0058847],[54.4371285,44.9942389],[54.409549,45.0026964],[54.383874,44.9964171],[54.358072,44.9997499],[54.3330996,45.0099862],[54.2750407,45.001758],[54.2671443,45.0102539],[54.2666538,45.0225988],[54.2751059,45.0597426],[54.2479362,45.0465742],[54.1977931,45.0507742],[54.1850901,45.05514],[54.1445781,45.0371898],[54.1222621,45.037675],[54.1257155,45.0341625],[54.1183341,45.0204528],[54.0961898,44.9913239],[54.0812552,44.9791825],[54.0676738,44.9728625],[54.013964,44.9619372],[53.9559424,44.9398266],[53.9336265,44.938976],[53.9174903,44.9296188],[53.8913978,44.9242712],[53.8555003,44.928155],[53.8132716,44.9271827],[53.7751628,44.9451674],[53.7533532,44.9464078],[53.7399947,44.9358516],[53.7206508,44.9309279],[53.7071849,44.9135689],[53.6247874,44.8646787],[53.5818721,44.8052734],[53.5544063,44.7950418],[53.5495997,44.7755479],[53.5461665,44.7045833],[53.5355235,44.6792002],[53.5152675,44.649654],[53.4853984,44.6249799],[53.4606791,44.5941837],[53.4352733,44.5851373],[53.4294368,44.5689969],[53.4390498,44.5565217],[53.4246302,44.5310738],[53.4304667,44.5247101],[53.4177638,44.5058597],[53.4177638,44.4982688],[53.3473826,44.4333389],[53.3432628,44.4203442],[53.3120204,44.3837966],[53.3092738,44.3756991],[53.2866145,44.3695639],[53.2193232,44.3810976],[53.1685115,44.39729],[53.1211329,44.4272097],[53.1606151,44.46177],[53.2385493,44.5738884],[53.3923579,44.7821278],[53.4218837,44.8478859],[53.4799052,44.9354466],[53.5269404,44.9862194],[53.5753489,45.0260287],[53.6340571,45.0507742],[53.8984156,45.1322132],[53.9416743,45.149165],[53.9814998,45.193942],[54.0251017,45.2314308],[54.0326548,45.2575374],[53.9931727,45.260679],[53.9701701,45.2466611],[53.9646769,45.2360245],[53.9341212,45.2265949],[53.9231349,45.2154708],[53.9221049,45.2089405],[53.8815928,45.1818436],[53.8506938,45.1784556],[53.8321544,45.2169219],[53.789239,45.2166801],[53.7380839,45.2560873],[53.702035,45.2464193],[53.6038447,45.288946],[53.4544993,45.2923275],[53.423257,45.2829073],[53.3535624,45.2273203],[53.2694484,45.2067635],[53.2351161,45.1789396],[53.140359,45.1748253],[53.0909205,45.1806336],[52.9299022,45.1869252],[52.8718806,45.1910386],[52.771287,45.2164382],[52.7228785,45.2406178],[52.6868297,45.2529454],[52.7036525,45.2783174],[52.6669169,45.2942596],[52.631898,45.2973993],[52.6085521,45.2947427],[52.5429774,45.3075415],[52.4931956,45.3222686],[52.3963786,45.3164747],[52.3757792,45.3087487],[52.3235942,45.3191303],[52.3081447,45.3126119],[52.2906274,45.3118922],[52.2513525,45.3233059],[52.2541855,45.3322834],[52.1980773,45.3544574],[52.148199,45.3549227],[52.0991113,45.3879289],[52.0180369,45.4100688],[51.9109202,45.41754],[51.7595885,45.4089654],[51.7272426,45.4028376],[51.5851069,45.3418183],[51.5253688,45.3280618],[51.4587642,45.3241997],[51.4110423,45.3058512],[51.3880397,45.3058512],[51.3691569,45.2932936],[51.356454,45.2766262],[51.3027498,45.2378929],[51.2891627,45.2195821],[51.2613536,45.1953936],[51.2472773,45.1692585],[51.2623835,45.0473784],[51.2778331,45.0141373],[51.2620402,44.9864622],[51.2287379,44.9556153],[51.2287379,44.9339884],[51.1933757,44.8858452],[51.2225581,44.7940672],[51.2520839,44.7643359],[51.2836696,44.6921372],[51.309157,44.6063829],[51.2981382,44.6007031],[51.2997817,44.5970406],[51.4117017,44.6018029],[51.4515544,44.596384],[51.5198756,44.5660618],[51.5634776,44.5543199],[51.5974666,44.526913],[51.5993272,44.5068964],[51.5737773,44.499983],[51.5119652,44.5110972],[51.4954997,44.5070839],[51.4846607,44.5100423],[51.4778006,44.5206075],[51.4682542,44.5259801],[51.4499196,44.5316002],[51.4590107,44.5214107],[51.4578133,44.5129913],[51.4467854,44.5073517],[51.4327138,44.5078141],[51.4186944,44.5030617],[51.4030239,44.5099771],[51.3862291,44.5252716],[51.3593008,44.5161269],[51.3476471,44.5164927],[51.3441316,44.5233402],[51.3592006,44.5325423],[51.3646937,44.5442886],[51.3286448,44.539884],[51.3051479,44.5429712],[51.292121,44.5417806],[51.2734904,44.5248167],[51.2555775,44.5179443],[51.2532815,44.5105907],[51.2333025,44.4934966],[51.1989703,44.4754376],[51.0988327,44.4747417],[51.0779479,44.4820478],[51.0369552,44.5081721],[51.0045482,44.5195697],[50.9969951,44.5310738],[50.9959651,44.5401287],[50.9990223,44.5501319],[51.0074187,44.5583489],[50.9789315,44.5533904],[50.958905,44.5586975],[50.9420634,44.5765785],[50.8902217,44.6127612],[50.8404399,44.6235138],[50.8243037,44.6325543],[50.803361,44.6327986],[50.7944346,44.6181377],[50.7803584,44.6071397],[50.7422496,44.6032287],[50.7151271,44.6108059],[50.696931,44.6064064],[50.6257575,44.6137541],[50.5980793,44.634428],[50.5627235,44.6202059],[50.5271273,44.6296546],[50.4963613,44.623969],[50.4662819,44.6237705],[50.4411572,44.6275273],[50.4169143,44.6365626],[50.3999456,44.6346097],[50.3765524,44.6425217],[50.3522087,44.640514],[50.3143638,44.646283],[50.3098367,44.6447354],[50.3035089,44.6227699],[50.2931664,44.6089906],[50.2846771,44.5857702],[50.2777216,44.5852129],[50.2755492,44.5838262],[50.2844121,44.5844735],[50.2816574,44.5757781],[50.2765739,44.5760698],[50.2740822,44.5753429],[50.2788402,44.575655],[50.2764299,44.5701071],[50.2799169,44.5682105],[50.2724462,44.564164],[50.2770147,44.5615588],[50.273119,44.5540389],[50.2663469,44.5523621],[50.2708659,44.5520112],[50.2683026,44.5441706],[50.2588823,44.5421323],[50.2493164,44.5461426],[50.2552611,44.5607301],[50.2329413,44.5725427],[50.2252962,44.5872536],[50.2309841,44.5977951],[50.2268488,44.5963842],[50.2234932,44.587432],[50.2388691,44.5453985],[50.2444316,44.4093088],[50.2485515,44.3855141],[50.2675583,44.3652141],[50.2703049,44.3556412],[50.3117228,44.3315111],[50.3889705,44.3037538],[50.4284526,44.2936793],[50.4710246,44.294908],[50.5815745,44.2853235],[50.7062007,44.2634455],[50.7741786,44.2410674],[50.8383799,44.197024],[50.8733989,44.1110571],[50.8761454,44.0780165],[50.8678861,44.0348247],[50.8734263,44.0234946],[50.8926841,44.0128256],[50.9290172,44.0044719],[50.9942485,43.9367698],[51.0239334,43.8103988],[51.0313148,43.7973903],[51.0717411,43.757356],[51.0826667,43.7313719],[51.1002243,43.7162883],[51.1371928,43.6542138],[51.164366,43.6264393],[51.1766448,43.6299752],[51.208512,43.6208643],[51.2136374,43.6147322],[51.2099632,43.6121638],[51.2165133,43.6149606],[51.2200128,43.6114926],[51.2182184,43.6102054],[51.2148254,43.6104605],[51.2051892,43.6081879],[51.2047299,43.6072717],[51.2177587,43.6100093],[51.2203658,43.6057425],[51.2153258,43.6026179],[51.2224303,43.5939733],[51.2368436,43.5919016],[51.2494728,43.5835894],[51.243173,43.5789946],[51.2799989,43.6018123],[51.2811947,43.6013006],[51.2434772,43.5785626],[51.2509444,43.5817981],[51.2644411,43.5706458],[51.2838547,43.5349542],[51.2954205,43.4914394],[51.3146201,43.452628],[51.3173152,43.3916271],[51.3083888,43.3144875],[51.2673081,43.1701979],[51.2685634,43.153152],[51.2726832,43.148894],[51.2901927,43.1463891],[51.4666606,43.1641714],[51.4904192,43.1606729],[51.496731,43.168592],[51.5156591,43.1737368],[51.6221858,43.1852029],[51.6572781,43.1818589],[51.6678352,43.1719694],[51.6721788,43.123579],[51.6691468,43.1161124],[51.6579227,43.1110859],[51.6574538,43.1049549],[51.7450953,43.0518809],[51.7651132,43.0335059],[51.7889803,43.0001649],[51.7914439,42.9873713],[51.8035556,42.9757513],[51.808372,42.9555371],[51.8230296,42.9429031],[51.9050837,42.8332285],[51.9330272,42.8303231],[52.0226009,42.858572],[52.139962,42.8804486],[52.1847356,42.8754773],[52.2240821,42.8635447],[52.2505392,42.8421596],[52.2924725,42.7823976],[52.3156644,42.8098192],[52.3407648,42.8262403],[52.4255633,42.8381801],[52.472372,42.8356928],[52.6126084,42.8028263],[52.6303518,42.7799777],[52.6350263,42.7593619],[52.632615,42.7463629],[52.6554263,42.7540867],[52.6646673,42.7531956],[52.6705274,42.7437427],[52.7113074,42.7407632],[52.7374335,42.7327677],[52.7486388,42.7170265],[52.7577539,42.6885074],[52.7595682,42.6602283],[52.752311,42.6247278],[52.7345306,42.5940156],[52.7178389,42.5763826],[52.7025619,42.5725371],[52.6968336,42.577827],[52.6699573,42.6410657],[52.6288067,42.6790919],[52.6152447,42.6817324],[52.5989269,42.6911097],[52.5796056,42.7098374],[52.5717099,42.7227364],[52.5808442,42.7429554],[52.5651505,42.7387379],[52.5595017,42.7306649],[52.5538967,42.7361649],[52.5507001,42.7334954],[52.5602899,42.7127141],[52.6349502,42.6548049],[52.6587113,42.6280111],[52.6750639,42.594956],[52.6826203,42.5501891],[52.6721181,42.4996478],[52.6420004,42.4244259],[52.6184142,42.394955],[52.576322,42.3104845],[52.5534616,42.2772014],[52.5088293,42.2293934],[52.461657,42.1904219],[52.4358937,42.1455077],[52.4235563,42.0865599],[52.4239192,42.0800965],[52.4362565,42.0784805],[52.4482311,42.0655515],[52.4391595,42.0224357],[52.4638342,42.0011365],[52.4798002,41.9809091],[52.4954034,41.940435],[52.4964919,41.8993951],[52.4892347,41.8699489],[52.4433092,41.7799134],[52.4462773,41.7617588],[52.909226,42.076775],[52.984788,42.121175],[53.570558,42.288924],[54.2178099,42.3790865],[54.779482,42.052549],[54.928925,41.928325],[54.952115,41.906308],[54.948098,41.857168],[54.949976,41.833213],[54.964006,41.810219],[54.999233,41.781083],[55.066234,41.699339],[55.108708,41.630102],[55.119606,41.604653],[55.137159,41.591588],[55.179395,41.543515],[55.211425,41.514579],[55.268401,41.437991],[55.315465,41.390882],[55.33761,41.380314],[55.345328,41.374267],[55.349702,41.362916],[55.37519,41.344774],[55.392283,41.336461],[55.398313,41.337222],[55.397669,41.32935],[55.393659,41.326361],[55.399059,41.323335],[55.398286,41.318147],[55.414891,41.313709],[55.410411,41.299521],[55.414691,41.29322],[55.42988,41.292611],[55.430472,41.279495],[55.43555,41.280839],[55.442191,41.293651],[55.451524,41.286507],[55.448153,41.27532],[55.450623,41.269299],[55.455302,41.267093],[55.472347,41.27166],[55.499612,41.251587],[55.508338,41.255916],[55.542728,41.259293],[55.546847,41.271292],[55.553667,41.266885],[55.557026,41.27561],[55.554575,41.282453],[55.545235,41.287966],[55.551042,41.289575],[55.558952,41.285435],[55.556517,41.293644],[55.567019,41.294407],[55.567673,41.288666],[55.573099,41.288637],[55.570517,41.284553],[55.574824,41.281797],[55.571164,41.278265],[55.576874,41.27195],[55.580481,41.27111],[55.579825,41.276578],[55.588052,41.269156],[55.592033,41.269406],[55.588498,41.275983],[55.600034,41.272913],[55.602758,41.25951],[55.596935,41.256538],[55.603316,41.246392],[55.609879,41.250726],[55.608996,41.266577],[55.63561,41.282813],[55.645,41.281663],[55.649279,41.276992],[55.657704,41.284863],[55.681274,41.288812],[55.682992,41.282244],[55.687698,41.282487],[55.688486,41.287127],[55.706173,41.284278],[55.713325,41.278493],[55.719172,41.282552],[55.727086,41.279493],[55.728604,41.2844],[55.721775,41.287452],[55.721496,41.293192],[55.741056,41.294697],[55.743336,41.302058],[55.751573,41.296263],[55.761695,41.295645],[55.773821,41.284082],[55.811717,41.278338],[55.816549,41.286498],[55.816356,41.297155],[55.832042,41.304959],[55.839787,41.313916],[55.870722,41.324053],[55.8767136,41.3317862],[56.0017921,41.3242798],[55.9987426,45.0003137],[56.744109,45.1772492],[56.6594188,45.6529369],[56.644833,45.6668958],[56.6057777,45.9261334],[56.559804,46.000089],[56.5525261,46.0058679],[56.5165047,46.0973561],[56.4666301,46.1321886],[56.3698847,46.134599],[56.3509351,46.1458293],[56.2861679,46.1515832],[56.2712994,46.1514623],[56.2015163,46.1357546],[56.1217371,46.1545447],[56.0447598,46.211476],[56.0222112,46.2158527],[55.9814568,46.2104593],[55.9730908,46.2483538],[55.95692,46.2600077],[55.9043101,46.2432295],[55.9024902,46.2373136],[55.8446181,46.2527041],[55.8370257,46.2511914],[55.8213262,46.2608009],[55.8204254,46.2760126],[55.8533687,46.2944211],[55.8601571,46.3052716],[55.8583874,46.3136234],[55.8444894,46.3314862],[55.8317496,46.3374391],[55.8329078,46.341437],[55.8249293,46.3496984],[55.8311062,46.364619],[55.8308488,46.3805121],[55.8258301,46.3942705],[55.8179804,46.4011928],[55.7948171,46.4105098],[55.7762865,46.405186],[55.7186358,46.4086465],[55.6980462,46.3996841],[55.6573819,46.4196479],[55.6284278,46.415567],[55.6026532,46.4210935],[55.4879189,46.5201311],[55.2704752,46.3673626],[55.0895863,46.3795282],[54.9987175,46.3742547],[54.9713622,46.3683303],[54.8325782,46.3635427],[54.6927643,46.3230507],[54.530879,46.2957635],[54.5047456,46.3010499],[54.3076898,46.2570331],[54.2452143,46.2491831],[54.1037176,46.2529345],[54.0778582,46.241047],[53.9717348,46.2461303],[53.9685568,46.1924368],[53.8953029,46.1273482],[53.6844718,46.0188562],[53.6840043,46.0156003],[53.191789729,46.012055213]]],[[[51.1220879,44.8482931],[51.1334812,44.8370411],[51.1528769,44.8304043],[51.1611506,44.8337709],[51.1452813,44.8571393],[51.139856,44.8597352],[51.1309041,44.8617542],[51.117205,44.8581008],[51.1169338,44.8528126],[51.1220879,44.8482931]]],[[[50.963621,44.8360522],[50.9781339,44.8356193],[50.9843052,44.8416785],[50.9884421,44.8410053],[50.9904088,44.8472563],[50.9789477,44.857016],[50.9639622,44.8560774],[50.9674149,44.8547686],[50.9605814,44.8381769],[50.963621,44.8360522]]],[[[51.0561574,44.8621708],[51.066947,44.8607092],[51.0713588,44.8655357],[51.0831075,44.8660795],[51.0858489,44.8837118],[51.0747156,44.8887789],[51.0715026,44.8738962],[51.0665634,44.8759351],[51.0615762,44.8724009],[51.0496836,44.8841242],[51.0358249,44.8822894],[51.0391817,44.8784158],[51.0507865,44.877906],[51.04508,44.8686965],[51.0486765,44.8643121],[51.0559176,44.8656377],[51.0561574,44.8621708]]],[[[53.1482783,45.5197],[53.1934007,45.5043919],[53.2095158,45.502886],[53.2109483,45.4968618],[53.2252729,45.4943516],[53.2267053,45.500878],[53.2188268,45.51167],[53.2206174,45.5244672],[53.2446111,45.5452878],[53.2428205,45.5615877],[53.2353001,45.5678556],[53.2277797,45.5623398],[53.1658259,45.5666021],[53.1364605,45.5563221],[53.1303725,45.5432813],[53.1482783,45.5197]]],[[[51.121626397,45.0001],[51.0945945,44.9800178],[51.0886482,44.9615621],[51.0775229,44.9713335],[51.0725357,44.9631908],[51.0665894,44.9652266],[51.0556559,44.9569473],[51.0581495,44.949074],[51.049326,44.9375337],[51.0531623,44.9232748],[51.0706176,44.9080614],[51.0984309,44.9058877],[51.1032263,44.8925722],[51.0945945,44.8662038],[51.1008219,44.8561225],[51.1113335,44.855834],[51.1135715,44.8621795],[51.1235587,44.8648443],[51.1296969,44.8780303],[51.1371956,44.8802356],[51.1606113,44.9108107],[51.1655664,44.9312874],[51.1636483,44.9469019],[51.1715127,44.9576259],[51.1635727,44.9660177],[51.170986,44.9827534],[51.1686842,44.99832],[51.1742105,45.0127438],[51.1889991,45.0103066],[51.2048683,45.0160358],[51.2090391,45.0087244],[51.2040884,44.9928519],[51.2095477,44.9910054],[51.2424884,45.0123649],[51.2302601,45.0412753],[51.2150108,45.0418852],[51.2134283,45.0364297],[51.1672928,45.0292491],[51.1500293,45.0215213],[51.121626397,45.0001]]],[[[50.7193336,44.8950334],[50.7299734,44.9036505],[50.7334167,44.9139979],[50.7305526,44.921518],[50.6989187,44.9346871],[50.6835361,44.9253688],[50.6994657,44.9223611],[50.7071248,44.9162768],[50.7129452,44.9009396],[50.7193336,44.8950334]]],[[[50.458914,44.9094735],[50.4631465,44.9101181],[50.4700186,44.9219137],[50.4621426,44.9311516],[50.4524943,44.9308617],[50.4512575,44.9245735],[50.458914,44.9094735]]],[[[50.246876172,45.0001],[50.2386439,44.9871312],[50.2410297,44.9813939],[50.2510499,44.9851739],[50.2665096,44.9764661],[50.2744304,44.9478358],[50.2667959,44.9447288],[50.262597,44.9368256],[50.2664142,44.9283807],[50.2565849,44.8799169],[50.2793928,44.8696376],[50.2788202,44.8769415],[50.2667005,44.8843797],[50.268132,44.8970225],[50.2819694,44.9024303],[50.2950434,44.9147987],[50.310694,44.9204076],[50.3307344,44.9434455],[50.329303,44.9709302],[50.3452399,44.9913832],[50.3543058,45.0136505],[50.3582184,45.0443382],[50.3463851,45.0546537],[50.3275852,45.0620689],[50.3146067,45.0623385],[50.2844226,45.0391307],[50.2693446,45.047357],[50.2602787,45.0455365],[50.2388068,45.0314428],[50.2341307,45.0217977],[50.2353713,45.01829],[50.2500405,45.0154287],[50.246876172,45.0001]]]]},"properties":{"code":"KZ-MAN","name_ru":"Мангистауская область","name_en":"Mangystau Region","region_type":"oblast"}},{"type":"Feature","id":"KZ-PAV","geometry":{"type":"Polygon","coordinates":[[[77.6433905,50.3611722],[77.6459057,50.4646201],[77.4504501,50.5507278],[77.3784768,50.548063],[77.2531269,50.567198],[77.076993,50.6675037],[77.0617368,50.6596955],[77.0108703,50.654759],[76.9863854,50.6564544],[76.845387,50.6398077],[76.781479,50.5913619],[76.650602,50.2726519],[76.6044964,50.2988518],[76.5260383,50.3305083],[76.3199768,50.3286012],[76.3263751,50.3148168],[76.272527,50.3047842],[76.2660464,50.2875802],[76.2668494,50.2629025],[76.2229629,50.2357157],[76.2161647,50.2127409],[76.1066051,50.2577182],[76.0366618,50.2572116],[75.9782288,50.2431894],[75.9290788,50.2210528],[75.9121371,50.220302],[75.8478562,50.2040553],[75.7763874,50.203331],[75.7553988,50.2216736],[75.734342,50.2225045],[75.7270735,50.2339092],[75.7046865,50.2342374],[75.696541,50.2316275],[75.6892169,50.222717],[75.6726454,50.220081],[75.641999,50.1892347],[75.570253,50.1808902],[75.4412494,50.1875991],[75.3294824,50.1727952],[75.0781882,50.0602456],[75.0624499,50.0490504],[75.0124294,50.0295995],[75.0099236,50.0226406],[74.9449634,50.0134361],[74.9125783,50.0379944],[74.8450607,50.0406923],[74.8033107,50.1067637],[74.8216831,50.1161839],[74.8410691,50.1194763],[74.865273,50.1344337],[74.8897361,50.1579644],[74.9363235,50.1844162],[74.9838625,50.1883035],[74.9995738,50.200589],[75.0670588,50.2133555],[75.0709804,50.2054869],[75.1162553,50.218065],[75.109204,50.2251571],[75.1304663,50.2315267],[75.1398427,50.2548244],[75.0969729,50.2763867],[75.01866,50.3027235],[74.972303,50.3298749],[74.9597405,50.3467399],[74.9732322,50.3517319],[74.9664867,50.3730597],[74.9661161,50.4119696],[74.955319,50.4282967],[74.9141423,50.4678315],[74.8712584,50.45443],[74.8265211,50.4827366],[74.7584698,50.5457505],[74.7252724,50.5286015],[74.7282577,50.522164],[74.7089632,50.4803852],[74.6777623,50.478906],[74.6450922,50.4664459],[74.632116,50.4887776],[74.6007761,50.5158444],[74.5968152,50.5546143],[74.6275725,50.5889585],[74.62783,50.6074937],[74.5809942,50.6286638],[74.481152,50.6451258],[74.4502306,50.6633262],[74.4000258,50.662294],[74.3681572,50.6371165],[74.2866671,50.6168528],[74.2434985,50.6203516],[74.0221973,50.6102158],[73.9939665,50.6107556],[73.8941997,50.6644215],[73.8807747,50.6977137],[73.944207,50.7493115],[73.9433882,50.7547195],[73.9212059,50.7796501],[73.9935685,50.8325514],[73.9948278,50.8297384],[74.0076866,50.8366967],[74.0268653,50.8387039],[74.0395975,50.8465778],[74.04481,50.8420457],[74.0602483,50.8437454],[74.0627522,50.8377492],[74.0668138,50.8383027],[74.0536767,50.8528396],[74.0651185,50.8578123],[74.0660732,50.8644331],[74.0506234,50.8670421],[74.0573494,50.874113],[74.0721622,50.8779698],[74.0602824,50.8839866],[74.0557983,50.8910822],[74.0567599,50.9014588],[74.0478405,50.9039772],[74.048034,50.9075012],[74.0634547,50.9146864],[74.0590791,50.9201975],[74.077887,50.9160105],[74.0849536,50.9206953],[74.0800945,50.9269437],[74.08743,50.9310503],[74.08484,50.9364844],[74.0932536,50.9387847],[74.0948876,50.9433635],[74.0911705,50.9522901],[74.0874857,50.9518251],[74.0891856,50.954851],[74.0730606,50.9530504],[74.0742382,50.964267],[74.0711228,50.9647008],[74.0587945,50.9581273],[74.0604977,50.9555642],[74.0546893,50.9496757],[74.0579639,50.9478941],[74.0499041,50.9395097],[74.0328602,50.9422297],[74.0332928,50.9464439],[74.0229034,50.9417801],[74.0144946,50.9478061],[73.9902943,50.952748],[74.0091059,50.9758234],[74.0167158,50.9978626],[74.0271872,51.0018598],[74.0180891,51.0039122],[74.0191191,51.0113651],[74.000923,51.0262671],[74.0005797,51.044942],[74.0486448,51.098442],[74.04401,51.1045863],[74.0458983,51.1179498],[74.0337482,51.1222702],[74.0212241,51.1357049],[74.0162008,51.1442346],[74.0170591,51.157479],[74.0040496,51.1627435],[73.9997889,51.1692406],[74.0001691,51.1779511],[74.011536,51.1937025],[74.0274881,51.1976441],[74.0307699,51.2017344],[73.671068,51.2786215],[73.685636,51.2873922],[73.6905229,51.310738],[73.698653,51.3198281],[73.7009467,51.3391579],[73.7186148,51.3464895],[73.7316903,51.3608709],[73.7832694,51.3746627],[73.7974686,51.381536],[73.8030736,51.3901343],[73.8143349,51.3940672],[73.8183952,51.4046105],[73.8087046,51.410895],[73.8041447,51.4242271],[73.8119522,51.4268489],[73.8111817,51.4388735],[73.9855936,51.5012843],[74.0470332,51.5091507],[74.1342699,51.5128939],[74.1628557,51.530146],[74.2600379,51.5234939],[74.2535073,51.5392967],[74.2506719,51.5618402],[74.0993598,51.5946522],[74.0369299,51.5989243],[74.0199413,51.6194312],[74.007314,51.6430139],[73.9008373,51.6288266],[73.7778595,51.6274308],[73.785097,51.6337751],[73.7822163,51.6413227],[73.787393,51.6465257],[73.7868887,51.6516782],[73.799141,51.6547002],[73.8047737,51.6654287],[73.795225,51.6756423],[73.7930578,51.6858936],[73.7861377,51.688614],[73.7935299,51.6985431],[73.7864166,51.7038243],[73.7909227,51.7111442],[73.7877255,51.7141622],[73.7955576,51.7190678],[73.7912982,51.7287975],[73.7986797,51.7317014],[73.7967914,51.7361931],[73.8006323,51.73808],[73.7980574,51.7523489],[73.8074666,51.756699],[73.8139146,51.7663277],[73.8158995,51.7886981],[73.8219452,51.7906525],[73.8208026,51.796434],[73.8092583,51.7959894],[73.8099074,51.8042994],[73.8268309,51.8152275],[73.8365588,51.8062792],[73.9050377,51.8495231],[73.9321664,51.8766654],[73.9690725,51.8929884],[74.0275241,51.8916392],[74.0302049,51.9321027],[74.0003838,51.9321172],[74.0003955,52.5435235],[73.9215374,52.5437356],[73.9221166,52.6264259],[73.7465683,52.6269574],[73.668834,52.6921909],[73.6929518,52.6933447],[73.7017201,52.7004232],[73.7023161,52.7068791],[73.7114952,52.7119818],[73.733501,52.7124657],[73.7497978,52.698499],[73.8038357,52.6935596],[73.8129361,52.6789635],[73.8540062,52.6518723],[73.9219927,52.6525543],[73.9181087,52.7614378],[73.9861854,52.7623441],[73.9838612,52.8300217],[74.0349607,52.8332403],[73.9898525,52.9304766],[73.8696054,52.8936231],[73.8564218,52.9010766],[73.7667856,52.8095568],[73.7507954,52.8196229],[73.7383078,52.8220819],[73.7320482,52.8157901],[73.6892491,52.8028986],[73.6883613,52.7982227],[73.6818768,52.8060766],[73.6660517,52.8117766],[73.6288097,52.814235],[73.6161579,52.8727567],[73.5917324,52.8820532],[73.608505,52.8926538],[73.6223794,52.8963558],[73.6678964,52.9327905],[73.6118117,52.9843202],[73.5360172,52.9407772],[73.504576,52.9382937],[73.5138406,52.9495855],[73.5093602,52.9506031],[73.5105177,52.9542141],[73.5370127,52.9529126],[73.5679538,52.9803771],[73.5764475,53.0081293],[73.6488076,53.0624767],[73.6625002,53.0981666],[73.732065,53.1262265],[73.7445552,53.1466638],[73.7763556,53.1656941],[73.7345797,53.199195],[73.6862712,53.1901326],[73.6533475,53.2079642],[73.5155153,53.1373339],[73.4341041,53.1235833],[73.4290052,53.1286872],[73.4302474,53.1396871],[73.4174444,53.153768],[73.4157689,53.150074],[73.4243922,53.1397529],[73.4188319,53.1389916],[73.4072455,53.157086],[73.4057807,53.166801],[73.4140811,53.2460245],[73.430034,53.2922209],[73.5419029,53.2609942],[73.5842984,53.2629728],[73.5897802,53.2818775],[73.5806056,53.2999296],[73.438715,53.4354965],[73.5801762,53.5196169],[73.594035,53.5593138],[73.6455058,53.552916],[73.6667641,53.6132817],[73.7479257,53.6070722],[73.8213453,53.578387],[73.901147,53.6512214],[74.0717464,53.6295859],[74.052604,53.5665178],[74.1471,53.5558],[74.162936,53.6013833],[74.2426248,53.5879559],[74.2346928,53.5696698],[74.2868504,53.5607783],[74.2684976,53.5236333],[74.304736,53.5177632],[74.2914512,53.4914903],[74.3905984,53.4559828],[74.4533213,53.5378445],[74.4865,53.5694],[74.4875408,53.5755771],[74.4485451,53.5808938],[74.4515,53.5889],[74.4210381,53.593317],[74.4584161,53.6909322],[74.6335,53.669],[74.6426,53.6724],[74.6737,53.7553],[74.7632,53.7437],[74.7751,53.7834],[74.7946,53.8245],[74.8569,53.8184],[74.8858,53.8231],[74.9740595,53.8226286],[74.9841435,53.8115856],[75.0263695,53.8028189],[75.0303555,53.7958709],[75.0465813,53.7926967],[75.1365073,53.8367393],[75.1483519,53.8468837],[75.1599835,53.8481769],[75.2174629,53.876105],[75.2661263,53.9096605],[75.2936479,53.920539],[75.3316828,53.942316],[75.3774621,53.9595564],[75.4109449,53.9596418],[75.4108585,53.9723182],[75.4410673,53.9723325],[75.4408072,54.0084667],[75.4351924,54.0094844],[75.375585,54.0701043],[75.5290132,54.115068],[75.5981075,54.0987926],[76.2013926,54.2597987],[76.2278221,54.2760958],[76.1864842,54.3015526],[76.229287,54.3232219],[76.2572897,54.3592714],[76.3520575,54.3340012],[76.475925,54.3182396],[76.5447141,54.3277077],[76.5753668,54.3394855],[76.5981578,54.3430915],[76.6075913,54.335617],[76.645675,54.3367779],[76.6748056,54.344999],[76.691279,54.3750062],[76.7304655,54.4027448],[76.7297592,54.4180291],[76.7955286,54.4190245],[76.8266019,54.4289338],[76.8441356,54.4396709],[76.9289614,54.4577679],[76.9395308,54.4379182],[76.9362473,54.4256277],[76.9524626,54.4157668],[76.9356376,54.4156907],[76.8775811,54.4029411],[76.8745885,54.3982518],[76.7807245,54.3776524],[76.7880782,54.360039],[76.8207485,54.3681056],[76.8602013,54.3611444],[76.8785671,54.3017602],[76.8705113,54.297601],[76.8647735,54.2861705],[76.8287108,54.2741505],[76.8354563,54.2626786],[76.8278407,54.2248837],[76.8109574,54.2171449],[76.789561,54.1994511],[76.7493697,54.1830292],[76.7564658,54.161826],[76.695346,54.1469985],[76.6713589,54.1326563],[76.6450202,54.1244476],[76.6165969,54.1532843],[76.6162802,54.1620049],[76.5826815,54.1487933],[76.44044,54.1673306],[76.434915,54.1225724],[76.4982845,54.0712511],[76.5040997,54.0317861],[76.5293865,54.0171871],[76.5378313,53.9998526],[76.8290166,53.8494607],[77.3391279,53.5949318],[77.9065061,53.29141],[78.1184926,53.0686383],[78.3060019,52.8844529],[78.3785994,52.8076441],[78.7637887,52.3775917],[79.1119121,52.0030855],[79.1734087,51.9296005],[79.2104982,51.8730021],[79.3390577,51.7086611],[79.2508589,51.6976792],[79.239489,51.6844612],[79.2308712,51.6807357],[79.2308221,51.6709625],[79.2461991,51.6617444],[79.2485357,51.6518276],[79.2456498,51.6458547],[79.2023884,51.6190927],[79.1106397,51.5936093],[79.0615351,51.5868209],[79.1013495,51.5254022],[78.9833666,51.4492583],[78.9192288,51.4578577],[78.8416298,51.4539414],[78.8377725,51.4756105],[78.8558945,51.4851827],[78.847098,51.4904574],[78.8245709,51.4937645],[78.6797715,51.496185],[78.6714611,51.4910635],[78.6801313,51.4700688],[78.7034237,51.4658849],[78.7402528,51.467654],[78.747458,51.3814305],[78.7899527,51.3825344],[78.7832936,51.3733469],[78.7847657,51.2988322],[78.6981039,51.3118879],[78.696026208,51.29472592],[78.6415011,51.2917468],[78.6320607,51.2733602],[78.5421787,51.2377273],[78.5137216,51.2311696],[78.3906483,51.2188854],[78.3401497,51.2447613],[78.3243877,51.2339058],[78.3102463,51.2114917],[78.2863137,51.2003359],[78.2442778,51.1887898],[78.1937411,51.1856313],[78.1554871,51.1722232],[78.1137424,51.150124],[78.0820233,51.1486979],[78.0687895,51.1421356],[78.0637907,51.1272302],[78.0797758,51.0798438],[78.0899818,51.0726209],[78.1131775,51.0728905],[78.129378,51.066378],[78.1345493,51.0589475],[78.1330473,51.0503153],[78.1236059,51.0337207],[78.129378,51.0263794],[78.1719982,51.0259791],[78.188349,51.0155724],[78.2017952,50.9648963],[78.2287779,50.9537104],[78.2421675,50.9383523],[78.2493773,50.9138987],[78.2613936,50.9022084],[78.26929,50.8872664],[78.2782164,50.8825013],[78.3362379,50.8801186],[78.3496275,50.8718864],[78.3654204,50.8536837],[78.3880797,50.8530335],[78.4143076,50.8409708],[78.4358015,50.843279],[78.461370909,50.837567795],[78.4673872,50.8304867],[78.4673872,50.8124848],[78.4793789,50.7997669],[78.4698923,50.7832402],[78.4738354,50.7795179],[78.4516076,50.7693379],[78.4577723,50.7597354],[78.4576925,50.7365793],[78.5237358,50.6809948],[78.6084041,50.6840862],[78.6812495,50.6948266],[78.690976313,50.699353393],[78.7002116,50.6907737],[78.6851977,50.6798182],[78.6834811,50.674488],[78.6835669,50.6445623],[78.6894034,50.6256177],[78.6724089,50.5884683],[78.6853694,50.5156643],[78.6761855,50.4813775],[78.6763571,50.4579413],[78.6929978,50.4519537],[78.7703418,50.4399601],[78.7882771,50.3108835],[78.73764,50.2573032],[78.7098309,50.2133829],[78.6188504,50.1036253],[78.5869213,50.0824807],[78.474824822,50.042672706],[78.411761651,50.038288265],[78.1196864,50.1003091],[77.80306,50.1922235],[77.755593,50.2352669],[77.6971702,50.2218527],[77.6003172,50.278314],[77.6433905,50.3611722]]]},"properties":{"code":"KZ-PAV","name_ru":"Павлодарская область","name_en":"Pavlodar Region","region_type":"oblast"}},{"type":"Feature","id":"KZ-SEV","geometry":{"type":"Polygon","coordinates":[[[73.438715,53.4354965],[73.3625009,53.4674741],[73.3871155,53.488732],[73.3978845,53.5221518],[73.3460793,53.5341068],[73.3468242,53.5431983],[73.3417,53.5448],[73.2384251,53.5675771],[73.2513742,53.5978506],[73.2777121,53.6395515],[73.2554078,53.6412488],[73.2530578,53.6740617],[73.3227207,53.6760738],[73.3417793,53.7178878],[73.3555681,53.7661596],[73.3427,53.7881],[73.4012966,53.7930103],[73.4491302,53.8073197],[73.4291613,53.8230341],[73.4292414,53.848179],[73.4530853,53.8760982],[73.5716712,53.869127],[73.6910819,53.8560661],[73.7493,53.9952],[73.7678789,54.0538215],[73.7001156,54.0488382],[73.7036604,54.0659549],[73.6300348,54.0709236],[73.6579727,54.046379],[73.6096243,54.0084051],[73.5781459,54.0144801],[73.5187982,54.0032498],[73.5219911,53.9653526],[73.5374,53.9499],[73.5375,53.9462],[73.5225,53.9399],[73.5104,53.9378],[73.4586309,53.9636914],[73.4045061,53.9785088],[73.4035,53.9452],[73.3,53.9431],[73.2845,53.95],[73.1991819,53.9693161],[73.0669683,53.985537],[73.0722083,54.0300432],[73.0577329,54.0320017],[73.0596813,54.0401499],[72.9786593,54.049487],[72.9945809,54.098412],[72.8316742,54.0979842],[72.8256661,54.1206774],[72.7237443,54.1231158],[72.6087934,54.1368406],[72.612851,54.1219588],[72.5602,54.1164],[72.5309,54.043],[72.5648,54.0392],[72.5717,54.051],[72.5964,54.0461],[72.6744,54.0449],[72.7146,54.007],[72.7052,53.9565],[72.6931,53.9554],[72.556,53.9797],[72.4932699,53.9034694],[72.4305,53.9141],[72.3752,53.9462],[72.4168,53.9874],[72.4331,54.0447],[72.3977,54.05],[72.4068,54.0746],[72.3712,54.0818],[72.3789,54.1054],[72.4327,54.1011],[72.4393,54.1182],[72.4913456,54.112372],[72.4894237,54.1076724],[72.5131988,54.1047537],[72.5158713,54.1120528],[72.507372,54.1403989],[72.4191828,54.1510323],[72.3436278,54.1786806],[72.2990291,54.1868145],[72.3379479,54.2458094],[72.2914,54.2498],[72.3004893,54.2938223],[72.2797727,54.3172058],[72.2416881,54.3315952],[72.1934331,54.3581201],[72.1888754,54.3546235],[72.0126,54.3693],[72.0424,54.3411],[72.042,54.3249],[72.0756,54.3285],[72.1046,54.3101],[72.1263,54.3065],[72.1328,54.302],[72.1315,54.2759],[72.1161,54.2764],[72.1119,54.2709],[72.0975,54.2148],[72.2101,54.1815],[72.2255,54.1801],[72.1832,54.127],[72.1743,54.1223],[72.1008,54.1459],[72.1105,54.1605],[72.1113,54.1702],[72.0738,54.1801],[72.0765,54.1857],[72.0576,54.1932],[72.0617,54.2005],[71.9512,54.2413],[71.9348,54.2264],[71.9134,54.2269],[71.7555,54.2522],[71.7265,54.1846],[71.7669,54.1468],[71.7227,54.1038],[71.6756,54.1083],[71.6749,54.0976],[71.6199,54.0972],[71.6118,54.1145],[71.4899,54.0971],[71.4909726,54.1584962],[71.3843695,54.1675875],[71.3868299,54.1813804],[71.296101,54.1849449],[71.2748808,54.1474386],[71.1794006,54.0945994],[71.1233037,54.1294169],[71.1353,54.1598],[71.1048,54.162],[71.1105,54.1834],[71.0556,54.188],[71.0563,54.2024],[71.0732,54.2021],[71.0736,54.2723],[70.9999,54.2725],[71.0017,54.3084],[70.9983,54.3338],[71.112,54.3326],[71.1113,54.3191],[71.1999,54.3077],[71.2071,54.3273],[71.1979,54.3284],[71.1975,54.3501],[71.2267,54.3494],[71.2342,54.4021],[71.2003,54.4029],[71.2049,54.4585],[71.1739,54.4571],[71.1688,54.5645],[71.1724,54.5734],[71.2113,54.6067],[71.2884,54.6016],[71.2893,54.6457],[71.2936,54.6662],[71.2409,54.6656],[71.2389,54.6861],[71.211,54.6866],[71.2103,54.7019],[71.0984,54.6994],[71.0956,54.704],[71.0992,54.7136],[71.0827,54.7249],[71.0726,54.7396],[71.0355,54.7742],[71.0289,54.7986],[71.0126,54.8131],[71.0287,54.8246],[71.0222,54.8499],[70.9946,54.8584],[70.9601,54.8859],[70.9966,54.9321],[71.0092,54.9651],[70.9804,54.9817],[70.9963,54.9878],[70.9957,55.0067],[71.0072,55.0181],[71.0057,55.0505],[70.9916,55.0509],[70.9924,55.0669],[71.0245,55.0825],[70.9248,55.1256],[70.9298,55.164],[70.8819,55.1801],[70.8043,55.2694],[70.8267,55.2779],[70.8161,55.288],[70.6996,55.287],[70.6241,55.2503],[70.4780029,55.2729425],[70.4751161,55.2817114],[70.4611977,55.2858259],[70.4104058,55.2540799],[70.4012424,55.2145889],[70.2949784,55.1929211],[70.2294,55.1471],[70.2011,55.1474],[70.1795,55.1583],[70.1063,55.1761],[70.0631,55.207],[69.9517,55.2097],[69.8671,55.2957],[69.7937,55.323],[69.7829,55.3358],[69.7380477,55.3383803],[69.7474741,55.3448942],[69.7103685,55.3516996],[69.6838251,55.3507079],[69.676348,55.4804002],[69.6690202,55.4484252],[69.654706,55.4423222],[69.6560851,55.4354212],[69.5848038,55.4342954],[69.5818198,55.4166556],[69.6214495,55.3958297],[69.6369186,55.3810752],[69.6345232,55.3667566],[69.6605864,55.359937],[69.6598291,55.3495684],[69.5499251,55.3510672],[69.5386251,55.3363676],[69.4945,55.3364],[69.4552,55.3421],[69.4568,55.3464],[69.4506,55.351],[69.416,55.3556],[69.4144,55.361],[69.4272,55.3745],[69.4225,55.3807],[69.3895,55.3889],[69.3627,55.389],[69.3479,55.3823],[69.3499,55.3752],[69.3467,55.3666],[69.334,55.353],[69.3197,55.346],[69.2061,55.3301],[69.1733,55.3822],[69.1087,55.4074],[69.0471,55.4236],[68.9855,55.4227],[68.9855,55.4416],[68.935,55.4398],[68.9193,55.3832],[68.9193,55.3678],[68.9225,55.3645],[68.9824,55.3644],[68.9871,55.3444],[69.0029,55.3257],[69.0092,55.2853],[68.9887,55.2837],[68.9619,55.3257],[68.9399,55.3185],[68.85,55.3436],[68.8153,55.3597],[68.7521,55.3768],[68.7175,55.3541],[68.714266,55.3475192],[68.7226605,55.3358071],[68.7226503,55.3255021],[68.7029145,55.3256202],[68.702901,55.3149903],[68.7102503,55.3074061],[68.696868,55.2888355],[68.6747361,55.2771927],[68.6355116,55.2653211],[68.6368009,55.2421861],[68.659446,55.2358007],[68.6453847,55.2174635],[68.649153,55.2085477],[68.6201871,55.1982678],[68.6002451,55.2008729],[68.5953268,55.2194394],[68.5570726,55.215281],[68.5590865,55.2091306],[68.4451877,55.1965327],[68.3588038,55.2064629],[68.3538884,55.1810002],[68.3337833,55.1803091],[68.3183743,55.1861431],[68.30459,55.2034811],[68.2807429,55.2044027],[68.2399861,55.18715],[68.1774303,55.1988869],[68.1774972,55.1776662],[68.2101816,55.1777045],[68.21918,55.1548377],[68.1921017,55.150216],[68.2407055,55.112678],[68.2589071,55.1135927],[68.2567304,55.1005853],[68.2722019,55.0848136],[68.3155494,55.0766925],[68.3127884,55.0675447],[68.2377375,55.0537729],[68.2381118,55.0147047],[68.1967116,54.9901082],[68.2263265,54.9772367],[68.2340622,54.9773551],[68.2351339,54.9690517],[68.0325639,54.9504615],[67.9108618,54.9836919],[67.8194637,54.9712311],[67.8013428,54.9409601],[67.7987535,54.9253873],[67.7735311,54.8859562],[67.6983695,54.8708156],[67.6917414,54.8633156],[67.6434744,54.8653329],[67.5635271,54.8443909],[67.5332518,54.8530894],[67.5323688,54.8568804],[67.5172383,54.8619165],[67.475725,54.8584638],[67.4615666,54.8640686],[67.3985243,54.8553995],[67.3535408,54.8640883],[67.3330486,54.8733062],[67.29026,54.862322],[67.2823454,54.8259141],[67.2213146,54.8142947],[67.1069,54.8087],[67.0902,54.8014],[67.0616,54.7803],[67.0524,54.7783],[66.9976,54.7857],[66.8639,54.7759],[66.792,54.7649],[66.7313,54.7386],[66.6973,54.7362],[66.652117,54.743305],[66.381721,54.703724],[66.075413,54.6404927],[66.0788732,54.571267],[66.1099125,54.4894601],[66.073832,54.4696387],[66.1070252,54.4438752],[66.0848981,54.4192664],[66.1768948,54.2934608],[66.0850885,54.2584707],[66.0316816,54.2514567],[66.1911012,54.183431],[66.2668135,54.1832893],[66.3177284,54.1020191],[66.149825,54.0752309],[65.9631147,53.9990509],[66.002134,53.9275601],[66.0253334,53.9326682],[66.0475073,53.803239],[66.1792605,53.8055751],[66.1737062,53.6708754],[66.1592358,53.671112],[66.1305667,53.6440983],[66.1085913,53.619451],[66.1053212,53.6058785],[66.1109031,53.5027137],[66.2492657,53.5033916],[66.2505011,53.3389448],[66.2574392,53.3316573],[66.2572025,53.1937273],[66.4004242,53.1548634],[66.4021394,53.0895143],[66.2002214,53.1109251],[66.2069252,53.0934319],[66.0505085,53.0607248],[66.0707051,52.98159],[66.3213576,52.9699362],[66.3079066,52.8862521],[66.1183809,52.893548],[66.1286801,52.7644009],[66.0187701,52.7609164],[66.020846,52.7422331],[66.0067935,52.434347],[66.078198,52.4516755],[66.2399858,52.3322192],[66.3548703,52.3599826],[66.4423907,52.3657955],[66.4906429,52.3753295],[66.541207,52.3686221],[66.565439,52.304737],[66.544166,52.2933482],[66.5420403,52.2817983],[66.6236452,52.2734812],[66.7809759,52.2812105],[66.8286165,52.2605124],[66.9123776,52.2433177],[66.9854409,52.2507027],[67.0572385,52.2436496],[67.0999718,52.2569769],[67.2971813,52.2069604],[67.2990549,52.4280838],[67.5379326,52.4265162],[67.595704,52.372732],[67.695052,52.3594818],[67.7333641,52.3469256],[67.8601066,52.2737752],[67.9033213,52.3267913],[67.8807069,52.3369998],[67.913896,52.3766382],[67.9695489,52.3512535],[67.9845646,52.3547449],[67.9688714,52.3626764],[68.0003263,52.379517],[67.9952883,52.4018275],[68.0510383,52.4608596],[68.0391261,52.4835365],[67.9960497,52.483263],[67.9903888,52.5442626],[68.1400099,52.5451574],[68.1569592,52.5761773],[68.161339,52.5938372],[68.2286988,52.6067797],[68.3381217,52.60566],[68.3610481,52.6570522],[68.3932636,52.6561268],[68.4159655,52.7077398],[68.4027919,52.7163464],[68.4559381,52.7359375],[68.4952884,52.7558533],[68.5035716,52.7384133],[68.5390691,52.7376345],[68.5613123,52.7735115],[68.5629941,52.7822551],[68.5949591,52.7839013],[68.6317266,52.8009592],[68.6577238,52.7916098],[68.676891,52.7950331],[68.68784,52.8277083],[68.6403146,52.8632213],[68.6551699,52.8698063],[68.6659776,52.8700628],[68.6396392,52.9383955],[68.621012,52.9704742],[68.628484,52.9829517],[68.7011988,53.0077032],[68.7432182,53.0336377],[68.7842036,53.0912127],[68.7368975,53.0941478],[68.7023125,53.1148789],[68.7426717,53.1254987],[68.7520788,53.1955306],[68.726047,53.19659],[68.7278408,53.2068806],[68.6962108,53.2096748],[68.7059824,53.2665426],[68.6427611,53.2753766],[68.5965578,53.2693015],[68.5792319,53.2722604],[68.5794369,53.2996966],[68.5733327,53.298915],[68.5566447,53.306868],[68.5475318,53.3178873],[68.5495087,53.3273593],[68.5293224,53.3266596],[68.5190341,53.379606],[68.5007344,53.3933476],[68.5070354,53.4081576],[68.4811516,53.460528],[68.5037933,53.4744406],[68.5314861,53.4622556],[68.5599455,53.4639527],[68.5638978,53.4849682],[68.5846635,53.4815189],[68.5945513,53.4890828],[68.6042136,53.5088035],[68.6206382,53.5123108],[68.6500256,53.5043178],[68.6567788,53.5289995],[68.6524851,53.5294707],[68.6526449,53.5524752],[68.7483601,53.5506422],[68.7629579,53.5539188],[68.7695032,53.5662971],[68.7480785,53.5785503],[68.7554074,53.5959047],[68.7361638,53.6092655],[68.7294094,53.6417482],[68.8183759,53.6344579],[68.8182276,53.6478815],[68.8993908,53.6440395],[68.8915603,53.6147427],[69.0278802,53.6148444],[69.0281129,53.6764999],[69.1357299,53.6772315],[69.135354,53.5964085],[69.240911,53.5962423],[69.2407581,53.5693702],[69.2710467,53.5692362],[69.270844,53.5556968],[69.3057771,53.5574777],[69.3054152,53.5072565],[69.3443854,53.5114336],[69.4183843,53.527617],[69.4278597,53.5508306],[69.4108408,53.5512289],[69.4101405,53.5722055],[69.3798592,53.5726153],[69.3795162,53.5984346],[69.4276431,53.6027454],[69.4393063,53.6349157],[69.4788855,53.6354749],[69.4839269,53.6494089],[69.5456649,53.6492124],[69.545588,53.6792627],[69.6362196,53.6776784],[69.6453042,53.6843697],[69.6485664,53.6785305],[69.6596841,53.6818396],[69.6622335,53.6799821],[69.6580286,53.6772727],[69.6807401,53.6771238],[69.6807669,53.668272],[69.8029556,53.6682897],[69.8028653,53.6322306],[69.8406932,53.632183],[69.8399851,53.5186336],[69.870723,53.5191207],[69.87415,53.5299846],[69.9108494,53.5203065],[69.9135414,53.5241041],[69.9286587,53.5208765],[69.9781843,53.5230269],[70.0152384,53.5095662],[70.0738997,53.5074272],[70.0703089,53.4873075],[70.0740918,53.4681114],[70.0710748,53.4333426],[70.0093703,53.4184484],[70.0142334,53.379896],[69.9974044,53.3623972],[70.2098326,53.3584675],[70.2100895,53.3675336],[70.2338526,53.3673719],[70.2963176,53.2921984],[70.3160367,53.2505595],[70.3188714,53.2275698],[70.3600657,53.2213875],[70.4555086,53.2338226],[70.4554979,53.2656054],[70.4469792,53.2796804],[70.4478537,53.321665],[70.5342501,53.3336574],[70.5843432,53.3336562],[70.5836548,53.4301281],[71.0232148,53.4276677],[71.0231638,53.421017],[71.0633951,53.4217201],[71.0119467,53.3309782],[71.1445228,53.3285385],[71.1425022,53.3162293],[71.1947283,53.3159258],[71.2490374,53.3039254],[71.2926516,53.326429],[71.3154587,53.3260138],[71.3934609,53.3487062],[71.40515,53.3591371],[71.4060998,53.370439],[71.4325683,53.384685],[71.5128901,53.3986455],[71.5271976,53.4076061],[71.5728319,53.4232338],[71.6058766,53.4015911],[71.6328075,53.3106229],[71.6684166,53.2970617],[71.7395399,53.2125442],[71.6965144,53.1342653],[71.7195862,53.0757252],[71.6065989,53.0418019],[71.6228717,53.0307348],[71.66889,52.9453117],[71.7426245,52.9786685],[71.7787017,52.9825962],[71.7618595,52.9412709],[71.773118,52.9263978],[71.7727088,52.9144919],[71.7986387,52.8962938],[71.8106381,52.9004786],[71.9148765,52.8544853],[72.1053607,52.8653276],[72.2041699,52.89235],[72.2027257,53.0125493],[72.4493,52.9778377],[72.490608,52.9843628],[72.5382912,52.9838737],[72.6466606,53.014434],[72.7378348,53.0118122],[72.7529397,53.0191396],[72.8693647,53.0274642],[72.878634,53.0101346],[72.8973656,52.9321886],[72.9312536,52.9226277],[72.9122435,52.714383],[73.0645658,52.7493496],[73.1181476,52.7300664],[73.2074762,52.7173373],[73.2465133,52.7044252],[73.3200893,52.7094202],[73.3916334,52.6991285],[73.424732,52.6538951],[73.4931762,52.6659889],[73.5291341,52.6027869],[73.9218798,52.5928329],[73.9221166,52.6264259],[73.7465683,52.6269574],[73.668834,52.6921909],[73.6929518,52.6933447],[73.7017201,52.7004232],[73.7023161,52.7068791],[73.7114952,52.7119818],[73.733501,52.7124657],[73.7497978,52.698499],[73.8038357,52.6935596],[73.8129361,52.6789635],[73.8540062,52.6518723],[73.9219927,52.6525543],[73.9181087,52.7614378],[73.9861854,52.7623441],[73.9838612,52.8300217],[74.0349607,52.8332403],[73.9898525,52.9304766],[73.8696054,52.8936231],[73.8564218,52.9010766],[73.7667856,52.8095568],[73.7507954,52.8196229],[73.7383078,52.8220819],[73.7320482,52.8157901],[73.6892491,52.8028986],[73.6883613,52.7982227],[73.6818768,52.8060766],[73.6660517,52.8117766],[73.6288097,52.814235],[73.6161579,52.8727567],[73.5917324,52.8820532],[73.608505,52.8926538],[73.6223794,52.8963558],[73.6678964,52.9327905],[73.6118117,52.9843202],[73.5360172,52.9407772],[73.504576,52.9382937],[73.5138406,52.9495855],[73.5094945,52.9533001],[73.5370127,52.9529126],[73.5679538,52.9803771],[73.5764475,53.0081293],[73.6488076,53.0624767],[73.6625002,53.0981666],[73.732065,53.1262265],[73.7445552,53.1466638],[73.7763556,53.1656941],[73.7345797,53.199195],[73.6862712,53.1901326],[73.6533475,53.2079642],[73.5155153,53.1373339],[73.4341041,53.1235833],[73.4290052,53.1286872],[73.4302474,53.1396871],[73.4174444,53.153768],[73.4157689,53.150074],[73.4243922,53.1397529],[73.4188319,53.1389916],[73.4072455,53.157086],[73.4057807,53.166801],[73.4140811,53.2460245],[73.430034,53.2922209],[73.5419029,53.2609942],[73.5842984,53.2629728],[73.5897802,53.2818775],[73.5806056,53.2999296],[73.438715,53.4354965]]]},"properties":{"code":"KZ-SEV","name_ru":"Северо-Казахстанская область","name_en":"North Kazakhstan Region","region_type":"oblast"}},{"type":"Feature","id":"KZ-YUZ","geometry":{"type":"Polygon","coordinates":[[[69.2499637,45.7691513],[69.2665926,45.7693648],[69.3586385,45.4974416],[69.4643563,45.3384052],[69.538832,45.1548863],[69.5925074,44.9559329],[69.6526666,44.8879803],[69.6675498,44.8205814],[69.716991,44.6539121],[69.824794,44.1605552],[69.7681796,44.1247948],[69.7642303,44.0987894],[69.7442858,44.068695],[69.706785,44.0272817],[69.7336549,43.9874852],[69.7144809,43.958754],[69.701683,43.9260755],[69.6797653,43.8200512],[69.680387,43.7634841],[69.644635,43.7248878],[69.6382409,43.7089972],[69.6158612,43.6764816],[69.5572584,43.5558766],[69.5157659,43.5090166],[69.4916209,43.4956755],[69.4655004,43.4697035],[69.4504879,43.4637579],[69.4339444,43.4313126],[69.4830408,43.4212583],[69.5084005,43.4229761],[69.5424254,43.4119832],[69.5269248,43.3696234],[69.535351,43.3306116],[69.5294436,43.3094227],[69.5398953,43.2984718],[69.5612888,43.2922323],[69.5619571,43.296864],[69.620786,43.3059846],[69.6266579,43.3032761],[69.6373597,43.2838283],[69.6312511,43.263429],[69.6345091,43.2502893],[69.6480755,43.2494951],[69.6729386,43.2608411],[69.7310709,43.2593744],[69.7590938,43.2430672],[69.7892713,43.242667],[69.8050796,43.2360939],[69.8075627,43.2280467],[69.8212039,43.2267092],[69.8213852,43.2335625],[69.8483792,43.2678994],[69.8859404,43.2584099],[69.9047167,43.2295389],[69.9134283,43.2329948],[69.9156535,43.2265794],[69.9090869,43.2232371],[69.916942,43.2112931],[69.942334,43.207093],[69.9796227,43.2150096],[69.9896419,43.2125541],[70.0002584,43.20498],[69.9953178,43.2051478],[69.994553,43.2000419],[70.0025032,43.1973731],[70.0089985,43.1819738],[70.0043516,43.170464],[70.0478329,43.1489121],[70.0732537,43.1495581],[70.0726706,43.129989],[70.0638968,43.1169329],[70.1244905,43.0737649],[70.1499799,43.0925572],[70.1727433,43.0686071],[70.1669215,43.0660214],[70.1772763,43.0540998],[70.1445716,43.0282436],[70.1742042,43.0191257],[70.1859385,42.9981952],[70.1982335,43.006532],[70.1954233,42.9979201],[70.2038215,42.9912189],[70.1905972,42.9843913],[70.1947099,42.9735028],[70.207183,42.9665823],[70.1987667,42.9536206],[70.2145451,42.9441075],[70.2246022,42.942854],[70.2287906,42.9236437],[70.2212799,42.9040046],[70.2359747,42.8842644],[70.2512943,42.8779716],[70.2208931,42.8719821],[70.201937,42.85642],[70.2012199,42.8507479],[70.2159469,42.8277459],[70.1938663,42.8111945],[70.2344307,42.793725],[70.2065763,42.747031],[70.2256029,42.7333485],[70.2365057,42.7302327],[70.2380085,42.720595],[70.2945318,42.7190959],[70.307322,42.7079797],[70.3128972,42.7085144],[70.3252025,42.6948372],[70.3231947,42.6930651],[70.3460155,42.6962187],[70.3798067,42.6852446],[70.3905579,42.6702683],[70.4097411,42.6547685],[70.4269398,42.648833],[70.4459678,42.6480023],[70.5165411,42.6037432],[70.5025796,42.5974158],[70.5246562,42.5845016],[70.5413409,42.5865956],[70.5568439,42.5558784],[70.5703248,42.5469041],[70.5842483,42.548423],[70.6198641,42.5315884],[70.6243028,42.519383],[70.6439346,42.501415],[70.6530954,42.4846609],[70.6559164,42.4688016],[70.6669005,42.452186],[70.6913746,42.450403],[70.7218996,42.4588021],[70.7394241,42.45115],[70.7714135,42.450322],[70.7870647,42.4387437],[70.7934449,42.414204],[70.7788714,42.3926207],[70.8076354,42.3683159],[70.8236851,42.3432528],[70.8355999,42.3393361],[70.8431254,42.3262516],[70.868942,42.318496],[70.86927,42.305019],[70.865203,42.299819],[70.872177,42.291584],[70.891685,42.281467],[70.89521,42.272708],[70.890861,42.263248],[70.912269,42.261226],[70.93357,42.269744],[70.940628,42.266242],[70.942054,42.261058],[70.9255008,42.2429313],[70.926506,42.237537],[70.9135866,42.2360437],[70.9097941,42.226767],[70.8878997,42.2200029],[70.8859077,42.2115888],[70.8661085,42.2118386],[70.8545521,42.2079049],[70.8495564,42.1975891],[70.8315575,42.1951906],[70.8172477,42.2032779],[70.7938434,42.2094529],[70.770638,42.200963],[70.7680106,42.1935696],[70.7515897,42.1937084],[70.7396884,42.1843885],[70.740956,42.178944],[70.7522575,42.1767269],[70.7555542,42.1709479],[70.7493646,42.1657782],[70.737571,42.165771],[70.7259915,42.1572588],[70.7258007,42.147815],[70.7146294,42.1421132],[70.7072412,42.1303181],[70.6871709,42.1210878],[70.6786982,42.0981967],[70.678779,42.088375],[70.666168,42.07759],[70.6650687,42.0711033],[70.6557104,42.0613948],[70.651062,42.041591],[70.638404,42.025688],[70.640975,42.019989],[70.634422,42.015434],[70.623252,42.014751],[70.6065563,42.0068513],[70.5870389,42.0101856],[70.5765179,42.020431],[70.5594286,42.0235126],[70.5487015,42.0350132],[70.5585293,42.0430256],[70.557518,42.052154],[70.545532,42.073982],[70.5298086,42.0848941],[70.5146915,42.0831873],[70.5013841,42.0991394],[70.4771065,42.109363],[70.474303,42.1013527],[70.459019,42.0849916],[70.4421228,42.0918238],[70.4008772,42.0694044],[70.3735146,42.0693249],[70.3722328,42.0643997],[70.3556137,42.0575529],[70.3509493,42.0507735],[70.3320629,42.0475515],[70.3294752,42.0410632],[70.320205,42.037025],[70.3233045,42.0273536],[70.3327645,42.018194],[70.330062,41.997066],[70.336853,41.98471],[70.3352504,41.9747055],[70.2910571,41.9624622],[70.28807,41.95787],[70.27391,41.952903],[70.2614384,41.9543202],[70.258979,41.9493126],[70.2280452,41.9346252],[70.223518,41.928379],[70.2273849,41.9172346],[70.2166968,41.9129532],[70.2092668,41.9036857],[70.196479,41.904483],[70.1970557,41.8872651],[70.1811115,41.883104],[70.184532,41.864395],[70.175865,41.855308],[70.1695923,41.8561358],[70.157722,41.8494606],[70.1532136,41.839773],[70.1467559,41.8365785],[70.1355193,41.8443457],[70.1180431,41.8374564],[70.1027368,41.8373072],[70.0944192,41.8223118],[70.0769293,41.8086692],[70.0564351,41.8043075],[70.0509627,41.7993877],[70.0492365,41.7814373],[70.020606,41.785125],[70.02124,41.7985],[70.005126,41.798717],[70.006851,41.790706],[69.9736555,41.7766597],[69.97185,41.7640073],[69.957328,41.750328],[69.9606657,41.7415914],[69.9576833,41.7337735],[69.9392572,41.7253514],[69.9247384,41.7265412],[69.9214902,41.7192326],[69.9243539,41.7162543],[69.894317,41.70676],[69.881111,41.706676],[69.8660699,41.7106938],[69.858848,41.71733],[69.839523,41.719978],[69.7746681,41.6973256],[69.7456168,41.7008277],[69.7373046,41.6985886],[69.722572,41.686302],[69.7176136,41.6862163],[69.712944,41.676876],[69.705299,41.678173],[69.696197,41.673229],[69.68116,41.677486],[69.668525,41.668655],[69.638603,41.668033],[69.631057,41.663158],[69.616958,41.662773],[69.609657,41.649776],[69.598335,41.645847],[69.576469,41.629512],[69.55706,41.596969],[69.538887,41.588661],[69.539009,41.57798],[69.549964,41.57286],[69.549896,41.569374],[69.527053,41.563049],[69.500984,41.54713],[69.481109,41.550483],[69.4748,41.559848],[69.460701,41.568813],[69.4417945,41.5599651],[69.427749,41.540607],[69.406997,41.52436],[69.397789,41.507576],[69.400291,41.503498],[69.425125,41.498546],[69.438377,41.487846],[69.454544,41.488166],[69.456962,41.469291],[69.4605742,41.467364],[69.4571559,41.4646997],[69.4340636,41.4609872],[69.4150092,41.463921],[69.4120542,41.4704005],[69.3797606,41.4653813],[69.3546683,41.4726783],[69.3550831,41.4675631],[69.3448928,41.4587961],[69.3347279,41.4574543],[69.3140895,41.4400465],[69.3010195,41.4394763],[69.2964633,41.4356221],[69.2767213,41.450499],[69.2624602,41.4527022],[69.2500639,41.4663201],[69.2348669,41.4586198],[69.2267559,41.4628458],[69.1989959,41.4520377],[69.186137,41.4526572],[69.1785567,41.437193],[69.1740165,41.4411786],[69.1709722,41.4340225],[69.1567435,41.4344744],[69.1519779,41.4287006],[69.1493858,41.4317381],[69.1499877,41.4271038],[69.160423,41.423892],[69.16851,41.40456],[69.175097,41.4029606],[69.1551023,41.3866079],[69.151786,41.386466],[69.149414,41.393165],[69.127616,41.389064],[69.1165777,41.3923677],[69.1053215,41.3829413],[69.096595,41.358207],[69.079589,41.357528],[69.0886,41.368576],[69.079025,41.377059],[69.052177,41.368606],[69.049392,41.364425],[69.03395,41.36354],[69.021957,41.35535],[69.024963,41.351806],[69.047424,41.349067],[69.0386904,41.3259562],[69.044288,41.310615],[69.035987,41.302833],[69.029411,41.30384],[69.026123,41.298816],[69.01889,41.298767],[69.013404,41.289569],[69.017219,41.273414],[69.040145,41.26474],[69.039489,41.25521],[69.020996,41.245895],[69.028701,41.239299],[69.026199,41.230937],[69.029182,41.224758],[69.011711,41.227684],[69.000099,41.238826],[68.992996,41.230415],[68.997337,41.225456],[68.993515,41.217399],[68.986564,41.21062],[68.944195,41.1935172],[68.9322988,41.1825616],[68.9153998,41.1821271],[68.9131436,41.1724028],[68.8859567,41.16219],[68.8605551,41.1434838],[68.815332,41.1208581],[68.8041997,41.1191527],[68.8000873,41.1118344],[68.7260284,41.0531663],[68.7145529,41.0307612],[68.7220169,41.0285096],[68.7423147,41.0057479],[68.7474206,41.0054816],[68.7533587,41.0136684],[68.7611497,41.0061267],[68.7526405,41.0031399],[68.7581946,40.9971259],[68.7478406,40.9903024],[68.7495686,40.9816476],[68.7415443,40.9813246],[68.736804,40.9738109],[68.7112526,40.9647726],[68.6975471,40.9675548],[68.6839,40.9641118],[68.6843614,40.9613685],[68.6766383,40.962347],[68.6508882,40.9430278],[68.643684,40.9428542],[68.6285865,40.9605248],[68.6277268,40.968588],[68.6374672,40.9744406],[68.6672065,40.9794356],[68.6733595,40.9875571],[68.6621918,40.9949212],[68.6307563,40.9968833],[68.6194277,41.0017683],[68.6094027,41.0119073],[68.6060157,41.0305315],[68.5895394,41.028847],[68.5628642,41.007814],[68.5311573,41.0161688],[68.513458,41.009906],[68.504455,40.999908],[68.498252,40.973434],[68.465194,40.962989],[68.464933,40.9564188],[68.4766231,40.9507325],[68.5140475,40.9624939],[68.5156649,40.9530153],[68.5201227,40.9507603],[68.5174668,40.9423551],[68.5487564,40.9466636],[68.5826434,40.9243162],[68.5767302,40.8969083],[68.5862011,40.8860342],[68.5904588,40.865088],[68.5796018,40.8537822],[68.564009,40.8486005],[68.562293,40.8058278],[68.5857838,40.7806096],[68.583854,40.708324],[68.6092006,40.7076816],[68.6188785,40.6979289],[68.6341478,40.6976271],[68.6350051,40.7009988],[68.6438891,40.6938214],[68.636292,40.6863119],[68.6460517,40.6861431],[68.6463465,40.6822446],[68.6535941,40.6800502],[68.648613,40.6763015],[68.6478268,40.6494716],[68.642616,40.645854],[68.642417,40.638175],[68.6218133,40.6304909],[68.6537041,40.6128504],[68.6631211,40.5995527],[68.641265,40.599651],[68.6104199,40.5770749],[68.5817664,40.5686476],[68.5630548,40.5792106],[68.53531,40.5794628],[68.5315898,40.5833989],[68.5021627,40.5797281],[68.4927366,40.572429],[68.4789643,40.5866707],[68.4352561,40.5969365],[68.4101801,40.6151564],[68.3711374,40.6174412],[68.2982344,40.6563939],[68.2178103,40.6875039],[68.1680748,40.7193338],[68.0772178,40.7888549],[68.0234889,40.8006965],[67.9765522,40.832093],[67.9793622,40.8411448],[67.970292,40.8512359],[67.9722746,40.8618915],[67.9924002,40.8585956],[68.0059662,40.8606431],[68.006558,40.8856748],[68.0122221,40.8905109],[68.0101644,40.8937237],[68.0392041,40.9093182],[68.0724847,40.9167343],[68.0731661,40.9245938],[68.088698,40.9255396],[68.096737,40.9364047],[68.0914823,40.9420223],[68.0632728,40.9456423],[68.0716316,40.9533355],[68.0750433,40.9496027],[68.0825479,40.9531253],[68.0764867,40.9603642],[68.0842388,40.9634263],[68.0879617,40.9700683],[68.0784948,40.9878768],[68.0776115,40.9948245],[68.0823198,41.0012073],[68.0683081,41.00806],[68.0577102,41.0056838],[68.0489272,41.0189575],[68.0736928,41.0217164],[68.0884999,41.0307389],[68.1106618,41.0360375],[68.1271477,41.0322232],[68.1277035,41.0384968],[68.1270286,41.0446524],[68.1190174,41.0470612],[68.1147817,41.0546546],[68.1124964,41.0671749],[68.1017515,41.0679523],[68.0805127,41.0819056],[68.06774,41.0775174],[68.0512684,41.0420488],[68.0412912,41.044791],[68.0242869,41.0380914],[68.0241961,41.0182803],[67.9835708,41.0260525],[67.9873839,41.040256],[67.9840069,41.0645918],[67.9884935,41.0855814],[67.9655608,41.1500772],[67.892028,41.152431],[67.864814,41.135139],[67.733055,41.183135],[67.687233,41.172622],[67.574096,41.168582],[67.364295,41.127079],[67.313812,41.134357],[67.017013,41.137321],[66.999473,41.140823],[66.706581,41.141586],[66.645637,41.344802],[66.606628,41.493591],[66.571479,41.688659],[66.5323928,41.8774368],[65.99871,41.937179],[66.001937,42.360736],[66.0706756,42.3379411],[66.1485332,42.3227065],[67.1242717,42.8985275],[67.2242762,42.9512452],[67.825286,43.1783831],[67.8285759,43.1844708],[67.8361715,43.1846208],[67.8414847,43.1915093],[67.8555534,43.1955329],[67.8740934,43.2117882],[67.8720793,43.2198593],[67.8397244,43.2167499],[67.8173677,43.2283562],[67.7963339,43.2220713],[67.7865181,43.2250018],[67.7899832,43.2335811],[67.8228408,43.2450474],[67.830478,43.2530756],[67.799553,43.258771],[67.7837632,43.2561005],[67.7834561,43.2709138],[67.7677291,43.2751419],[67.7691696,43.2796366],[67.786624,43.2863967],[67.8033187,43.2847114],[67.8140091,43.2906162],[67.8135601,43.2962421],[67.8026157,43.2997414],[67.7909229,43.3109459],[67.7915403,43.320134],[67.7992669,43.3232644],[67.7958245,43.3275243],[67.7787438,43.3352947],[67.7515062,43.3319365],[67.7292254,43.3384776],[67.7150738,43.3465642],[67.7155425,43.3538915],[67.7295559,43.3588318],[67.7466082,43.351374],[67.7471034,43.3591195],[67.7323527,43.3663784],[67.7081888,43.3674532],[67.6933536,43.3627487],[67.6842326,43.3535089],[67.6795099,43.3275251],[67.687522,43.3134004],[67.6777881,43.3100951],[67.662363,43.3214425],[67.6587455,43.3311174],[67.6671744,43.3671422],[67.6607342,43.3742045],[67.64952,43.375857],[67.7250358,43.407283],[67.7507047,43.4718204],[67.7341192,43.4801754],[67.7935492,43.5637907],[67.813837,43.5630496],[67.828615,43.6196772],[67.8382103,43.6392192],[67.8239247,43.7436641],[67.8456908,43.7421065],[67.8837983,43.7288865],[67.8987807,43.7050127],[67.9189823,43.701901],[67.9353738,43.7061213],[67.9714607,43.7369515],[67.9689158,43.7422662],[67.971939,43.7705059],[67.9792878,43.8024696],[67.9549507,43.8699847],[67.9211238,43.8755166],[67.9216296,43.8864503],[67.9655964,43.9350196],[68.0263461,43.9624934],[68.0504789,44.000296],[68.0603024,44.0264966],[68.0398472,44.0328341],[68.0042197,44.0629935],[67.9580292,44.0783033],[67.9161977,44.0986458],[67.9063735,44.1157134],[67.886958,44.1322839],[67.8069274,44.166165],[67.7865918,44.2033319],[67.7564211,44.2221459],[67.7410365,44.2638373],[67.733382,44.271978],[67.630688,44.3111868],[67.5829861,44.2950503],[67.5593265,44.3120193],[67.4824026,44.3525567],[67.4620291,44.3677573],[67.4874071,44.4218733],[67.5089868,44.4334332],[67.5085481,44.4670781],[67.5259485,44.6491445],[67.5268494,44.6784637],[67.5106155,44.813437],[67.5222872,44.8366195],[67.5063496,45.0483973],[67.5162139,45.1477684],[67.3908766,45.1817712],[67.325232,45.2223617],[67.2170649,45.2718879],[67.1679031,45.3022385],[67.1720225,45.307036],[67.1678994,45.3132397],[67.178249,45.3143824],[67.1786067,45.3212278],[67.1669916,45.3348807],[67.1681668,45.3511988],[67.1816895,45.3572404],[67.1832919,45.3675287],[67.1943031,45.3720864],[67.2030548,45.3827681],[67.2403349,45.3956379],[67.2458704,45.406151],[67.242401,45.4135184],[67.2471172,45.4182162],[67.2374603,45.4237648],[67.2334633,45.4310358],[67.2390383,45.4434254],[67.263826,45.4695613],[67.2581611,45.4885788],[67.2646843,45.5031385],[67.2597061,45.5143264],[67.261766,45.5270755],[67.2577094,45.5511054],[67.2448428,45.5644112],[67.2567455,45.5716747],[67.2535263,45.5840504],[67.262281,45.5964234],[67.2907768,45.6139572],[67.2871814,45.6375966],[67.2983299,45.6581275],[67.285627,45.6660456],[67.2935234,45.6873951],[67.3189293,45.6975872],[67.3359238,45.717007],[67.3343788,45.7263548],[67.3421036,45.7422905],[67.3654495,45.7575031],[67.3481117,45.7936612],[67.3260505,45.8028913],[67.3256241,45.8106546],[67.317041,45.8157994],[67.3148094,45.8341017],[67.3041178,45.8487998],[67.2950137,45.8520296],[67.278305,45.8472429],[67.2670875,45.8663852],[67.2374075,45.8861197],[67.2413925,45.8992622],[67.2040159,45.9156157],[67.1752524,45.93417],[67.1630718,45.9556505],[67.1794215,45.9746174],[67.1673235,45.9943513],[67.1749801,46.0005345],[69.0671103,45.9998871],[69.2499637,45.7691513]],[[69.3366739,42.2291629],[69.3955437,42.2201811],[69.4172479,42.1910217],[69.4256368,42.1668443],[69.4410814,42.1545306],[69.4551271,42.1471379],[69.4754613,42.1462577],[69.4776668,42.138672],[69.4826129,42.1393353],[69.4801155,42.1253688],[69.4854587,42.1219312],[69.5133379,42.1240979],[69.5179271,42.1363657],[69.5336721,42.136945],[69.5400342,42.1278189],[69.5352741,42.1119524],[69.5376189,42.1090168],[69.5412813,42.1233023],[69.5482891,42.1327387],[69.5681997,42.13243],[69.5709484,42.1388707],[69.6118696,42.1278841],[69.6200999,42.1370231],[69.6088448,42.1457549],[69.6162307,42.1602065],[69.6410142,42.1613038],[69.6505784,42.1531902],[69.6484817,42.1579422],[69.6542457,42.1597927],[69.6478245,42.1595611],[69.6472775,42.1640444],[69.6537477,42.1744764],[69.6456611,42.1720225],[69.6515796,42.1761416],[69.6583908,42.1988218],[69.6916164,42.1923454],[69.7108882,42.2285666],[69.7201264,42.2263713],[69.7217455,42.2297487],[69.7593563,42.2324361],[69.758271,42.2285229],[69.7617959,42.2274341],[69.7522613,42.2023738],[69.7570518,42.191225],[69.7848625,42.2144526],[69.789099,42.2115044],[69.782134,42.1976221],[69.7889749,42.1953929],[69.7947329,42.2026522],[69.8025868,42.1929743],[69.8223296,42.1925959],[69.8248869,42.1995871],[69.8176558,42.1956194],[69.81636,42.2011129],[69.8135487,42.19959],[69.8130207,42.2124674],[69.8267524,42.2138437],[69.836945,42.2103307],[69.8374779,42.2138865],[69.8323522,42.2150671],[69.8264547,42.2210627],[69.8253375,42.2287227],[69.8026611,42.2491248],[69.8260344,42.2668577],[69.8326609,42.2658672],[69.8329565,42.2602174],[69.8384305,42.2656262],[69.8654835,42.26806],[69.8831924,42.2865394],[69.9197271,42.2768385],[69.9230862,42.2797058],[69.9296268,42.2768511],[69.9357152,42.2852463],[69.9235031,42.2962124],[69.9002177,42.3034047],[69.8937753,42.3115853],[69.8856957,42.3113334],[69.887873,42.3160186],[69.8815363,42.3194277],[69.8902573,42.3205222],[69.8759797,42.3249981],[69.8713076,42.3322938],[69.8519983,42.33713],[69.8373923,42.3344722],[69.8239753,42.3401929],[69.8138134,42.3474138],[69.8179565,42.355649],[69.8017791,42.3599643],[69.8004834,42.3654215],[69.7928561,42.3655256],[69.7782964,42.376442],[69.7779414,42.3902195],[69.7712945,42.3906316],[69.7242084,42.4164716],[69.7307192,42.4264148],[69.7215826,42.4291487],[69.716843,42.4383553],[69.5923241,42.4583418],[69.5541266,42.4680189],[69.5311395,42.4785431],[69.4622535,42.4784857],[69.4627224,42.4729742],[69.4502091,42.4662035],[69.4638531,42.4514653],[69.4643086,42.4444696],[69.4305519,42.4325363],[69.4398967,42.4206217],[69.4308907,42.4196959],[69.4310755,42.414993],[69.4180796,42.4205105],[69.4030933,42.4205702],[69.3868274,42.4112402],[69.3913654,42.4089914],[69.3856684,42.4060903],[69.3889007,42.3993255],[69.3860201,42.3992114],[69.3906208,42.3982074],[69.3804888,42.3831043],[69.3708372,42.3855624],[69.3641581,42.3769739],[69.3257108,42.375689],[69.3029638,42.3635608],[69.302329,42.3562215],[69.3231118,42.3516573],[69.3099456,42.3369507],[69.3032945,42.3223214],[69.3112995,42.3231718],[69.310134,42.3131224],[69.3218403,42.3097597],[69.3424821,42.3234403],[69.3521884,42.3051131],[69.3532097,42.2789894],[69.3631971,42.2606778],[69.3609745,42.2591806],[69.3701783,42.2494238],[69.3366739,42.2291629]]]},"properties":{"code":"KZ-YUZ","name_ru":"Туркестанская область","name_en":"Turkestan Region","region_type":"oblast"}},{"type":"Feature","id":"KZ-VOS","geometry":{"type":"MultiPolygon","coordinates":[[[[76.668049077,49.291488344],[76.7037963,49.2840439],[76.71186307,49.279121468],[76.6678539,49.2886461],[76.668049077,49.291488344]]],[[[76.7833602,47.2471585],[76.838849089,47.283944972],[76.8332865,47.2666954],[76.788364964,47.245320424],[76.7833602,47.2471585]]],[[[76.816678826,49.506494648],[76.8416904,49.5143283],[76.858924966,49.513442612],[76.8232725,49.5057047],[76.816678826,49.506494648]]],[[[76.8267421,48.4045788],[76.8570177,48.4056146],[76.82723801,48.403386353],[76.8267421,48.4045788]]],[[[76.843811101,49.015387155],[76.9182844,49.0359164],[76.921682335,49.032687465],[76.8950271,49.0256565],[76.843811101,49.015387155]]],[[[76.8493833,47.3216356],[76.8721603,47.4425432],[76.9780773,47.4401031],[77.048177298,47.420071974],[77.0535979,47.3956693],[76.9627119,47.4182969],[76.8681542,47.4156102],[76.8666488,47.3701518],[76.849266095,47.316248081],[76.8493833,47.3216356]]],[[[76.9053809,49.1253779],[76.9065392,49.129878],[76.9352174,49.1239876],[76.9409466,49.1155193],[76.9459033,49.1154771],[76.9461715,49.1105261],[76.9790661,49.1029475],[76.9866943,49.0985432],[77.001562114,49.078490929],[76.986297,49.0947076],[76.9053809,49.1253779]]],[[[76.958299954,49.02211666],[76.971152467,49.025712975],[76.9611167,49.0211538],[76.958299954,49.02211666]]],[[[76.9754848,47.6714998],[76.9877785,47.7023601],[77.0019595,47.7168689],[76.9772208,47.6726514],[76.979622584,47.638307415],[76.9708977,47.6452202],[76.9754848,47.6714998]]],[[[76.9811185,48.2877673],[76.994250718,48.284284366],[76.9816873,48.2864219],[76.9765011,48.291722063],[76.9811185,48.2877673]]],[[[77.046030995,47.834239016],[77.0460494,47.8262147],[77.0106312,47.7419968],[77.046030995,47.834239016]]],[[[77.0186941,47.562658],[77.020741941,47.549990646],[77.016088179,47.567703527],[77.0186941,47.562658]]],[[[77.0399808,47.8579144],[77.0944389,47.8515903],[77.116496409,47.853651791],[77.11475,47.8500606],[77.0928338,47.8493158],[77.0575116,47.8501701],[77.0459859,47.8539005],[77.046017454,47.840143183],[77.0399808,47.8579144]]],[[[77.0485599,48.2159379],[77.0601249,48.2370878],[77.047153409,48.205472358],[77.0485599,48.2159379]]],[[[77.055117591,48.184772674],[77.064449,48.1725115],[77.065565213,48.171697829],[77.0597117,48.1757173],[77.055117591,48.184772674]]],[[[77.0601249,48.2370878],[77.1167362,48.2382033],[77.1469915,48.2443476],[77.1548714,48.2697723],[77.06298469,48.274695953],[77.1007604,48.2765875],[77.1622152,48.2729829],[77.1459368,48.24114],[77.1132898,48.237116],[77.0601249,48.2370878]]],[[[77.1233413,47.8693509],[77.141605,47.9434474],[77.1940021,47.9586985],[77.1404961,47.9367444],[77.1233413,47.8693509]]],[[[77.1679767,48.0198812],[77.1971847,48.0279416],[77.218919,48.0331325],[77.16907725,48.017293933],[77.1679767,48.0198812]]],[[[77.1906508,49.9435576],[77.191174588,49.943647501],[77.1888698,49.9429501],[77.1906508,49.9435576]]],[[[77.1950497,49.9442757],[77.2008647,49.9445242],[77.193763876,49.944115162],[77.1950497,49.9442757]]],[[[77.333018302,48.071397027],[77.3374316,48.0685661],[77.218919,48.0331325],[77.333018302,48.071397027]]],[[[77.2227515,49.9419558],[77.2244574,49.9420801],[77.2201015,49.9415829],[77.2227515,49.9419558]]],[[[77.312348,48.726304],[77.313732,48.7260988],[77.3128952,48.7261271],[77.312348,48.726304]]],[[[77.3137213,48.7328643],[77.3152877,48.7340673],[77.3132063,48.732376],[77.3137213,48.7328643]]],[[[77.3144401,48.7165717],[77.3153413,48.7171451],[77.3137964,48.7160338],[77.3144401,48.7165717]]],[[[77.3146332,48.7314986],[77.3163069,48.7304866],[77.3154272,48.7309112],[77.3146332,48.7314986]]],[[[77.3155881,48.6734156],[77.31591,48.6741666],[77.3153735,48.6727213],[77.3155881,48.6734156]]],[[[77.3159958,48.6923284],[77.3172189,48.6895238],[77.3162962,48.6915494],[77.3159958,48.6923284]]],[[[77.3181845,48.6871865],[77.3185922,48.6847925],[77.3183132,48.6860391],[77.3181845,48.6871865]]],[[[78.0302134,50.1263004],[78.1196864,50.1003091],[77.80306,50.1922235],[78.0302134,50.1263004]]],[[[78.0687895,51.1421356],[78.0820233,51.1486979],[78.1089712,51.1497248],[78.085885,51.1389978],[78.1071496,51.1309057],[78.1096172,51.1258558],[78.1298303,51.1232431],[78.1391,51.1134105],[78.1290149,51.1041687],[78.0906915,51.1019321],[78.0744695,51.097135],[78.0739394,51.0901956],[78.0742827,51.1014075],[78.0637907,51.1272302],[78.0687895,51.1421356]]],[[[78.160421,50.0916642],[78.411761651,50.038288265],[78.3932873,50.0370765],[78.1196864,50.1003091],[78.160421,50.0916642]]],[[[78.4544261,50.7706289],[78.4721952,50.7787668],[78.4738354,50.7795179],[78.4516076,50.7693379],[78.4544261,50.7706289]]],[[[78.459187189,50.041398988],[78.474824822,50.042672706],[78.4739682,50.0423685],[78.459187189,50.041398988]]],[[[78.4625378,50.8371001],[78.4673872,50.8304867],[78.461370909,50.837567795],[78.4625378,50.8371001]]],[[[78.6797715,51.496185],[78.8086072,51.4956257],[78.847098,51.4904574],[78.8558945,51.4851827],[78.8377725,51.4756105],[78.8416298,51.4539414],[78.8383368,51.4494231],[78.7421663,51.4475239],[78.747458,51.3814305],[78.7402528,51.467654],[78.7034237,51.4658849],[78.6801313,51.4700688],[78.6714611,51.4910635],[78.6797715,51.496185]]],[[[78.6882354,51.2958179],[78.6902618,51.2947202],[78.6730759,51.2940181],[78.6882354,51.2958179]]],[[[78.681644924,50.695029889],[78.690648,50.6996584],[78.690976313,50.699353393],[78.6829013,50.6952176],[78.681644924,50.695029889]]],[[[78.6969304,51.3016024],[78.6973167,51.2947272],[78.696026208,51.29472592],[78.6969304,51.3016024]]],[[[78.6996687,51.3117303],[78.7187996,51.3098031],[78.6981039,51.3118879],[78.6996687,51.3117303]]],[[[79.220496,51.6299019],[79.230484,51.635863],[79.2023884,51.6190927],[79.220496,51.6299019]]],[[[79.2414712,51.643102],[79.2456498,51.6458547],[79.230484,51.635863],[79.2414712,51.643102]]],[[[79.3390577,51.7086611],[79.33950922,51.708061346],[79.3325301,51.7071951],[79.3390577,51.7086611]]],[[[79.58011251,51.403510637],[79.720481,51.2171802],[79.6088698,51.3650695],[79.58011251,51.403510637]]],[[[80.0047288,50.8346017],[80.075748045,50.738367163],[80.075669,50.7383615],[80.0047288,50.8346017]]],[[[80.0630469,50.8465651],[80.065139818,50.846560437],[80.063046814,50.846476303],[80.0630469,50.8465651]]],[[[80.0638862,50.8132356],[80.0646052,50.8070934],[80.066199957,50.798893529],[80.06369317,50.816022794],[80.0638862,50.8132356]]],[[[80.0679769,50.8528895],[80.073344885,50.85291051],[80.067886804,50.852033173],[80.0679769,50.8528895]]],[[[80.078841995,50.738670314],[80.0788611,50.7385902],[80.077869947,50.738519188],[80.078841995,50.738670314]]],[[[80.1857079,50.8508578],[80.186857242,50.8508578],[80.1863078,50.8279878],[80.184939094,50.828008771],[80.1857079,50.8508578]]],[[[80.1929508,50.9003662],[80.2441917,50.8993091],[80.247052449,50.918528526],[80.2467642,50.8989309],[80.193638,50.9001942],[80.192337597,50.850970334],[80.1929508,50.9003662]]],[[[80.3251039,50.9275281],[80.3252383,50.918377],[80.324491709,50.91838348],[80.3251039,50.9275281]]],[[[80.4531993,51.117823],[80.4364803,51.1190042],[80.433651,51.135163],[80.436999354,51.17409872],[80.4380781,51.1192489],[80.4551796,51.1191953],[80.4551398,51.1094528],[80.481964593,51.109425588],[80.4545197,51.1091626],[80.4531993,51.117823]]],[[[80.43897222,51.183217475],[80.4407368,51.1904614],[80.4470866,51.2082857],[80.481074228,51.205019464],[80.4470778,51.2069168],[80.43897222,51.183217475]]],[[[80.482141789,51.036206729],[80.4825665,50.9696252],[80.482241868,50.969354619],[80.4821405,51.03494],[80.482141789,51.036206729]]],[[[80.532073507,51.20577075],[80.532079271,51.205771008],[80.5320776,51.2057709],[80.532073507,51.20577075]]],[[[80.670884538,51.308143467],[80.6776732,51.3167498],[80.836529271,51.279723597],[80.6772637,51.3159501],[80.670884538,51.308143467]]],[[[80.87811218,51.269432977],[80.9100331,51.2587094],[80.918766021,51.258865822],[80.9089626,51.2583689],[80.87811218,51.269432977]]],[[[80.925071264,51.229215142],[80.9198003,51.219025],[81.0460156,51.1896323],[81.0470905,51.1814559],[81.101430433,51.180186495],[81.0469311,51.1812093],[81.0458928,51.1892473],[80.9193248,51.219069],[80.925071264,51.229215142]]],[[[80.935043796,51.248594862],[80.9406108,51.2592571],[80.92869223,51.23621541],[80.935043796,51.248594862]]],[[[81.060456808,50.947925516],[81.1542035,50.950916],[81.157396928,50.951057811],[81.154627,50.9506252],[81.060456808,50.947925516]]],[[[81.0816288,50.99884],[81.0867816,51.0179193],[81.0896229,51.0215933],[81.0822184,50.9977659],[81.075469442,50.985059564],[81.0816288,50.99884]]],[[[81.0973562,51.0380668],[81.1016041,51.0610057],[81.106430168,51.06601995],[81.0958765,51.0314374],[81.0973562,51.0380668]]],[[[81.1125367,50.2269555],[81.1556735,50.2335627],[81.1930991,50.253845],[81.3244535,50.2307645],[81.3323375,50.2238301],[81.3369085,50.2316584],[81.3737873,50.2369437],[81.368137,50.2465024],[81.3604817,50.2911231],[81.3493025,50.3234073],[81.4779327,50.3192756],[81.5325136,50.3034492],[81.6269688,50.2688259],[81.6673297,50.2976437],[81.6824911,50.3152159],[81.6795729,50.3303406],[81.6887279,50.3605305],[81.688412,50.4003233],[81.7203578,50.4025359],[81.6903562,50.40801],[81.6808176,50.426631],[81.6704587,50.4335588],[81.6692132,50.4392086],[81.6923916,50.4584169],[81.693151,50.4830301],[81.7370472,50.504713],[81.7156307,50.5325268],[81.7001987,50.5415242],[81.6865438,50.5439566],[81.68744,50.5516297],[81.6783114,50.5492362],[81.6786455,50.5592918],[81.6508649,50.5551135],[81.6501358,50.5621865],[81.6367391,50.5646854],[81.633914,50.5686506],[81.6372859,50.5768309],[81.6290231,50.5762811],[81.6327292,50.5839778],[81.6645525,50.5844902],[81.6641232,50.6479369],[81.6340826,50.6737266],[81.6340411,50.6959405],[81.5849699,50.7043253],[81.590828597,50.74350268],[81.7278273,50.7601264],[81.7554323,50.7818034],[81.7758571,50.820919],[81.7895735,50.8165709],[81.7903997,50.789776],[81.7967795,50.7719818],[81.8854154,50.804307],[81.9060702,50.7954781],[81.9819893,50.7847499],[81.9971791,50.7879389],[82.0125735,50.7857508],[82.0262942,50.7791634],[82.0359721,50.769114],[82.0629189,50.7657995],[82.0611321,50.7573664],[82.078382,50.7508377],[82.1472348,50.7473269],[82.1523775,50.7437712],[82.1721617,50.7468046],[82.1753046,50.7452719],[82.1727021,50.7300643],[82.1855112,50.7370321],[82.1994525,50.7349052],[82.2119059,50.7369226],[82.215829,50.7412541],[82.2240772,50.7368492],[82.2491419,50.7488949],[82.2570167,50.7611348],[82.27038,50.7697911],[82.2958582,50.7693844],[82.3051639,50.7557875],[82.3167364,50.7529586],[82.3213317,50.7612487],[82.350775,50.7756261],[82.3573143,50.7845959],[82.3665958,50.7778932],[82.377832,50.7804293],[82.3807239,50.7757198],[82.4082923,50.7638408],[82.4718234,50.756125],[82.4808563,50.751706],[82.4852149,50.7422572],[82.5674696,50.7468424],[82.6054565,50.7759965],[82.630422,50.7790917],[82.6470532,50.7943349],[82.6680144,50.7932451],[82.6802161,50.8005861],[82.6751059,50.807954],[82.7015324,50.8122002],[82.7099724,50.8225069],[82.7106872,50.8281648],[82.7064742,50.8318982],[82.7391939,50.8504319],[82.7306833,50.857299],[82.7174511,50.8939978],[82.7173387,50.90093],[82.731415,50.9072059],[82.7331553,50.9153598],[82.7288008,50.9228584],[82.7328173,50.9272716],[82.7713518,50.9271287],[82.7812716,50.9199856],[82.7942112,50.9180652],[82.8379932,50.9180323],[82.8478121,50.90966],[82.8788883,50.8975302],[82.8854665,50.8979673],[82.8891155,50.9064951],[82.9110477,50.9076824],[82.9266863,50.8986557],[82.9617874,50.8932929],[82.9796427,50.8838498],[83.0059935,50.9251995],[83.0589646,50.9346123],[83.0886263,50.9488605],[83.0923938,50.9553371],[83.1124789,50.9659531],[83.114776,50.9783532],[83.1223062,50.9845235],[83.1210213,51.0110042],[83.1750429,51.0115701],[83.1796199,51.0037975],[83.2020454,50.9933378],[83.2256795,51.0011814],[83.2683749,51.006025],[83.2844364,51.0150364],[83.2915581,51.008962],[83.3582012,51.0075455],[83.3582263,51.0019571],[83.3662971,50.9986147],[83.3871094,51.0037416],[83.4043065,51.0131384],[83.4324488,51.0093789],[83.4398071,51.0049494],[83.4302231,50.9867139],[83.4474816,50.9771369],[83.4888187,50.9792389],[83.4995071,50.9766292],[83.5043918,50.9579256],[83.5010759,50.952505],[83.5069156,50.9497161],[83.5122732,50.9485465],[83.5375945,50.9608683],[83.5722768,50.9548811],[83.5842875,50.9467184],[83.5935072,50.9494263],[83.5976998,50.9607349],[83.6269774,50.9498708],[83.6302324,50.943596],[83.648704,50.9547766],[83.6564957,50.9395348],[83.6786076,50.9279627],[83.6808676,50.9218354],[83.677846,50.9154467],[83.6926192,50.9089643],[83.703568,50.8962114],[83.7974142,50.8878163],[83.8066076,50.8828348],[83.833666,50.8800221],[83.8363262,50.8699516],[83.8494551,50.8638013],[83.8487956,50.8561825],[83.8769953,50.8472065],[83.8762618,50.8385005],[83.8955914,50.8300454],[83.9104902,50.8162608],[83.9643364,50.8009987],[83.9726623,50.7953988],[83.9762238,50.779943],[83.9516926,50.7635669],[83.9489166,50.7505568],[83.9637072,50.7364045],[83.9661114,50.7279926],[83.979951,50.7200877],[83.9892713,50.7087056],[84.0232179,50.697862],[84.0514775,50.6669258],[84.0714768,50.6587254],[84.0739046,50.6439219],[84.0812665,50.6387651],[84.0807346,50.6348461],[84.107825,50.6230903],[84.1152943,50.6091944],[84.1449605,50.6059665],[84.156871,50.5873405],[84.1517487,50.5739441],[84.1675084,50.5701509],[84.1720818,50.563411],[84.1691364,50.5517446],[84.1967257,50.5416217],[84.2305773,50.5402423],[84.2432417,50.5176226],[84.2487069,50.5155657],[84.2353063,50.5042146],[84.2375128,50.5009828],[84.2325711,50.4830655],[84.2039747,50.4689746],[84.2065435,50.4541438],[84.2164508,50.4342309],[84.2267093,50.4307652],[84.2419879,50.4086615],[84.245728,50.3927506],[84.2396862,50.3875249],[84.2420265,50.3768546],[84.2604326,50.3661125],[84.2695591,50.3537549],[84.2659785,50.3483399],[84.2695448,50.3383385],[84.2617622,50.3255682],[84.2720294,50.3206594],[84.2632161,50.3144311],[84.2597118,50.3010524],[84.2518466,50.2971724],[84.2506785,50.2925126],[84.265734,50.273222],[84.2787915,50.2669981],[84.280651,50.2615431],[84.300498,50.2484516],[84.3183194,50.2470276],[84.3249793,50.2389024],[84.3258485,50.2285811],[84.3574604,50.2138081],[84.3625226,50.2054649],[84.3765497,50.2144663],[84.3910652,50.2158311],[84.4098473,50.2092264],[84.412569,50.2164529],[84.4315582,50.2300155],[84.4338384,50.236084],[84.4469701,50.2463503],[84.4568009,50.2472563],[84.5028077,50.2314659],[84.5157846,50.215063],[84.5302577,50.2060354],[84.5413602,50.2073965],[84.5675221,50.1968412],[84.5811688,50.2080688],[84.6055569,50.2119278],[84.6281869,50.2106789],[84.6498239,50.2001086],[84.6584938,50.1997841],[84.6626991,50.1937373],[84.6920117,50.1886227],[84.6994711,50.1778279],[84.7271804,50.1642278],[84.7323641,50.1537314],[84.7577173,50.1368998],[84.8052256,50.1472004],[84.8253745,50.1429846],[84.8134244,50.1361621],[84.8139079,50.120772],[84.8166148,50.1166971],[84.8325813,50.1142754],[84.8335,50.1051],[84.8507,50.0939],[84.87278,50.095991],[84.8768451,50.1020799],[84.8865853,50.1042151],[84.9052835,50.0954081],[84.9239949,50.0921596],[84.9458311,50.0966095],[84.9748274,50.0669581],[85.0062455,50.058167],[85.0241391,50.0602182],[85.026135,50.0540746],[85.0355435,50.0524943],[85.0394823,50.0484214],[85.0335224,50.0418265],[85.0353651,50.0188759],[85.0492582,50.0103974],[85.0378305,50.0090701],[85.0321626,49.9990559],[85.0252916,49.9999241],[84.9934653,49.988835],[84.9780463,49.9762943],[84.9947261,49.9701275],[84.9729465,49.9542789],[84.9849266,49.9499191],[84.978111,49.9425262],[84.9871379,49.9234157],[84.9854889,49.9067722],[84.9952089,49.9055937],[85.0232711,49.8910524],[85.0596988,49.8850363],[85.0803856,49.8685762],[85.0845827,49.8601758],[85.1004266,49.8521156],[85.1008287,49.8453266],[85.1054987,49.8431157],[85.1049324,49.8344193],[85.0997521,49.828144],[85.101607,49.8242126],[85.1212802,49.817961],[85.1355603,49.8003481],[85.1445651,49.7964186],[85.1395003,49.7853787],[85.1448704,49.7811213],[85.1487477,49.7679097],[85.1656995,49.7690824],[85.1752877,49.7545638],[85.2033689,49.7452678],[85.1985789,49.7371908],[85.215526,49.7185296],[85.2068298,49.7154085],[85.2054614,49.7098626],[85.2103348,49.7025264],[85.208002,49.6978015],[85.2149409,49.6890682],[85.2141206,49.6752514],[85.2083133,49.672758],[85.2100854,49.661842],[85.2036298,49.6574402],[85.2053279,49.6480751],[85.2163452,49.6370155],[85.2101246,49.6270855],[85.254512,49.6272583],[85.2646714,49.6197876],[85.2549831,49.6039977],[85.2586463,49.5992169],[85.2575191,49.5885235],[85.3212611,49.5908468],[85.38844,49.6348027],[85.4902051,49.5981292],[85.5238793,49.5956797],[85.5325438,49.598487],[85.5532877,49.5944136],[85.5899141,49.6143806],[85.6216481,49.600869],[85.6272319,49.5777868],[85.6776892,49.5503959],[85.6939273,49.5641207],[85.75689,49.5771504],[85.7617812,49.5731087],[85.7806054,49.5749996],[85.8099119,49.5658807],[85.8055008,49.5573542],[85.8160024,49.5469945],[85.826225,49.5442537],[85.8837372,49.5669068],[85.8901753,49.5619632],[85.9172675,49.5651686],[85.9279268,49.5587965],[85.9442813,49.5613256],[85.9494498,49.5537785],[85.9294085,49.5358659],[85.9378281,49.5279],[85.9444382,49.5132894],[85.955036,49.5077376],[85.9533888,49.5027498],[85.9689905,49.4871162],[85.9864642,49.4889455],[86.0245069,49.5037268],[86.032837,49.508074],[86.0371994,49.5218458],[86.1129225,49.5243832],[86.1663447,49.5033038],[86.1739095,49.4789794],[86.2020375,49.4661128],[86.2171585,49.4777627],[86.2282702,49.4951895],[86.2394052,49.5254418],[86.2670042,49.5465394],[86.2662499,49.5686232],[86.2716,49.5827],[86.2866119,49.5918468],[86.3159148,49.5992797],[86.3313998,49.5932033],[86.3618183,49.5924001],[86.4200029,49.60759],[86.4286117,49.6293521],[86.4562683,49.6383159],[86.4884508,49.6579097],[86.5083639,49.6782157],[86.5092392,49.6909505],[86.5182799,49.6933279],[86.526557,49.702045],[86.580549,49.7229677],[86.5784234,49.733919],[86.6024097,49.7440475],[86.6105839,49.7720407],[86.6029505,49.779866],[86.604765,49.7842966],[86.5973192,49.7875149],[86.5899075,49.8070677],[86.6197642,49.8044494],[86.6456149,49.8065271],[86.6538786,49.8125599],[86.6762148,49.8075773],[86.6883746,49.8108988],[86.710829,49.8012137],[86.7153406,49.7942163],[86.7285086,49.7928578],[86.7358617,49.7871536],[86.7834645,49.7931126],[86.7747529,49.7679956],[86.7644746,49.7581408],[86.7645845,49.7502326],[86.7529975,49.7423948],[86.7580186,49.7371252],[86.7568385,49.7322157],[86.7663363,49.7249357],[86.7789236,49.6960165],[86.7677226,49.6891316],[86.7384205,49.6884204],[86.7241897,49.6766511],[86.7094733,49.6872606],[86.6997247,49.6849729],[86.7006673,49.6806515],[86.6842375,49.6751482],[86.6819148,49.6686591],[86.6657335,49.6655024],[86.6632251,49.6568084],[86.6532607,49.6524874],[86.6591592,49.6437888],[86.6356928,49.6319262],[86.6155494,49.6285236],[86.6085769,49.6170992],[86.5975765,49.609524],[86.6182488,49.5703775],[86.6659047,49.5602717],[86.6809745,49.5637969],[86.6823965,49.5690592],[86.7395126,49.571169],[86.7588018,49.5687712],[86.7596263,49.5636907],[86.7645707,49.5618355],[86.7771891,49.5634761],[86.7747125,49.557549],[86.7902327,49.5527722],[86.798372,49.5541162],[86.8044304,49.5491587],[86.8271741,49.5454254],[86.8273607,49.5387381],[86.8148466,49.5323219],[86.8248181,49.5230345],[86.8510494,49.5106244],[86.855415,49.4991404],[86.8297196,49.4817399],[86.8342578,49.4771334],[86.8309528,49.4697529],[86.8386619,49.4627196],[86.8333774,49.4522466],[86.8470507,49.4517024],[86.8510814,49.4445937],[86.8575631,49.4443211],[86.8683051,49.4348227],[86.9065016,49.427643],[86.9144436,49.4166369],[86.9301213,49.4200618],[86.9473282,49.4096239],[86.9477722,49.4064175],[86.9362659,49.4001947],[86.9450732,49.3914794],[86.9492001,49.3799416],[86.9367763,49.3689182],[86.9247153,49.3698176],[86.9264692,49.3488781],[86.954126,49.335238],[86.962708,49.325412],[86.958967,49.317622],[86.970987,49.305851],[86.982143,49.30089],[87.0060455,49.2988636],[87.0185332,49.2690166],[87.0307157,49.2528804],[87.047175,49.250485],[87.060354,49.254606],[87.094709,49.252063],[87.128274,49.256051],[87.141721,49.245908],[87.165779,49.25017],[87.175643,49.246746],[87.198325,49.252499],[87.232023,49.24483],[87.243298,49.237869],[87.255265,49.240168],[87.269325,49.23257],[87.303657,49.235279],[87.3156316,49.2310833],[87.2915929,49.201769],[87.2926947,49.1901042],[87.300761,49.184046],[87.303812,49.172181],[87.289965,49.155999],[87.299459,49.148658],[87.294057,49.139913],[87.297042,49.132452],[87.28579,49.115872],[87.2775,49.117732],[87.253524,49.11171],[87.230303,49.1144],[87.227372,49.119458],[87.213546,49.122777],[87.214986,49.130341],[87.200004,49.142945],[87.168671,49.138877],[87.153263,49.14521],[87.151514,49.150749],[87.14183,49.152374],[87.104137,49.151124],[87.100072,49.146811],[87.100575,49.140051],[87.064046,49.127058],[86.999315,49.142674],[86.943692,49.130021],[86.896307,49.134822],[86.878704,49.128484],[86.874529,49.120522],[86.862307,49.11756],[86.843535,49.100629],[86.842111,49.08757],[86.847502,49.0653],[86.834461,49.052468],[86.794943,49.039097],[86.780886,49.027309],[86.766269,49.02561],[86.749645,49.015031],[86.749756,49.009323],[86.741288,49.005785],[86.726388,48.987993],[86.730346,48.984283],[86.726428,48.979148],[86.731521,48.97156],[86.726706,48.951153],[86.731514,48.949452],[86.730179,48.940168],[86.735443,48.923498],[86.751337,48.903333],[86.751382,48.896068],[86.775156,48.889472],[86.783921,48.874853],[86.797982,48.869742],[86.816503,48.856312],[86.819222,48.833126],[86.761641,48.80469],[86.75736,48.789216],[86.753307,48.787702],[86.751221,48.777878],[86.773463,48.75012],[86.777837,48.735753],[86.773001,48.720398],[86.739902,48.698171],[86.726037,48.68316],[86.700475,48.668937],[86.698765,48.655191],[86.689007,48.648328],[86.691774,48.643195],[86.68895,48.640015],[86.668662,48.631144],[86.635018,48.62646],[86.634338,48.612701],[86.629142,48.604953],[86.611918,48.597136],[86.610093,48.587866],[86.601377,48.584518],[86.593918,48.574974],[86.597429,48.558267],[86.586633,48.540539],[86.4153366,48.4751282],[86.4040146,48.4761276],[86.3721466,48.5009041],[86.358963,48.4907265],[86.3430862,48.4928436],[86.3211899,48.4878197],[86.3019104,48.4885216],[86.3015671,48.4745979],[86.2769775,48.4542503],[86.2392578,48.4373894],[86.2137756,48.4319687],[85.9618835,48.4349937],[85.8897629,48.4266815],[85.8381958,48.4272881],[85.8267059,48.4216347],[85.7782593,48.4119911],[85.755394,48.3981667],[85.7479172,48.3864098],[85.7226028,48.3650131],[85.7136993,48.3644066],[85.7172699,48.3512306],[85.7094955,48.3479118],[85.7037735,48.335495],[85.6953201,48.3323898],[85.6978455,48.3196487],[85.6936569,48.3122787],[85.6974716,48.3018417],[85.6880493,48.297123],[85.6842422,48.2888451],[85.6860352,48.277462],[85.6769485,48.2729797],[85.6639175,48.2458344],[85.637085,48.2312317],[85.6216812,48.2042694],[85.6104965,48.2104721],[85.603714,48.2000847],[85.5921249,48.1989708],[85.5775604,48.1603737],[85.5742413,48.1566041],[85.5679826,48.1574857],[85.5621686,48.1524057],[85.56413,48.1493291],[85.5593334,48.1494464],[85.5633286,48.1461109],[85.5539653,48.140197],[85.5548787,48.1363276],[85.5639555,48.1325623],[85.5585514,48.1316816],[85.5583559,48.1256813],[85.5536054,48.1294332],[85.5492842,48.1276026],[85.5515325,48.1153022],[85.5468189,48.114706],[85.5490522,48.1077802],[85.5545768,48.1065337],[85.5449433,48.1051845],[85.5491187,48.101641],[85.5432368,48.0979104],[85.5500913,48.0955002],[85.5450809,48.089284],[85.5482873,48.0793228],[85.5403593,48.0775763],[85.5415129,48.0742557],[85.5345201,48.0708216],[85.5424967,48.0627142],[85.5386742,48.0591942],[85.541902,48.0534611],[85.5345986,48.0492442],[85.5364519,48.0458274],[85.5294264,48.0438514],[85.5289238,48.0351061],[85.532682,48.0305558],[85.5265731,48.0258791],[85.5394803,48.0205887],[85.5471772,48.0101734],[85.5396895,47.9965096],[85.5394152,47.9856539],[85.5530404,47.9819481],[85.63587,47.5864033],[85.6286178,47.577545],[85.627502,47.5580114],[85.609109,47.5328572],[85.6078337,47.5089193],[85.6151124,47.4917524],[85.6264719,47.485305],[85.6395224,47.4638094],[85.6499169,47.4532388],[85.6691165,47.4471727],[85.6831837,47.4302465],[85.6850878,47.3971762],[85.7029578,47.3800725],[85.6980767,47.3670035],[85.6879188,47.3651907],[85.6856394,47.330021],[85.6729343,47.32086],[85.6748549,47.3113923],[85.6846745,47.3087767],[85.6838022,47.3051466],[85.698654,47.2887132],[85.6941232,47.2787202],[85.6955377,47.2724922],[85.6800457,47.2508753],[85.6889388,47.2404339],[85.6856976,47.2287249],[85.6781449,47.2191982],[85.6617885,47.2143899],[85.6499343,47.205569],[85.6399052,47.1840212],[85.5787285,47.1407306],[85.5746733,47.1235985],[85.5863138,47.1138488],[85.57851,47.1096256],[85.5759893,47.0892855],[85.559008,47.0504224],[85.5469926,47.0534082],[85.5319474,47.0490779],[85.5052592,47.0562482],[85.485282,47.0525324],[85.4603513,47.0639884],[85.430099,47.057211],[85.4125171,47.0599526],[85.4059322,47.0516737],[85.3824177,47.0460355],[85.3664567,47.0524407],[85.3457082,47.0548428],[85.3395604,47.0480943],[85.3235233,47.0429154],[85.3069613,47.0508575],[85.2993583,47.0649837],[85.2823351,47.0634736],[85.2763604,47.0687742],[85.2723965,47.063949],[85.2748211,47.0563955],[85.2614626,47.0498754],[85.2534699,47.0530664],[85.240839,47.0537355],[85.2338099,47.0492259],[85.2168977,47.0523679],[85.194095,47.0126442],[85.1877866,47.0066844],[85.175607,47.0034542],[85.1786117,46.9967371],[85.1759709,46.9921661],[85.1662271,46.9864777],[85.1454993,46.9892856],[85.1284232,46.9810621],[85.1279621,46.9752979],[85.1191217,46.969935],[85.0973343,46.9654134],[85.0899258,46.9577278],[85.0788428,46.9578936],[85.0852346,46.9496307],[85.0826021,46.9404773],[85.0776323,46.937591],[85.0781001,46.9309561],[85.0663279,46.9256637],[85.0492474,46.928572],[85.0335787,46.921729],[85.0061471,46.9264562],[85.0012638,46.9211469],[84.9884783,46.9185869],[84.9828792,46.9151082],[84.9791396,46.8920164],[84.9733385,46.8873595],[84.9795496,46.8735525],[84.9658387,46.8726692],[84.9631078,46.8663738],[84.944232,46.8628509],[84.9301127,46.8756592],[84.9155341,46.8800309],[84.91378,46.890312],[84.9056568,46.8984707],[84.8776816,46.9114784],[84.8584897,46.9278512],[84.8612452,46.9440668],[84.858121,46.9469439],[84.8508626,46.9476022],[84.8400854,46.9571103],[84.8236438,46.9603605],[84.81384,46.9573441],[84.7823139,46.9736877],[84.7756841,46.9918357],[84.7548551,46.9990714],[84.7522945,47.0049076],[84.7362061,47.0140686],[84.7222977,47.0154877],[84.6777344,47.0037346],[84.6397781,46.9999695],[84.5712051,46.9979172],[84.5141525,46.9801788],[84.464119,46.99543],[84.4433746,47.0086899],[84.424263,47.0087166],[84.3823471,46.9996872],[84.295311,46.9979706],[84.2385406,47.0037117],[84.2249982,46.9971921],[84.2011446,47.0022784],[84.1778055,46.9974572],[84.1759854,46.9926167],[84.1657155,46.9942883],[84.1592673,46.9882778],[84.1583457,46.980858],[84.1246188,46.9670148],[84.0792324,46.9682161],[84.059279,46.9724641],[84.050778,46.969089],[83.9865236,46.9956643],[83.9674575,46.984007],[83.9607247,46.9824428],[83.9565511,46.989376],[83.9472098,46.9909876],[83.9262247,46.9847255],[83.9172339,46.9746904],[83.9050274,46.9750424],[83.9040732,46.9816352],[83.8919522,46.9883669],[83.8857636,46.9853531],[83.8708287,46.9869775],[83.8697271,46.995355],[83.8592353,46.9979424],[83.8349937,46.9947106],[83.8372803,47.0033519],[83.8291175,47.0103767],[83.8122754,47.0164403],[83.7936999,47.0169185],[83.7835121,47.024266],[83.768341,47.0268847],[83.7579634,47.024186],[83.7478271,47.0326582],[83.7402355,47.0330737],[83.732447,47.0274798],[83.7120001,47.0238876],[83.7070594,47.0175119],[83.6992007,47.0173908],[83.7022951,47.0207155],[83.7007209,47.0294002],[83.6956365,47.0357719],[83.6802048,47.035182],[83.6219308,47.048455],[83.6073911,47.0462812],[83.6038533,47.0546344],[83.5850222,47.0598134],[83.5651079,47.0563578],[83.5596967,47.0611355],[83.5660068,47.0781228],[83.5249815,47.0852174],[83.5268647,47.0907856],[83.5160123,47.0945999],[83.5059297,47.1095069],[83.4832018,47.1091283],[83.4811574,47.1175318],[83.464903,47.1190278],[83.4650378,47.1248899],[83.4707806,47.1280202],[83.4492361,47.131404],[83.4298919,47.1232471],[83.428751,47.1145463],[83.4134662,47.1159925],[83.407287,47.1284465],[83.3880652,47.141844],[83.3862801,47.1502218],[83.3645325,47.1638665],[83.3617584,47.1710714],[83.3648907,47.1777807],[83.3355094,47.1699743],[83.3181208,47.1714321],[83.2930715,47.1819985],[83.2800875,47.1751998],[83.2422275,47.1784043],[83.2354482,47.1817231],[83.2364816,47.1890704],[83.2208862,47.1879509],[83.209051,47.195967],[83.2083481,47.2101926],[83.2004594,47.2163289],[83.1736792,47.2204296],[83.1576438,47.2290029],[83.1773185,47.2573884],[83.1726835,47.2971609],[83.1919096,47.3917257],[83.2095907,47.3955605],[83.2128523,47.4144982],[83.2307051,47.4321518],[83.2228087,47.4749836],[83.1651304,47.5228813],[83.1318281,47.5681873],[83.114147,47.5845157],[83.1412695,47.5945881],[83.169937,47.6156528],[83.1568907,47.6357837],[83.0748366,47.641567],[83.0792998,47.6486218],[83.0265997,47.7050256],[82.9772472,47.783058],[82.9741572,47.800357],[82.9823112,47.8260066],[82.9902934,47.8824488],[82.9870319,47.9096112],[83.0035972,47.9196209],[82.9720115,47.937967],[82.990379,47.9611923],[83.216972,48.0934453],[83.4299739,48.234614],[83.469572,48.2403952],[83.4658813,48.2540555],[83.4886264,48.2608557],[83.4923601,48.2691405],[83.4909868,48.2736537],[83.4772968,48.2799658],[83.4780607,48.2852165],[83.5181375,48.3175514],[83.5579617,48.3379707],[83.5960985,48.3482895],[83.6196896,48.3678829],[83.6155697,48.3909143],[83.5589215,48.4171254],[83.4857937,48.4378568],[83.4377282,48.4706455],[83.4233086,48.5038678],[83.4214209,48.5236539],[83.3476065,48.527633],[83.3232306,48.5366133],[83.3155918,48.5529782],[83.272848,48.5632605],[83.2151269,48.5859478],[83.1904721,48.6283563],[83.1927252,48.6366664],[83.2018876,48.6331213],[83.2059001,48.6490156],[83.1943988,48.6591933],[83.1873607,48.6758303],[83.177104,48.6803641],[83.1546592,48.6719054],[83.1575775,48.6847417],[83.1533718,48.6890198],[83.1254554,48.6838918],[83.1272471,48.6718345],[83.1406796,48.6559049],[83.1360125,48.6544661],[83.1330299,48.6361418],[83.1155205,48.6151793],[83.0625629,48.6275479],[83.0382621,48.6209313],[83.0320179,48.6261864],[83.0140471,48.6261722],[83.0080604,48.6332206],[83.013618,48.644805],[83.0608248,48.6392471],[83.0617904,48.654289],[83.0405473,48.6589665],[83.0284023,48.6696523],[83.0312436,48.6772876],[83.0233442,48.6796826],[83.0334182,48.7036651],[83.1002426,48.7031122],[83.1068588,48.7138974],[83.1202841,48.6897139],[83.1703561,48.6996999],[83.1801644,48.706865],[83.1922208,48.7177863],[83.1688213,48.764393],[83.0453538,48.7561888],[83.0306124,48.7516335],[82.9798865,48.7671651],[82.9836416,48.7454648],[82.9786205,48.7363518],[82.9790497,48.7239391],[82.9610467,48.7297849],[82.9468417,48.7258075],[82.9238605,48.7297849],[82.9445028,48.7481955],[82.9548025,48.7458185],[82.9388809,48.7570729],[82.9433656,48.7631058],[82.9060721,48.772921],[82.914462,48.7754241],[82.9496526,48.816981],[82.8851294,48.8297239],[82.885859,48.8170516],[82.8719759,48.781985],[82.8973388,48.7756786],[82.9011798,48.7719311],[82.8958797,48.7683885],[82.901448,48.7661468],[82.9004931,48.7618965],[82.9157925,48.7602698],[82.9282379,48.7524116],[82.8845501,48.7620733],[82.8671261,48.7441915],[82.8254556,48.7688481],[82.7970028,48.7679712],[82.7981186,48.7777572],[82.8251123,48.7956838],[82.8263998,48.8125089],[82.8217327,48.8171576],[82.8320324,48.8239956],[82.8109717,48.8540033],[82.8452396,48.8432402],[82.8957939,48.8849244],[82.9211997,48.90868],[82.9238605,48.9270673],[82.9201269,48.9451519],[82.8545951,48.9719355],[82.767477,48.9712594],[82.7587222,48.9888351],[82.7091121,49.0296523],[82.7192831,49.0275982],[82.7231025,49.0352233],[82.7033614,49.055139],[82.6982116,49.0716168],[82.6994132,49.0896069],[82.7052497,49.0997796],[82.7038764,49.1284318],[82.6836204,49.1552151],[82.6849937,49.1820401],[82.6794147,49.1932035],[82.6904868,49.2213533],[82.6682031,49.2272286],[82.6581877,49.2113631],[82.6349223,49.2114297],[82.6198911,49.2308544],[82.5992146,49.2451227],[82.6103297,49.2537789],[82.5227748,49.3316371],[82.4306718,49.3391743],[82.3999081,49.302593],[82.3620826,49.341722],[82.3016753,49.3754221],[82.3008811,49.385229],[82.2488829,49.3906155],[82.2453215,49.377332],[82.1383763,49.3946787],[82.092687,49.4096445],[82.1013127,49.4213372],[82.1013878,49.436463],[82.0718169,49.4341625],[82.0584878,49.4516462],[82.0644963,49.4734211],[82.0730518,49.4786707],[82.0818364,49.4942308],[82.0820122,49.5141683],[82.0487442,49.513959],[82.0205601,49.529681],[82.0089878,49.5576283],[81.9896258,49.5670774],[81.9127308,49.581804],[81.9104459,49.6010732],[81.8579073,49.6212412],[81.8092349,49.6217636],[81.8148546,49.657304],[81.7913015,49.657983],[81.7673507,49.6839265],[81.7297346,49.7017015],[81.7344258,49.7140473],[81.754632,49.7350586],[81.7537764,49.748299],[81.7173868,49.7629679],[81.711448,49.7379101],[81.6754314,49.7224847],[81.6579884,49.7265383],[81.6378015,49.744011],[81.6361022,49.7560519],[81.6466151,49.7685408],[81.6908731,49.7830669],[81.7025381,49.8187473],[81.6965966,49.8304708],[81.6965615,49.8650182],[81.6752651,49.8823317],[81.6419454,49.877021],[81.5688644,49.8820432],[81.5615147,49.8905009],[81.5607983,49.8975512],[81.5700347,49.9136623],[81.5218539,49.9132016],[81.5018762,49.937352],[81.4806813,49.9482698],[81.3721467,49.9661997],[81.3292532,49.9670168],[81.3281893,49.9868708],[81.3376631,49.9883905],[81.3375391,50.0087575],[81.3275875,50.0306993],[81.3339039,50.0325718],[81.3344184,50.0394236],[81.3450787,50.0421209],[81.3457367,50.0501323],[81.3401573,50.0537795],[81.3545933,50.0566795],[81.3565198,50.0689837],[81.3635683,50.0785865],[81.3592675,50.0838203],[81.367202,50.0953751],[81.3645035,50.100647],[81.3751726,50.123901],[81.3700503,50.1269896],[81.2691546,50.1318219],[81.1237832,50.1623161],[81.1125367,50.2269555]]],[[[81.1162465,51.0644417],[81.1396709,51.0797227],[81.147141726,51.087912162],[81.1418167,51.0791026],[81.1162465,51.0644417]]],[[[81.114995708,51.210344577],[81.1151585,51.2115228],[81.1150031,51.2103516],[81.114995708,51.210344577]]],[[[81.1151585,51.2115228],[81.1463635,51.2118797],[81.1585676,51.1946247],[81.1463233,51.2112608],[81.1151585,51.2115228]]],[[[81.155013603,51.100863267],[81.1561988,51.1047984],[81.1553834,51.1014323],[81.155013603,51.100863267]]],[[[81.157658942,50.951098733],[81.161852027,50.952365523],[81.1582702,50.9511942],[81.157658942,50.951098733]]],[[[81.1628259,51.1201859],[81.1729074,51.1416275],[81.1595173,51.1116515],[81.1628259,51.1201859]]],[[[81.1791762,50.9575994],[81.18110609,50.956525672],[81.173645129,50.955928385],[81.1791762,50.9575994]]],[[[81.1752907,51.1688027],[81.1758365,51.1738545],[81.1769757,51.1617059],[81.1754253,51.1668571],[81.1752907,51.1688027]]],[[[81.227533136,50.961488962],[81.2322287,50.963261],[81.253636245,50.962322471],[81.2318149,50.962995],[81.227533136,50.961488962]]],[[[81.2929587,50.9745733],[81.3099342,50.9756831],[81.325588947,50.975689582],[81.3097051,50.9755838],[81.2929587,50.9745733]]],[[[81.3432804,46.4531992],[81.3395199,46.4525377],[81.349951,46.4543781],[81.3432804,46.4531992]]],[[[81.379864523,50.975712056],[81.4125874,50.9757418],[81.412592269,50.975643354],[81.393856995,50.975682683],[81.379864523,50.975712056]]],[[[81.413336288,50.961573989],[81.413386795,50.960680298],[81.4133178,50.9610606],[81.413336288,50.961573989]]],[[[81.4212138,50.8817963],[81.442735026,50.891899149],[81.4213278,50.8817848],[81.4212515,50.8724284],[81.4357552,50.8723667],[81.435616,50.8631523],[81.4716819,50.8625668],[81.4717172,50.8434137],[81.4859883,50.8241775],[81.4610477,50.8020813],[81.449383246,50.756103556],[81.4606349,50.8021101],[81.4853744,50.8238099],[81.4716125,50.8432054],[81.4716201,50.8623968],[81.435556,50.8629822],[81.4357086,50.8723167],[81.4208673,50.8724222],[81.4212138,50.8817963]]],[[[81.435100053,50.929861482],[81.4354055,50.9298615],[81.435556165,50.910904122],[81.4349915,50.9109132],[81.435100053,50.929861482]]],[[[81.442306613,50.910768965],[81.4428381,50.9107656],[81.442736203,50.892114636],[81.442306613,50.910768965]]],[[[81.50297098,50.753275215],[81.50532997,50.754039045],[81.5038447,50.7532291],[81.50297098,50.753275215]]],[[[81.5074729,50.7570661],[81.510020217,50.757028756],[81.506734336,50.755087751],[81.5074729,50.7570661]]],[[[81.5825039,50.7423881],[81.590828282,50.743502638],[81.528804,50.7516982],[81.5825039,50.7423881]]],[[[81.5851271,46.4965078],[81.6028512,46.5192806],[81.5841591,46.4952037],[81.5851271,46.4965078]]],[[[82.2990702,45.7195581],[82.3103158,45.7379569],[82.3029716,45.7257961],[82.2990702,45.7195581]]],[[[82.3368917,45.8554687],[82.3385174,45.8501598],[82.3350351,45.8609069],[82.3368917,45.8554687]]],[[[82.335889,45.9321693],[82.3369795,45.929166],[82.3351293,45.9338879],[82.335889,45.9321693]]],[[[82.3390158,45.9014758],[82.3407047,45.9080862],[82.3393857,45.9027049],[82.3390158,45.9014758]]],[[[82.3406393,45.9148385],[82.3407286,45.9125007],[82.3407047,45.9080862],[82.3406393,45.9148385]]],[[[82.3438012,45.82477],[82.346212,45.8337535],[82.344709,45.8279466],[82.3438012,45.82477]]],[[[82.5517225,46.213997],[82.5561477,46.2218752],[82.5549193,46.2195571],[82.5517225,46.213997]]],[[[82.7059756,46.4599688],[82.709543332,46.466577618],[82.7075277,46.4626505],[82.7059756,46.4599688]]],[[[82.7216306,46.4850467],[82.7248645,46.4917153],[82.7230996,46.4880358],[82.7216306,46.4850467]]],[[[82.7691774,46.5999209],[82.7397784,46.5181631],[82.725996511,46.494693125],[82.7682493,46.6038135],[82.773227602,46.62700888],[82.7691774,46.5999209]]],[[[82.785405726,46.678951616],[82.786620578,46.682619083],[82.7864463,46.6809361],[82.785405726,46.678951616]]],[[[82.8398382,46.7681931],[82.8330182,46.7571502],[82.7933298,46.7005295],[82.8295326,46.777434],[82.858279586,46.793431852],[82.8398382,46.7681931]]],[[[82.8686713,46.8230278],[82.8691862,46.8300163],[82.9145479,46.9339422],[82.919210564,46.934085694],[82.9193098,46.9278958],[82.8901216,46.8755377],[82.868650531,46.820134128],[82.8686713,46.8230278]]],[[[82.9198166,46.9390792],[82.921850623,46.940129186],[82.9217181,46.9400194],[82.9198166,46.9390792]]],[[[82.9209533,46.9483006],[82.9212008,46.9478612],[82.92089292,46.948370391],[82.9209533,46.9483006]]],[[[82.921367,46.9459526],[82.921379911,46.945894322],[82.921122,46.9461735],[82.921367,46.9459526]]],[[[82.9212008,46.9478612],[82.92124,46.947647],[82.9211668,46.9472977],[82.9212008,46.9478612]]],[[[82.9214315,46.9469965],[82.9214426,46.9468745],[82.921295068,46.946633709],[82.9214315,46.9469965]]],[[[82.921814651,46.944735895],[82.9220084,46.9449016],[82.9218204,46.944739],[82.921814651,46.944735895]]],[[[82.922003856,46.941876856],[82.92203,46.9418099],[82.922021668,46.941760624],[82.922012337,46.941821513],[82.922003856,46.941876856]]],[[[82.922080711,46.941375314],[82.922192,46.9412928],[82.922152404,46.940907456],[82.922080711,46.941375314]]],[[[82.922160312,46.954439605],[82.9221744,46.9543727],[82.9221154,46.954059],[82.922160312,46.954439605]]],[[[82.922154027,46.940896865],[82.9222446,46.9407515],[82.9222408,46.9403306],[82.922154027,46.940896865]]],[[[82.923016844,46.95589495],[82.9230363,46.9557723],[82.9228045,46.9551982],[82.923016844,46.95589495]]],[[[82.9244859,46.9581553],[82.9245663,46.957614],[82.924560145,46.957591295],[82.9244859,46.9581553]]],[[[82.9245035,46.9566822],[82.9246148,46.9571761],[82.9246066,46.9569255],[82.9245035,46.9566822]]],[[[82.9249272,46.9618045],[82.9249581,46.961525],[82.9248307,46.9619893],[82.9249272,46.9618045]]],[[[82.9251277,46.9604984],[82.925603,46.9604805],[82.924956978,46.960447018],[82.9251277,46.9604984]]],[[[82.9250232,46.9631544],[82.9256654,46.9638749],[82.9255001,46.9636148],[82.9250232,46.9631544]]],[[[82.925210285,46.96233978],[82.9254215,46.9625348],[82.9252824,46.9623715],[82.925210285,46.96233978]]],[[[82.9257746,46.9603921],[82.9257774,46.9602108],[82.925603,46.9604805],[82.9257746,46.9603921]]],[[[82.9263555,46.964459],[82.9264282,46.9643083],[82.9263742,46.964203],[82.9263555,46.964459]]],[[[82.926436172,46.965141637],[82.926475593,46.965188783],[82.926387359,46.965083259],[82.926436172,46.965141637]]],[[[82.928137524,46.966100974],[82.9284047,46.9661042],[82.9282545,46.9660862],[82.928137524,46.966100974]]],[[[82.929957719,46.96827669],[82.930048336,46.968326742],[82.9300095,46.9682942],[82.929957719,46.96827669]]],[[[82.9305762,46.9924406],[82.930645,46.9923044],[82.9300412,46.9927231],[82.9305762,46.9924406]]],[[[82.930109114,46.991400686],[82.930645,46.9923044],[82.9302557,46.9915638],[82.930109114,46.991400686]]],[[[82.9304839,46.9939946],[82.9305881,46.9933733],[82.930413945,46.994106645],[82.9304839,46.9939946]]],[[[82.9305301,46.9748156],[82.9312001,46.9754503],[82.9308843,46.9750764],[82.9305301,46.9748156]]],[[[82.9306052,46.994579],[82.931449964,46.994981589],[82.9311778,46.9947982],[82.9306052,46.994579]]],[[[82.930639865,46.976689696],[82.930955,46.9771969],[82.9307353,46.9767616],[82.930639865,46.976689696]]],[[[82.9310255,46.9877071],[82.931245,46.9875204],[82.93080664,46.987801703],[82.9310255,46.9877071]]],[[[82.9308518,46.9889972],[82.9312626,46.9894307],[82.9311738,46.9892841],[82.9308518,46.9889972]]],[[[82.9310453,46.9759962],[82.9312834,46.9758111],[82.930975239,46.976018255],[82.9310453,46.9759962]]],[[[82.9312049,46.9896485],[82.9312626,46.9894307],[82.931028,46.9899365],[82.9312049,46.9896485]]],[[[82.931089557,46.97828029],[82.9316643,46.9782422],[82.9314368,46.978194],[82.931089557,46.97828029]]],[[[82.931144389,46.973379927],[82.9314087,46.9735333],[82.931317,46.9734414],[82.931144389,46.973379927]]],[[[82.9312006,46.9700586],[82.9321779,46.9710774],[82.9318614,46.9706749],[82.9312006,46.9700586]]],[[[82.9315217,46.9871075],[82.931580959,46.986776173],[82.931245,46.9875204],[82.9315217,46.9871075]]],[[[82.9313767,46.973614],[82.9314087,46.9735333],[82.931315858,46.973624294],[82.9313767,46.973614]]],[[[82.931784983,46.98367273],[82.9318294,46.9833787],[82.9316672,46.9829844],[82.931784983,46.98367273]]],[[[82.931885,46.978891],[82.9319239,46.9785666],[82.9317645,46.9791188],[82.931885,46.978891]]],[[[82.9317788,46.9852036],[82.9323743,46.9856382],[82.9320884,46.985388],[82.9317788,46.9852036]]],[[[82.932157916,46.984351131],[82.9323666,46.9845943],[82.9323229,46.9844822],[82.932157916,46.984351131]]],[[[82.9321835,46.9715955],[82.9322453,46.971344],[82.9321779,46.9710774],[82.9321835,46.9715955]]],[[[82.9323824,46.9962012],[82.9324139,46.9959581],[82.932301883,46.996277897],[82.9323824,46.9962012]]],[[[82.93233101,46.981848861],[82.9323753,46.9820151],[82.9323706,46.9818851],[82.93233101,46.981848861]]],[[[82.9323743,46.9856382],[82.9326737,46.9860928],[82.932651,46.9859717],[82.9323743,46.9856382]]],[[[82.9327851,46.9811477],[82.9328758,46.9810192],[82.932456628,46.981308454],[82.9327851,46.9811477]]],[[[82.9329618,46.9973763],[82.9329767,46.9972617],[82.9327156,46.9976228],[82.9329618,46.9973763]]],[[[82.9327503,46.997207011],[82.9329767,46.9972617],[82.9329195,46.9972187],[82.9327503,46.997207011]]],[[[82.9330279,46.9990495],[82.933054,46.9988776],[82.9329364,46.9991615],[82.9330279,46.9990495]]],[[[82.9329364,46.9991615],[82.9334339,46.9994453],[82.9331859,46.9992562],[82.9329364,46.9991615]]],[[[82.935275935,47.000526822],[82.9353721,47.0006699],[82.9352991,47.0005454],[82.935275935,47.000526822]]],[[[82.9358596,47.0080034],[82.935642447,47.007773711],[82.9361148,47.0082814],[82.9360298,47.0080695],[82.9358596,47.0080034]]],[[[82.9360046,47.0023314],[82.9363235,47.0025147],[82.9362873,47.0024562],[82.9360046,47.0023314]]],[[[82.9361386,47.0028872],[82.9363235,47.0025147],[82.936072393,47.00294356],[82.9361386,47.0028872]]],[[[82.9361927,47.0065156],[82.9362307,47.006387],[82.936213459,47.006306696],[82.9361927,47.0065156]]],[[[82.9366781,47.0059867],[82.9372046,47.0056914],[82.9362353,47.0060869],[82.9366781,47.0059867]]],[[[82.936350351,47.004166905],[82.9364869,47.0048052],[82.9364714,47.0043409],[82.936350351,47.004166905]]],[[[82.936485574,47.008538226],[82.93671404,47.008696479],[82.9365979,47.0085739],[82.936485574,47.008538226]]],[[[82.9369974,47.0119905],[82.9376032,47.0125941],[82.9372945,47.0122316],[82.9369974,47.0119905]]],[[[82.9376459,47.0138168],[82.9379489,47.0133699],[82.937959,47.013262],[82.9373411,47.014205],[82.9376459,47.0138168]]],[[[82.9374335,47.0049288],[82.9376557,47.0051691],[82.9376033,47.0050572],[82.9374335,47.0049288]]],[[[82.9376032,47.0125941],[82.937959,47.013262],[82.9378114,47.0128836],[82.9376032,47.0125941]]],[[[82.937726909,47.014430236],[82.9380177,47.0146],[82.9378975,47.0144728],[82.937726909,47.014430236]]],[[[82.9378377,47.0107045],[82.937866,47.0105535],[82.937845172,47.010458907],[82.9378377,47.0107045]]],[[[82.937856685,47.010080515],[82.9379134,47.0099628],[82.9378665,47.0097579],[82.937856685,47.010080515]]],[[[82.9378777,47.01559],[82.9380671,47.0160963],[82.9380606,47.0160284],[82.9378777,47.01559]]],[[[82.938601991,47.016573844],[82.938799104,47.016749825],[82.9387165,47.0166232],[82.938601991,47.016573844]]],[[[82.9389376,47.0167251],[82.938885717,47.016784247],[82.939072504,47.016754184],[82.938984,47.0167518],[82.9389376,47.0167251]]],[[[82.9393225,47.0166884],[82.939314651,47.016715211],[82.9394365,47.0166956],[82.9393688,47.0166689],[82.9393225,47.0166884]]],[[[82.9397804,47.0169187],[82.9396444,47.0168196],[82.939535102,47.016784585],[82.939752921,47.01698116],[82.9397804,47.0169187]]],[[[82.9401906,47.0172859],[82.9399689,47.0170583],[82.9398258,47.0170243],[82.94013357,47.017324684],[82.9401906,47.0172859]]],[[[82.9405341,47.0173816],[82.9402455,47.0173152],[82.9401573,47.0173461],[82.94067375,47.017432984],[82.9405341,47.0173816]]],[[[82.9409037,47.0174429],[82.940882423,47.01746809],[82.941147,47.0175126],[82.9409705,47.0174542],[82.9409037,47.0174429]]],[[[82.9412522,47.0176572],[82.9411996,47.0175841],[82.941147,47.0175126],[82.941270694,47.0177197],[82.9412522,47.0176572]]],[[[82.9415064,47.0177409],[82.941404385,47.01782562],[82.9417044,47.0178188],[82.9416267,47.0178114],[82.9415064,47.0177409]]],[[[82.9417044,47.0178188],[82.9417427,47.017859353],[82.9417427,47.0178578],[82.9417044,47.0178188]]],[[[82.9420077,47.0181323],[82.9419838,47.0180575],[82.941851488,47.01797454],[82.942048245,47.018182872],[82.9420077,47.0181323]]],[[[82.9421995,47.018237],[82.9421495,47.0182338],[82.9420818,47.0182184],[82.942217921,47.01825845],[82.9421995,47.018237]]],[[[82.9423426,47.0182369],[82.9423211,47.0182385],[82.942270077,47.018273796],[82.942344696,47.018295751],[82.9423426,47.0182369]]],[[[82.9431489,47.0185403],[82.943174999,47.018578472],[82.943237092,47.018540225],[82.9432181,47.0185321],[82.9431489,47.0185403]]],[[[82.9434089,47.0186198],[82.9434112,47.0185287],[82.943311,47.0184947],[82.9433804,47.018664738],[82.9434089,47.0186198]]],[[[82.9435234,47.0186489],[82.9434691,47.0186531],[82.943427041,47.01869508],[82.943585654,47.018637567],[82.9435234,47.0186489]]],[[[82.9437278,47.0185785],[82.943716451,47.01859014],[82.9438528,47.0185407],[82.9437802,47.0185476],[82.9437278,47.0185785]]],[[[82.9440269,47.0186023],[82.9439768,47.0185877],[82.9438528,47.0185407],[82.944022743,47.018650793],[82.9440269,47.0186023]]],[[[82.9443307,47.018612],[82.9441901,47.0186088],[82.9440686,47.0186805],[82.9445215,47.0186249],[82.9443307,47.018612]]],[[[82.9447577,47.0186978],[82.9445979,47.0186654],[82.9445215,47.0186249],[82.944714193,47.018763428],[82.9447577,47.0186978]]],[[[82.945118866,47.018903449],[82.9451626,47.0188866],[82.9451299,47.0188861],[82.945118866,47.018903449]]],[[[82.9455895,47.0190131],[82.945549073,47.019020876],[82.945634992,47.019050727],[82.9456174,47.0190283],[82.9455895,47.0190131]]],[[[82.9458679,47.0191029],[82.945814535,47.019113107],[82.945884534,47.019137428],[82.9458679,47.0191029]]],[[[82.9461112,47.0192084],[82.9460754,47.019184],[82.945935277,47.019155058],[82.9462615,47.0192684],[82.9461112,47.0192084]]],[[[82.9463308,47.019335],[82.946314,47.0193009],[82.9462615,47.0192684],[82.946337723,47.019366488],[82.9463308,47.019335]]],[[[82.9468507,47.0193782],[82.946821678,47.019423269],[82.9469794,47.0193375],[82.946927,47.0193635],[82.9468507,47.0193782]]],[[[82.9469794,47.0193375],[82.947022799,47.019346738],[82.9470152,47.0193375],[82.9469794,47.0193375]]],[[[82.9475089,47.01942],[82.9474755,47.0194135],[82.947367098,47.019420022],[82.947522372,47.019453072],[82.9475089,47.01942]]],[[[82.947722,47.0194428],[82.9475884,47.0194445],[82.9475822,47.019465807],[82.947774023,47.019506636],[82.947722,47.0194428]]],[[[82.947863924,47.019426816],[82.9478673,47.0193874],[82.9478435,47.0194118],[82.947863924,47.019426816]]],[[[82.948039,47.0193873],[82.9479603,47.019389],[82.9478673,47.0193874],[82.948018829,47.019429661],[82.948039,47.0193873]]],[[[82.9482822,47.0194147],[82.9482155,47.0194603],[82.948365202,47.019462765],[82.9483156,47.0194228],[82.9482822,47.0194147]]],[[[82.9483801,47.0194537],[82.948375721,47.01945786],[82.948461202,47.019417995],[82.9484086,47.019426],[82.9483801,47.0194537]]],[[[82.948488109,47.019405447],[82.9485802,47.0193625],[82.9485278,47.0193772],[82.948488109,47.019405447]]],[[[82.9486088,47.0193657],[82.9485802,47.0193625],[82.948632186,47.019416636],[82.9486303,47.0193885],[82.9486088,47.0193657]]],[[[82.948716743,47.019504691],[82.948722131,47.019510301],[82.948725913,47.01951424],[82.9487211,47.0195054],[82.948716743,47.019504691]]],[[[82.9489094,47.0194517],[82.9488666,47.0195135],[82.94882188,47.019541592],[82.9489452,47.019484611],[82.9489094,47.0194517]]],[[[82.9495545,47.0195401],[82.9494829,47.0195028],[82.9490846,47.0194202],[82.9495927,47.019594382],[82.9495545,47.0195401]]],[[[82.949712701,47.019593794],[82.949763527,47.019584508],[82.9497357,47.0195855],[82.949712701,47.019593794]]],[[[82.9498287,47.0195708],[82.949811425,47.019575757],[82.949891148,47.019561192],[82.9498621,47.0195578],[82.9498287,47.0195708]]],[[[82.9500725,47.0199006],[82.9501369,47.0199282],[82.950117622,47.019842609],[82.9500224,47.0198909],[82.9500725,47.0199006]]],[[[82.950077983,47.019965874],[82.950091761,47.019984459],[82.9500917,47.019977],[82.950077983,47.019965874]]],[[[82.95016436,47.020082387],[82.9501898,47.0200502],[82.950137551,47.020046225],[82.95016436,47.020082387]]],[[[82.9501772,47.0198176],[82.9501988,47.0198582],[82.9502535,47.0197737],[82.950171431,47.019815321],[82.9501772,47.0198176]]],[[[82.950214033,47.0197344],[82.9502535,47.0197737],[82.9502152,47.0197347],[82.950214033,47.0197344]]],[[[82.9503875,47.0199378],[82.9502946,47.0199867],[82.950265612,47.020058552],[82.950436072,47.019938425],[82.9503875,47.0199378]]],[[[82.9504422,47.0198679],[82.9503826,47.019881],[82.950471011,47.019913803],[82.9505685,47.0198451],[82.9504422,47.0198679]]],[[[82.9505685,47.0198451],[82.950638408,47.019859092],[82.9506043,47.019845],[82.9505685,47.0198451]]],[[[82.9508857,47.0198578],[82.9508642,47.0198546],[82.950782905,47.019888014],[82.950876387,47.019906725],[82.9508857,47.0198578]]],[[[82.9510502,47.0198918],[82.9509525,47.0198984],[82.950929201,47.019917296],[82.95104406,47.019940286],[82.9510502,47.0198918]]],[[[82.9514915,47.020015],[82.9512482,47.0199047],[82.9511313,47.0199145],[82.9515987,47.0200513],[82.9514915,47.020015]]],[[[82.9518596,47.0206623],[82.9519311,47.0206558],[82.9519645,47.020646],[82.951798676,47.02064263],[82.9518596,47.0206623]]],[[[82.9518761,47.0205485],[82.9518546,47.0205079],[82.951805937,47.0205421],[82.951881943,47.020591904],[82.9518761,47.0205485]]],[[[82.9518307,47.0204868],[82.9519427,47.0204542],[82.9519879,47.020394],[82.951822912,47.020487107],[82.9518307,47.0204868]]],[[[82.9518526,47.0207387],[82.951839848,47.020737713],[82.9519218,47.0208118],[82.9518884,47.0207598],[82.9518526,47.0207387]]],[[[82.95191011,47.02061036],[82.9519645,47.020646],[82.951931,47.0206151],[82.95191011,47.02061036]]],[[[82.9519234,47.0210739],[82.95194541,47.021095861],[82.9519473,47.021095],[82.9519234,47.0210739]]],[[[82.9521478,47.021233],[82.9521072,47.0211876],[82.952069829,47.021213063],[82.952130844,47.021270539],[82.9521478,47.021233]]],[[[82.9523341,47.0214345],[82.9522935,47.0213727],[82.952233728,47.021367455],[82.952341571,47.021469044],[82.9523341,47.0214345]]],[[[82.9523054,47.021776],[82.95234606,47.021788739],[82.9523412,47.0217792],[82.9523054,47.021776]]],[[[82.9523268,47.0217386],[82.952356,47.0217108],[82.952357353,47.021679595],[82.952324112,47.021741278],[82.9523268,47.0217386]]],[[[82.9526393,47.0218082],[82.952501408,47.021837409],[82.952804366,47.021932326],[82.9527563,47.0218715],[82.9526393,47.0218082]]],[[[82.9529736,47.0220518],[82.9530212,47.0220273],[82.9530092,47.0219965],[82.952963727,47.022054194],[82.9529736,47.0220518]]],[[[82.9532482,47.0223311],[82.9532268,47.0223165],[82.953192078,47.022284427],[82.953235587,47.022364621],[82.9532482,47.0223311]]],[[[82.953265323,47.022419431],[82.953271205,47.02243027],[82.9532865,47.0224173],[82.953257123,47.022404316],[82.953265323,47.022419431]]],[[[82.9533376,47.0225505],[82.953335975,47.022549653],[82.953356239,47.022587004],[82.9533543,47.0225765],[82.9533376,47.0225505]]],[[[82.9537408,47.0227322],[82.9537051,47.022742],[82.9533902,47.0226496],[82.95374138,47.022767561],[82.9537408,47.0227322]]],[[[82.9544826,47.0230088],[82.9540581,47.0227986],[82.95381166,47.022791168],[82.9545852,47.023051],[82.9544826,47.0230088]]],[[[82.9548201,47.0229793],[82.9546782,47.0230379],[82.954664827,47.023042251],[82.9549274,47.0230134],[82.9548201,47.0229793]]],[[[82.9549704,47.0230637],[82.9549274,47.0230134],[82.954999219,47.023138755],[82.9549992,47.0231287],[82.9549704,47.0230637]]],[[[82.9553482,47.0236388],[82.9551974,47.0233382],[82.955095647,47.023307064],[82.955306901,47.023675792],[82.9553482,47.0236388]]],[[[82.955408,47.0237123],[82.955381421,47.023717761],[82.955462975,47.023728322],[82.9554438,47.0237204],[82.955408,47.0237123]]],[[[82.9556683,47.0239315],[82.9556921,47.0239185],[82.955704,47.0239039],[82.955676412,47.023889272],[82.9556683,47.0239315]]],[[[82.955696008,47.02378727],[82.9557157,47.0237722],[82.9557014,47.0237592],[82.955696008,47.02378727]]],[[[82.955745032,47.023963013],[82.955792185,47.023982378],[82.955704205,47.023946246],[82.955745032,47.023963013]]],[[[82.9559832,47.0240564],[82.955976419,47.024058041],[82.9560238,47.0240775],[82.9559976,47.0240613],[82.9559832,47.0240564]]],[[[82.956084,47.0242315],[82.956078152,47.024263948],[82.956111415,47.024250157],[82.9560935,47.0242461],[82.956084,47.0242315]]],[[[82.9561603,47.0242233],[82.956121374,47.024246028],[82.9562389,47.0241973],[82.9561936,47.0241892],[82.9561603,47.0242233]]],[[[82.9563682,47.0245011],[82.9563371,47.0244361],[82.956275,47.024389],[82.9563564,47.0245596],[82.9563682,47.0245011]]],[[[82.9563418,47.024376],[82.9563895,47.0243824],[82.9564061,47.0243629],[82.95634115,47.024375831],[82.9563418,47.024376]]],[[[82.956358661,47.024315915],[82.9563607,47.0242979],[82.95634125,47.024298671],[82.956358661,47.024315915]]],[[[82.9566117,47.0246667],[82.9564589,47.0245579],[82.9564423,47.0245823],[82.9566428,47.0247171],[82.9566117,47.0246667]]],[[[82.956671635,47.024739669],[82.956699325,47.024755487],[82.9566858,47.0247349],[82.956671635,47.024739669]]],[[[82.956767941,47.02492057],[82.956834,47.0249315],[82.9567741,47.0247982],[82.956767941,47.02492057]]],[[[82.9570774,47.0250734],[82.956927,47.0249906],[82.956798468,47.024995863],[82.957095985,47.025127594],[82.9570774,47.0250734]]],[[[82.9571924,47.025361],[82.9571566,47.0253822],[82.9571209,47.0253903],[82.957210348,47.025376622],[82.9571924,47.025361]]],[[[82.9571471,47.0253562],[82.9572016,47.0251919],[82.9571825,47.0251659],[82.957126037,47.025371588],[82.9571471,47.0253562]]],[[[82.957422987,47.025383303],[82.9574261,47.0253641],[82.9574093,47.0253462],[82.957422987,47.025383303]]],[[[82.957470861,47.025513078],[82.957484774,47.025550793],[82.9574787,47.0254404],[82.957450199,47.025457068],[82.957470861,47.025513078]]],[[[82.95750617,47.025608795],[82.9575196,47.0256452],[82.95751,47.0256143],[82.95750617,47.025608795]]],[[[82.957918,47.0257603],[82.9577963,47.0257181],[82.957709774,47.025728433],[82.957931232,47.025825357],[82.957918,47.0257603]]],[[[82.957900246,47.025978686],[82.9579503,47.0259817],[82.957998,47.0259572],[82.957945682,47.025929293],[82.957900246,47.025978686]]],[[[82.957920474,47.026058095],[82.957936348,47.026077442],[82.9579386,47.0260759],[82.957912608,47.026048509],[82.957920474,47.026058095]]],[[[82.957960541,47.026392044],[82.9579915,47.0263571],[82.95796997,47.026340366],[82.957960541,47.026392044]]],[[[82.957971772,47.0258431],[82.9580097,47.0258597],[82.9579802,47.0258431],[82.957971772,47.0258431]]],[[[82.957979433,47.026129954],[82.9580031,47.0261588],[82.9579959,47.026136],[82.957979433,47.026129954]]],[[[82.9579859,47.0258922],[82.9580098,47.0258808],[82.9580097,47.0258597],[82.957981257,47.02589062],[82.9579859,47.0258922]]],[[[82.9580108,47.0264709],[82.957989265,47.026491053],[82.9580705,47.0264838],[82.958037,47.0264644],[82.9580108,47.0264709]]],[[[82.9580588,47.0266496],[82.9580445,47.026635],[82.9580039,47.0266009],[82.958070348,47.026667163],[82.9580588,47.0266496]]],[[[82.9580039,47.0266009],[82.958042,47.026583],[82.958022955,47.026567396],[82.9580039,47.0266009]]],[[[82.958028652,47.026557379],[82.9580777,47.0265375],[82.9580658,47.0265196],[82.958053345,47.026513964],[82.958028652,47.026557379]]],[[[82.9585822,47.0270971],[82.958458,47.0269964],[82.9580789,47.0269821],[82.958559975,47.027122551],[82.9585822,47.0270971]]],[[[82.958105,47.0269431],[82.9581455,47.0268992],[82.9580789,47.0269821],[82.958105,47.0269431]]],[[[82.95815479,47.026751369],[82.9581568,47.0267341],[82.958137473,47.0267341],[82.95815479,47.026751369]]],[[[82.958171965,47.02680124],[82.9581831,47.0267926],[82.9581831,47.0267796],[82.958171965,47.02680124]]],[[[82.9585756,47.0274044],[82.9585565,47.027354],[82.9584873,47.027341],[82.958597182,47.027470728],[82.9585756,47.0274044]]],[[[82.9585492,47.0273133],[82.958616,47.027284],[82.9587064,47.0271653],[82.958521732,47.027313389],[82.9585492,47.0273133]]],[[[82.958683835,47.027573032],[82.958696523,47.027588012],[82.9586999,47.0275717],[82.958683835,47.027573032]]],[[[82.958679781,47.027157529],[82.9587064,47.0271653],[82.9586849,47.0271556],[82.958679781,47.027157529]]],[[[82.9587286,47.027462],[82.958828862,47.027477184],[82.9587643,47.0274457],[82.9587286,47.027462]]],[[[82.958907302,47.027591242],[82.9589147,47.0275155],[82.9588884,47.0274862],[82.958907302,47.027591242]]],[[[82.95892241,47.027675202],[82.9589316,47.0276634],[82.9589245,47.0276487],[82.95891816,47.027651587],[82.95892241,47.027675202]]],[[[82.958939,47.0277674],[82.9589437,47.0277365],[82.958931131,47.027723668],[82.958939,47.0277674]]],[[[82.9591155,47.0277737],[82.9589961,47.0276942],[82.958977,47.0277105],[82.958983995,47.027775823],[82.9591155,47.0277737]]],[[[82.959224763,47.027911955],[82.9592588,47.0279167],[82.9592157,47.0278192],[82.959224763,47.027911955]]],[[[82.95923452,47.028011804],[82.959237781,47.028045177],[82.9592757,47.0280353],[82.959231622,47.027982153],[82.95923452,47.028011804]]],[[[82.9592473,47.0281426],[82.9592592,47.0281231],[82.959243963,47.028108447],[82.9592473,47.0281426]]],[[[82.9593546,47.0281523],[82.9593307,47.0281426],[82.9592473,47.0281426],[82.959319491,47.028195005],[82.9593546,47.0281523]]],[[[82.9594723,47.0282615],[82.9594049,47.028253],[82.95936043,47.028224724],[82.959487347,47.028316855],[82.9594723,47.0282615]]],[[[82.959537092,47.028371509],[82.9595393,47.0283688],[82.9595297,47.0283476],[82.959537092,47.028371509]]],[[[82.9596494,47.0285979],[82.959568,47.0284305],[82.959552365,47.028420909],[82.959613424,47.0286184],[82.9596494,47.0285979]]],[[[82.959653719,47.028748735],[82.959667709,47.028793983],[82.9597118,47.0287994],[82.959726,47.0287538],[82.959653719,47.028748735]]],[[[82.959688,47.0288335],[82.9596774,47.028825328],[82.9596905,47.0288677],[82.9597071,47.0288514],[82.959688,47.0288335]]],[[[82.9599673,47.0290088],[82.9598431,47.0288822],[82.9596905,47.0288677],[82.959979356,47.029062697],[82.9599673,47.0290088]]],[[[82.960146367,47.02917544],[82.960179388,47.029197732],[82.9601655,47.0291617],[82.960146367,47.02917544]]],[[[82.9601872,47.0292853],[82.9602277,47.0293047],[82.9602897,47.0292722],[82.9601562,47.0292853],[82.9601872,47.0292853]]],[[[82.9603263,47.0297126],[82.9603572,47.0296964],[82.9601852,47.0295323],[82.960305,47.0298053],[82.9603263,47.0297126]]],[[[82.9602305,47.029503],[82.960271,47.0295128],[82.9603211,47.0294786],[82.960272263,47.029463861],[82.9602305,47.029503]]],[[[82.9602636,47.0293372],[82.9602636,47.029343685],[82.9603591,47.0293956],[82.9603256,47.0293713],[82.9602636,47.0293372]]],[[[82.9603424,47.0294103],[82.9603615,47.0294086],[82.9603591,47.0293956],[82.96034159,47.029409364],[82.9603424,47.0294103]]],[[[82.9604552,47.0298166],[82.9604409,47.029815],[82.960417777,47.029841801],[82.96046899,47.029858377],[82.9604552,47.0298166]]],[[[82.9607678,47.0299268],[82.9606437,47.0298359],[82.96054841,47.029884082],[82.9608562,47.0299837],[82.9607678,47.0299268]]],[[[82.9605832,47.0303376],[82.960678719,47.030374437],[82.96065,47.0303538],[82.9605832,47.0303376]]],[[[82.9606403,47.0302775],[82.9608142,47.0301863],[82.960781837,47.030080099],[82.960632269,47.03027399],[82.9606403,47.0302775]]],[[[82.9611988,47.0305452],[82.9609529,47.0303731],[82.960701956,47.030383399],[82.961216934,47.030582003],[82.9611988,47.0305452]]],[[[82.960821019,47.030029306],[82.9608568,47.0300107],[82.9608562,47.0299837],[82.960821019,47.030029306]]],[[[82.9615291,47.0309086],[82.9614909,47.0308696],[82.961487467,47.030867093],[82.961537001,47.030948823],[82.9615291,47.0309086]]],[[[82.9615145,47.0315266],[82.9615383,47.0315201],[82.961523076,47.031485803],[82.9615074,47.0315542],[82.9615145,47.0315266]]],[[[82.9618998,47.0319655],[82.9617803,47.0318583],[82.9615585,47.0318553],[82.9619833,47.0319931],[82.9618998,47.0319655]]],[[[82.9616005,47.0316192],[82.961592165,47.031620218],[82.961646762,47.03166274],[82.9616268,47.0316386],[82.9616005,47.0316192]]],[[[82.9617051,47.031708176],[82.961718923,47.031718942],[82.9617128,47.0317085],[82.9617051,47.031708176]]],[[[82.9617253,47.031782],[82.9617701,47.0317588],[82.961719228,47.031782],[82.9617253,47.031782]]],[[[82.961751354,47.0317442],[82.9617701,47.0317588],[82.9617582,47.0317442],[82.961751354,47.0317442]]],[[[82.9626464,47.0327059],[82.9627203,47.0326945],[82.9627536,47.0326424],[82.9626226,47.0327124],[82.9626464,47.0327059]]],[[[82.9627419,47.0327725],[82.9627133,47.032753],[82.962646857,47.032738788],[82.9627182,47.0328164],[82.9627419,47.0327725]]],[[[82.962714886,47.032609767],[82.9627536,47.0326424],[82.9627154,47.03261],[82.962714886,47.032609767]]],[[[82.9629997,47.0328958],[82.9629662,47.0328324],[82.9627182,47.0328164],[82.963041508,47.032934005],[82.9629997,47.0328958]]],[[[82.9631668,47.0329574],[82.9631286,47.0329623],[82.963058817,47.032940301],[82.963162198,47.032977906],[82.9631668,47.0329574]]],[[[82.963221142,47.032999347],[82.9632617,47.0330141],[82.9632384,47.0330012],[82.963221142,47.032999347]]],[[[82.963292555,47.0331067],[82.9633167,47.033092],[82.963278637,47.033064931],[82.963292555,47.0331067]]],[[[82.9633264,47.0331896],[82.963320069,47.033189273],[82.963340319,47.033250045],[82.9633503,47.0332123],[82.9633264,47.0331896]]],[[[82.963389079,47.033212499],[82.963396112,47.033200084],[82.9633909,47.0332058],[82.963389079,47.033212499]]],[[[82.963417458,47.033162404],[82.9634408,47.0331212],[82.9634217,47.0331358],[82.963417458,47.033162404]]],[[[82.9635123,47.0330886],[82.9634789,47.0331082],[82.9634408,47.0331212],[82.963564212,47.033128171],[82.9635123,47.0330886]]],[[[82.963704995,47.033155293],[82.9637056,47.0331518],[82.9636674,47.033134],[82.963704995,47.033155293]]],[[[82.9638082,47.0332054],[82.96378685,47.033201654],[82.963837426,47.033230299],[82.9638393,47.0332265],[82.9638082,47.0332054]]],[[[82.9639419,47.0332654],[82.963907421,47.033269942],[82.9639706,47.0332881],[82.9639419,47.0332654]]],[[[82.964404,47.0335382],[82.964306433,47.033495934],[82.964494043,47.033602192],[82.9644637,47.0335658],[82.964404,47.0335382]]],[[[82.9651728,47.0339423],[82.9650796,47.033892],[82.965010687,47.033894808],[82.965231298,47.034019757],[82.9651728,47.0339423]]],[[[82.9653208,47.0340559],[82.965301104,47.034059293],[82.965357191,47.03409106],[82.9653543,47.0340754],[82.9653208,47.0340559]]],[[[82.965414759,47.034123665],[82.965436879,47.034136193],[82.9654404,47.0341314],[82.9654261,47.03412],[82.965414759,47.034123665]]],[[[82.965506144,47.034189259],[82.9655169,47.0341849],[82.9655001,47.034172],[82.965506144,47.034189259]]],[[[82.965519401,47.034227115],[82.965545656,47.034302087],[82.9655839,47.0343035],[82.9656029,47.0342775],[82.965519401,47.034227115]]],[[[82.965559882,47.034342712],[82.9655672,47.0343377],[82.965556202,47.034332201],[82.965559882,47.034342712]]],[[[82.965580847,47.034402575],[82.965613821,47.034496736],[82.9656389,47.0343961],[82.965580847,47.034402575]]],[[[82.9656989,47.0346009],[82.9656702,47.0345587],[82.9656344,47.0345555],[82.965725681,47.034640091],[82.9656989,47.0346009]]],[[[82.965749992,47.034662621],[82.965770749,47.034681856],[82.9657825,47.0346626],[82.965727762,47.03464202],[82.965749992,47.034662621]]],[[[82.9659074,47.034755],[82.9658955,47.0347389],[82.965828673,47.034735536],[82.965884201,47.034786994],[82.9659074,47.034755]]],[[[82.9660187,47.0348805],[82.9659737,47.0348145],[82.96590691,47.034808039],[82.9660424,47.0349336],[82.9660187,47.0348805]]],[[[82.9660754,47.0348482],[82.9660588,47.0348579],[82.966072524,47.034910327],[82.9661321,47.0348643],[82.9660754,47.0348482]]],[[[82.9661066,47.0351075],[82.9661561,47.0350737],[82.966113228,47.035044288],[82.9661066,47.0351075]]],[[[82.9667015,47.035543],[82.9662981,47.035138],[82.9661066,47.0351075],[82.966700408,47.035565294],[82.9667015,47.035543]]],[[[82.966116435,47.035013701],[82.9661418,47.0349948],[82.9661321,47.0348643],[82.966116435,47.035013701]]],[[[82.9667682,47.0358586],[82.9667161,47.035791],[82.9666736,47.035783],[82.966774651,47.035895615],[82.9667682,47.0358586]]],[[[82.9667302,47.0357411],[82.9667844,47.0356862],[82.9667654,47.0356154],[82.966695842,47.035742393],[82.9667302,47.0357411]]],[[[82.966788787,47.035911369],[82.966805482,47.035929975],[82.966805706,47.035930224],[82.9668014,47.0359165],[82.966788787,47.035911369]]],[[[82.9669182,47.0366511],[82.9669177,47.0363821],[82.9668183,47.0363291],[82.966897624,47.036637732],[82.9669182,47.0366511]]],[[[82.9668585,47.0363226],[82.9669457,47.0362114],[82.966889235,47.03611175],[82.9668183,47.0363291],[82.9668585,47.0363226]]],[[[82.966896692,47.036031623],[82.9669104,47.0360469],[82.9669009,47.0360324],[82.966896692,47.036031623]]],[[[82.966917465,47.036714929],[82.9669278,47.0367204],[82.9669302,47.0367075],[82.966913959,47.036701286],[82.966917465,47.036714929]]],[[[82.966941144,47.036807057],[82.966943231,47.036815179],[82.9669682,47.0367976],[82.966934896,47.036782749],[82.966941144,47.036807057]]],[[[82.96696185,47.03688762],[82.9669753,47.0368508],[82.966949482,47.0368395],[82.96696185,47.03688762]]],[[[82.9670694,47.0371537],[82.9670339,47.0371376],[82.966996546,47.037022611],[82.9670435,47.0372053],[82.9670694,47.0371537]]],[[[82.9671571,47.0372841],[82.9671215,47.0372133],[82.9670435,47.0372053],[82.96712967,47.03729655],[82.9671571,47.0372841]]],[[[82.9673276,47.0374981],[82.967314852,47.037492649],[82.967375841,47.037557233],[82.9673655,47.0375223],[82.9673276,47.0374981]]],[[[82.967425758,47.037727162],[82.9674259,47.0377108],[82.967423481,47.037709567],[82.967425758,47.037727162]]],[[[82.9675138,47.0379394],[82.9674499,47.0379137],[82.967593222,47.038011607],[82.9675871,47.0379941],[82.9675138,47.0379394]]],[[[82.967928453,47.038240613],[82.9679501,47.0382554],[82.9679312,47.038241],[82.967928453,47.038240613]]],[[[82.96796015,47.038460173],[82.967961817,47.038494136],[82.967986,47.0384358],[82.967958836,47.038433393],[82.96796015,47.038460173]]],[[[82.9679887,47.0386049],[82.9679909,47.0385292],[82.967962156,47.038501042],[82.967970149,47.03866392],[82.9679887,47.0386049]]],[[[82.967974033,47.038743058],[82.9679747,47.038737],[82.96797368,47.03873586],[82.967974033,47.038743058]]],[[[82.967977669,47.038817128],[82.9679851,47.0388044],[82.967976582,47.03879498],[82.967977669,47.038817128]]],[[[82.9680138,47.0389396],[82.9680185,47.0389219],[82.967981567,47.038896557],[82.9679855,47.0389767],[82.9680138,47.0389396]]],[[[82.9682219,47.0390409],[82.968146573,47.03905208],[82.968294814,47.039121455],[82.968274,47.0390666],[82.9682219,47.0390409]]],[[[82.96844446,47.046796697],[82.9684514,47.0467928],[82.968449247,47.046769866],[82.968447864,47.046777619],[82.96844446,47.046796697]]],[[[82.968496,47.0465239],[82.9684984,47.0464944],[82.968492811,47.046525724],[82.968496,47.0465239]]],[[[82.9688264,47.0411031],[82.9686757,47.0407425],[82.9684982,47.040609],[82.968808648,47.041152119],[82.9688264,47.0411031]]],[[[82.96852483,47.0392291],[82.9685556,47.0392435],[82.9685319,47.0392291],[82.96852483,47.0392291]]],[[[82.9685488,47.0398099],[82.96864,47.0396714],[82.968551146,47.039614493],[82.9685488,47.0398099]]],[[[82.9685488,47.0398099],[82.9687319,47.0399326],[82.9687242,47.0399015],[82.9685488,47.0398099]]],[[[82.968552086,47.039536166],[82.9685912,47.0395124],[82.9685816,47.0394802],[82.968552712,47.039484093],[82.968552086,47.039536166]]],[[[82.968555326,47.039266287],[82.968558,47.0392629],[82.9685556,47.0392435],[82.968555326,47.039266287]]],[[[82.9686384,47.0480262],[82.9687119,47.0479915],[82.9687772,47.0478537],[82.968568666,47.04805892],[82.9686384,47.0480262]]],[[[82.9686797,47.0400841],[82.968605243,47.039976471],[82.9686777,47.0402323],[82.968668,47.0401405],[82.9686797,47.0400841]]],[[[82.9687236,47.0477516],[82.9686447,47.0476427],[82.968605359,47.047617891],[82.9687772,47.0478537],[82.9687236,47.0477516]]],[[[82.968656,47.0403222],[82.9686777,47.0402323],[82.968622272,47.040348621],[82.968656,47.0403222]]],[[[82.9688241,47.0482302],[82.96872,47.0481991],[82.968629602,47.048182141],[82.9689031,47.0483668],[82.9688241,47.0482302]]],[[[82.9687332,47.0420336],[82.9687357,47.0420094],[82.968635655,47.041961104],[82.968730448,47.04208805],[82.9687332,47.0420336]]],[[[82.968793,47.0488032],[82.9687216,47.0486787],[82.9686454,47.0486666],[82.968867,47.0489779],[82.968793,47.0488032]]],[[[82.9686597,47.0415341],[82.968666525,47.04151665],[82.96865518,47.041539592],[82.9686597,47.0415341]]],[[[82.9691054,47.042495],[82.9689062,47.0422186],[82.968748134,47.042111734],[82.969119023,47.04260842],[82.9691054,47.042495]]],[[[82.9687659,47.0413333],[82.968780148,47.041286887],[82.96875234,47.041343119],[82.9687659,47.0413333]]],[[[82.9688266,47.0412017],[82.9688291,47.0411879],[82.968821722,47.04120282],[82.9688266,47.0412017]]],[[[82.9688783,47.0434977],[82.9689189,47.0434803],[82.968893497,47.043414758],[82.968844652,47.043513446],[82.9688783,47.0434977]]],[[[82.9690032,47.0442154],[82.9689803,47.0442051],[82.968950322,47.044214548],[82.968997412,47.044237977],[82.9690032,47.0442154]]],[[[82.969005541,47.043188376],[82.9690322,47.0431744],[82.969025,47.043149059],[82.9690186,47.04316199],[82.969005541,47.043188376]]],[[[82.969009861,47.044371781],[82.9690137,47.0443694],[82.969018673,47.044356416],[82.969013206,47.044365949],[82.969009861,47.044371781]]],[[[82.969030956,47.044254666],[82.9690668,47.0442725],[82.9690515,47.0442534],[82.969030956,47.044254666]]],[[[82.9690448,47.0431138],[82.969169,47.0430341],[82.9692234,47.0427482],[82.969040672,47.043117395],[82.9690448,47.0431138]]],[[[82.9690772,47.0443832],[82.969056357,47.044406127],[82.9691432,47.0444022],[82.9691127,47.0443797],[82.9690772,47.0443832]]],[[[82.9690732,47.0448002],[82.9690935,47.0447864],[82.969079066,47.044766846],[82.9690732,47.0448002]]],[[[82.96908192,47.044750623],[82.9691163,47.0447344],[82.969091116,47.044698336],[82.969087118,47.044721067],[82.96908192,47.044750623]]],[[[82.9692461,47.0448814],[82.9692384,47.0448399],[82.969108135,47.04483243],[82.9692437,47.0449575],[82.9692461,47.0448814]]],[[[82.969129385,47.04448075],[82.9691332,47.0444731],[82.969132103,47.044465293],[82.969129385,47.04448075]]],[[[82.969143885,47.042641715],[82.9692234,47.0427482],[82.9691852,47.0426877],[82.969143885,47.042641715]]],[[[82.9691652,47.0450631],[82.969182237,47.045031433],[82.969152736,47.045066919],[82.9691652,47.0450631]]],[[[82.9692311,47.0449904],[82.9692437,47.0449575],[82.969184054,47.045029247],[82.9692311,47.0449904]]],[[[82.969604,47.0492087],[82.9694583,47.0490621],[82.9692682,47.0489792],[82.9696701,47.0492674],[82.969604,47.0492087]]],[[[82.9696701,47.0492674],[82.969794752,47.049302308],[82.9697616,47.0492881],[82.9696701,47.0492674]]],[[[82.9703923,47.0494512],[82.9701426,47.049331],[82.969896731,47.049330867],[82.970569181,47.049519182],[82.9703923,47.0494512]]],[[[82.970959511,47.049628492],[82.9711238,47.0496745],[82.9710146,47.0496365],[82.970959511,47.049628492]]],[[[82.971495,47.0498852],[82.9713958,47.0497988],[82.9711238,47.0496745],[82.971561751,47.049961313],[82.971495,47.0498852]]],[[[82.973945569,47.050396879],[82.9740899,47.0504177],[82.9739934,47.0503953],[82.973945569,47.050396879]]],[[[82.9743812,47.0507081],[82.9743061,47.0505957],[82.9740899,47.0504177],[82.974345376,47.050776481],[82.9743812,47.0507081]]],[[[82.9749487,47.0515934],[82.9748369,47.0513037],[82.974669454,47.051231603],[82.9750022,47.0516989],[82.9749487,47.0515934]]],[[[82.975142,47.0517731],[82.9750835,47.0517196],[82.9750022,47.0516989],[82.975183943,47.051808119],[82.975142,47.0517731]]],[[[82.9756264,47.052029],[82.9754484,47.051908],[82.975237138,47.051840087],[82.975648547,47.052087326],[82.9756264,47.052029]]],[[[82.9755743,47.0525861],[82.975597,47.0525463],[82.975584121,47.052533646],[82.9755667,47.052619],[82.9755743,47.0525861]]],[[[82.9756977,47.052915],[82.9756085,47.0527663],[82.9755667,47.052619],[82.975675319,47.053012716],[82.9756977,47.052915]]],[[[82.9757643,47.0531969],[82.975709005,47.053134819],[82.9757543,47.053299],[82.9757441,47.0532437],[82.9757643,47.0531969]]],[[[82.9757427,47.0535937],[82.975781192,47.053636554],[82.9757706,47.0536162],[82.9757427,47.0535937]]],[[[82.9758128,47.0533232],[82.9757848,47.0533111],[82.9757543,47.053299],[82.975805479,47.053351368],[82.9758128,47.0533232]]],[[[82.9759589,47.0537907],[82.97588,47.0536835],[82.975790283,47.053646674],[82.975988988,47.053867895],[82.9759589,47.0537907]]],[[[82.9759404,47.0534499],[82.9758998,47.0534274],[82.975870957,47.053418367],[82.9759609,47.0535104],[82.9759404,47.0534499]]],[[[82.9759381,47.0535243],[82.9759609,47.0535104],[82.975931955,47.05352145],[82.9759381,47.0535243]]],[[[82.9761019,47.0541314],[82.9760765,47.0541349],[82.9760333,47.0541004],[82.976116284,47.054168606],[82.9761019,47.0541314]]],[[[82.9761094,47.0540639],[82.9761347,47.0540535],[82.9761169,47.0540103],[82.976072835,47.054057791],[82.9761094,47.0540639]]],[[[82.9765273,47.0544502],[82.9763417,47.0543534],[82.976138234,47.054186647],[82.9765325,47.0545107],[82.9765273,47.0544502]]],[[[82.976652,47.0545659],[82.976623297,47.054557142],[82.976756966,47.054625513],[82.9767511,47.0546212],[82.976652,47.0545659]]],[[[82.9768756,47.0546488],[82.9768502,47.0546194],[82.97678809,47.054641433],[82.976931823,47.054714952],[82.9768756,47.0546488]]],[[[82.976967628,47.054733266],[82.977020804,47.054760465],[82.9769976,47.0547332],[82.976967628,47.054733266]]],[[[82.977196473,47.054850319],[82.977394367,47.054951541],[82.9774069,47.0549439],[82.977038065,47.054769294],[82.977196473,47.054850319]]],[[[82.977484132,47.054997455],[82.9775112,47.0550113],[82.9774934,47.054994],[82.977484132,47.054997455]]],[[[82.9775391,47.0549853],[82.9775112,47.0550113],[82.977616166,47.054997135],[82.9775822,47.0549541],[82.9775391,47.0549853]]],[[[82.9777664,47.0549487],[82.9776533,47.0549385],[82.977628963,47.054995409],[82.977871264,47.054962711],[82.9777664,47.0549487]]],[[[82.9788226,47.0548231],[82.9787465,47.0548405],[82.978741614,47.054845262],[82.978889399,47.054825319],[82.9788226,47.0548231]]],[[[82.97907211,47.054800664],[82.979155482,47.054789413],[82.9790891,47.0547895],[82.97907211,47.054800664]]],[[[82.979249,47.0547616],[82.979171953,47.05478719],[82.9794268,47.0547528],[82.9793354,47.0547477],[82.979249,47.0547616]]],[[[82.9797318,47.0548788],[82.9796987,47.054846],[82.97948953,47.054789063],[82.979769933,47.05495116],[82.9797318,47.0548788]]],[[[82.9800693,47.0550815],[82.9800667,47.0550348],[82.979939727,47.055049315],[82.980050761,47.055113502],[82.9800693,47.0550815]]],[[[82.980383561,47.055305889],[82.98047186,47.055356933],[82.980416,47.0553132],[82.980383561,47.055305889]]],[[[82.9807262,47.0554634],[82.9806652,47.0554687],[82.980873585,47.055513606],[82.9808278,47.055491],[82.9807262,47.0554634]]],[[[82.981156019,47.055574468],[82.981255526,47.055595912],[82.981209,47.0555806],[82.981156019,47.055574468]]],[[[82.9815087,47.055650469],[82.981552,47.0556598],[82.9815113,47.0556495],[82.9815087,47.055650469]]],[[[82.981567882,47.055702905],[82.9815774,47.0556858],[82.981552,47.0556598],[82.981567882,47.055702905]]],[[[82.981682,47.0558967],[82.9816515,47.0558604],[82.981621413,47.055848192],[82.981665897,47.055968926],[82.981682,47.0558967]]],[[[82.981752393,47.056203683],[82.9817526,47.0562034],[82.981751853,47.056202219],[82.981752393,47.056203683]]],[[[82.981784126,47.05628981],[82.9818416,47.0562691],[82.981761565,47.056228576],[82.981784126,47.05628981]]],[[[82.981852584,47.056475611],[82.981874638,47.056535466],[82.9819005,47.0564974],[82.981852584,47.056475611]]],[[[82.981969274,47.056643432],[82.982029242,47.056659521],[82.9820151,47.0566461],[82.981969274,47.056643432]]],[[[82.9827705,47.056849],[82.9826612,47.0568232],[82.982639388,47.056823219],[82.982842429,47.056877693],[82.9827705,47.056849]]],[[[82.9830043,47.0569197],[82.982872923,47.056885875],[82.9831466,47.0569593],[82.9830856,47.0569352],[82.9830043,47.0569197]]],[[[82.9836272,47.0572391],[82.9835458,47.0571787],[82.983489007,47.057169682],[82.983683748,47.057289335],[82.9836272,47.0572391]]],[[[82.9838739,47.0573998],[82.983854791,47.057394427],[82.983936597,47.05744469],[82.9839179,47.0574313],[82.9838739,47.0573998]]],[[[82.9844493,47.0576816],[82.9843527,47.0576679],[82.984042467,47.057509739],[82.9844545,47.0577629],[82.9844493,47.0576816]]],[[[82.9846222,47.0577679],[82.9845993,47.0577645],[82.984552488,47.05779033],[82.984645775,47.057816445],[82.9846222,47.0577679]]],[[[82.985002479,47.0579163],[82.985095,47.0579422],[82.9850238,47.0579163],[82.985002479,47.0579163]]],[[[82.98533,47.0582576],[82.98534,47.0582057],[82.985095,47.0579422],[82.985305161,47.058263771],[82.98533,47.0582576]]],[[[82.985367613,47.05835933],[82.9854064,47.0583423],[82.985341586,47.058319506],[82.985367613,47.05835933]]],[[[82.9855008,47.0585238],[82.9855107,47.0584235],[82.985381636,47.058380787],[82.9855034,47.0585671],[82.9855008,47.0585238]]],[[[82.9856863,47.0585911],[82.9855592,47.0585532],[82.9855034,47.0585671],[82.98569193,47.05864557],[82.9856863,47.0585911]]],[[[82.9859075,47.0586947],[82.9858287,47.0586654],[82.985744396,47.058667408],[82.985908195,47.058735585],[82.9859075,47.0586947]]],[[[82.9863006,47.0588703],[82.9860853,47.0587118],[82.98596936,47.058761043],[82.9863109,47.0589032],[82.9863006,47.0588703]]],[[[82.9864733,47.0588649],[82.9864047,47.0588494],[82.9863109,47.0589032],[82.986557918,47.058893333],[82.9864733,47.0588649]]],[[[82.986661566,47.059059166],[82.9867098,47.0589771],[82.9866689,47.0588889],[82.986661566,47.059059166]]],[[[82.9867839,47.0591985],[82.986761247,47.059200652],[82.986804244,47.059214312],[82.9868043,47.0592141],[82.9867839,47.0591985]]],[[[82.9869035,47.0592711],[82.9868958,47.0592434],[82.986910197,47.05929558],[82.9869035,47.0592711]]],[[[82.986927271,47.05935746],[82.986936701,47.059391636],[82.9869773,47.0593523],[82.986925411,47.059350719],[82.986927271,47.05935746]]],[[[82.9871479,47.0595166],[82.9872189,47.0594767],[82.986965,47.0594942],[82.987164833,47.059558985],[82.9871479,47.0595166]]],[[[82.9872724,47.0595511],[82.9872216,47.0595425],[82.987166591,47.059559555],[82.987237166,47.059582435],[82.9872724,47.0595511]]],[[[82.987367459,47.059643545],[82.9873717,47.0596392],[82.9873589,47.0596219],[82.987367459,47.059643545]]],[[[82.9876291,47.0602304],[82.9876062,47.0600092],[82.987425401,47.059790072],[82.9876344,47.0603186],[82.9876291,47.0602304]]],[[[82.9878812,47.0605052],[82.9879066,47.0604983],[82.98789898,47.060474974],[82.9878609,47.0605226],[82.9878812,47.0605052]]],[[[82.9882797,47.0609085],[82.9882909,47.060856],[82.9878609,47.0605226],[82.988258323,47.060940854],[82.9882797,47.0609085]]],[[[82.9879268,47.0604516],[82.9879343,47.0604308],[82.987917669,47.0604516],[82.9879268,47.0604516]]],[[[82.9883867,47.0610295],[82.9884171,47.0609879],[82.9882788,47.060962404],[82.9884428,47.061135],[82.9883867,47.0610295]]],[[[82.988591619,47.061136953],[82.988616629,47.061137281],[82.988648589,47.061137701],[82.9886155,47.0611278],[82.988591619,47.061136953]]],[[[82.988713009,47.061138546],[82.988762818,47.0611392],[82.9887577,47.0611277],[82.988713009,47.061138546]]],[[[82.9888644,47.0611172],[82.988850863,47.061140355],[82.988938035,47.061141499],[82.9889075,47.0611171],[82.9888644,47.0611172]]],[[[82.9893114,47.0611271],[82.9891437,47.0610754],[82.989022284,47.061142605],[82.9894105,47.0611477],[82.9893114,47.0611271]]],[[[82.9894385,47.0611633],[82.9894105,47.0611477],[82.989449834,47.06120032],[82.9894487,47.0611875],[82.9894385,47.0611633]]],[[[82.9895609,47.0613471],[82.989558776,47.061346062],[82.9896577,47.0614784],[82.9896424,47.0614387],[82.9895609,47.0613471]]],[[[82.989838,47.0614558],[82.989747141,47.061488026],[82.9899448,47.0615093],[82.9899016,47.0614903],[82.989838,47.0614558]]],[[[82.9900033,47.061549],[82.9899448,47.0615093],[82.990004892,47.061600162],[82.9900033,47.061549]]],[[[82.9901639,47.0617945],[82.9901968,47.0617183],[82.990040081,47.06165337],[82.990158771,47.061832836],[82.9901639,47.0617945]]],[[[82.9902962,47.0618601],[82.9901895,47.0618793],[82.9904106,47.0619067],[82.9903369,47.0618964],[82.9902962,47.0618601]]],[[[82.990413599,47.061989494],[82.9904386,47.0619482],[82.9904106,47.0619067],[82.990413599,47.061989494]]],[[[82.990415537,47.062042989],[82.9904164,47.0620668],[82.990416,47.0620434],[82.990415537,47.062042989]]],[[[82.9908563,47.0622878],[82.9908027,47.062191],[82.9904164,47.0620668],[82.9909631,47.0623482],[82.9908563,47.0622878]]],[[[82.9913823,47.0623737],[82.9913491,47.0622976],[82.9909631,47.0623482],[82.991353496,47.062392653],[82.9913823,47.0623737]]],[[[82.991649,47.0624097],[82.9915474,47.0623856],[82.991442202,47.062402753],[82.991645365,47.062425887],[82.991649,47.0624097]]],[[[82.991725885,47.062502285],[82.9917686,47.0624719],[82.9917456,47.0624373],[82.991725885,47.062502285]]],[[[82.9919493,47.0626378],[82.9918096,47.0626206],[82.991757565,47.062591473],[82.991932705,47.06269555],[82.9919493,47.0626378]]],[[[82.9920759,47.0629342],[82.992121617,47.062994139],[82.9921166,47.0629601],[82.9920759,47.0629342]]],[[[82.9921012,47.0628961],[82.9921341,47.0628719],[82.9921391,47.0628182],[82.992094728,47.062899642],[82.9921012,47.0628961]]],[[[82.992113088,47.062802743],[82.9921391,47.0628182],[82.9921263,47.0628009],[82.992113088,47.062802743]]],[[[82.99213179,47.063007476],[82.99217381,47.063062568],[82.992123494,47.062996599],[82.99213179,47.063007476]]],[[[82.992474562,47.063642817],[82.992477481,47.063669102],[82.992471267,47.063613141],[82.992474562,47.063642817]]],[[[82.992621951,47.063728389],[82.992692,47.0637421],[82.9926513,47.0637283],[82.992621951,47.063728389]]],[[[82.9927614,47.0679197],[82.9928249,47.0678989],[82.992879,47.0676922],[82.9927107,47.0679423],[82.9927614,47.0679197]]],[[[82.9927604,47.0649804],[82.9927983,47.0649095],[82.992786148,47.064894573],[82.9927223,47.0650047],[82.9927604,47.0649804]]],[[[82.992856,47.0681584],[82.9928405,47.0680356],[82.992728482,47.067981648],[82.992833028,47.068212995],[82.992856,47.0681584]]],[[[82.9931925,47.0655092],[82.9931822,47.065447],[82.992789673,47.065087827],[82.99316046,47.065545312],[82.9931925,47.0655092]]],[[[82.992799921,47.067130356],[82.992812652,47.067113601],[82.9927989,47.0671231],[82.992799921,47.067130356]]],[[[82.992808386,47.067190499],[82.9928193,47.0671715],[82.992800569,47.067134955],[82.992808386,47.067190499]]],[[[82.992852959,47.067507181],[82.9928783,47.0673704],[82.992830602,47.06734834],[82.992852959,47.067507181]]],[[[82.992862392,47.068277975],[82.992954029,47.068480755],[82.992839855,47.068228104],[82.992862392,47.068277975]]],[[[82.992869711,47.067626205],[82.9928813,47.0675936],[82.992861511,47.067567945],[82.992869711,47.067626205]]],[[[82.992922931,47.064084917],[82.992934146,47.064101567],[82.9929341,47.0640879],[82.992922931,47.064084917]]],[[[82.9929686,47.068513],[82.99303589,47.068542033],[82.9930245,47.0685215],[82.9929686,47.068513]]],[[[82.9929923,47.0690879],[82.9930251,47.0690325],[82.993071813,47.068884314],[82.9929796,47.069119],[82.9929923,47.0690879]]],[[[82.992993205,47.069183785],[82.9930008,47.0691595],[82.9929796,47.069119],[82.992993205,47.069183785]]],[[[82.9931336,47.06945],[82.9930572,47.0693896],[82.992993221,47.069183862],[82.99307459,47.069571347],[82.9931336,47.06945]]],[[[82.9931215,47.0664943],[82.9931113,47.0664683],[82.9930299,47.0664425],[82.993076141,47.066570221],[82.9931215,47.0664943]]],[[[82.993034262,47.066100279],[82.993156,47.0660548],[82.993161,47.0660375],[82.993134748,47.066012976],[82.993034262,47.066100279]]],[[[82.9930482,47.0642569],[82.993035782,47.064252444],[82.9931017,47.0643503],[82.9930686,47.064288],[82.9930482,47.0642569]]],[[[82.9930436,47.0644507],[82.9930842,47.0644281],[82.9931017,47.0643503],[82.993043457,47.06445076],[82.9930436,47.0644507]]],[[[82.9930982,47.0669393],[82.9931388,47.0669289],[82.9931808,47.0668593],[82.993062707,47.066940874],[82.9930982,47.0669393]]],[[[82.993096,47.0696733],[82.9931035,47.0696248],[82.993078741,47.069591111],[82.993096,47.0696733]]],[[[82.993082627,47.068856792],[82.9930933,47.0688386],[82.99309586,47.068823113],[82.993084141,47.068852939],[82.993082627,47.068856792]]],[[[82.9931332,47.0685583],[82.993088892,47.068564901],[82.9931816,47.0686049],[82.9931586,47.0685721],[82.9931332,47.0685583]]],[[[82.9932744,47.0698945],[82.9932055,47.0697579],[82.993096,47.0696733],[82.993242895,47.069969215],[82.9932744,47.0698945]]],[[[82.9931821,47.0663627],[82.9932404,47.0663073],[82.9932429,47.0662692],[82.993121338,47.066368104],[82.9931821,47.0663627]]],[[[82.993134316,47.06872524],[82.9931792,47.0686828],[82.993158631,47.068663358],[82.993134316,47.06872524]]],[[[82.993162171,47.066218577],[82.993173857,47.066225904],[82.9931691,47.0662208],[82.993162171,47.066218577]]],[[[82.9931766,47.0686326],[82.9931816,47.0686049],[82.993168897,47.068637229],[82.9931766,47.0686326]]],[[[82.993186,47.0659695],[82.993190292,47.06596472],[82.993184896,47.065969408],[82.993186,47.0659695]]],[[[82.993239711,47.065837768],[82.9932466,47.0658293],[82.993240531,47.065814187],[82.993240211,47.065823383],[82.993239711,47.065837768]]],[[[82.993242789,47.065749226],[82.9932564,47.0656995],[82.9932462,47.0656511],[82.993242789,47.065749226]]],[[[82.9935572,47.0704153],[82.9934182,47.0701051],[82.993285584,47.070055211],[82.9935245,47.0705365],[82.9935572,47.0704153]]],[[[82.993932,47.070838],[82.9938861,47.0707654],[82.993700848,47.070679851],[82.994003012,47.070925475],[82.993932,47.070838]]],[[[82.9941228,47.0709866],[82.9940745,47.070952],[82.994004388,47.070926594],[82.994166345,47.071058246],[82.9941228,47.0709866]]],[[[82.994243631,47.071121071],[82.9943673,47.0712216],[82.9943087,47.0711577],[82.994243631,47.071121071]]],[[[82.9945674,47.0721216],[82.9945545,47.0720438],[82.9943259,47.0719121],[82.99463005,47.072226209],[82.9945674,47.0721216]]],[[[82.994354958,47.071427457],[82.9943981,47.0713496],[82.9943673,47.0712216],[82.994354958,47.071427457]]],[[[82.994790215,47.072391618],[82.994838719,47.072441711],[82.9948069,47.0723965],[82.994790215,47.072391618]]],[[[82.9949928,47.0725918],[82.994971974,47.072579328],[82.995031116,47.072640407],[82.995031,47.0726402],[82.9949928,47.0725918]]],[[[82.9957165,47.0746406],[82.9956299,47.0745542],[82.9957905,47.0747841],[82.9957318,47.0746891],[82.9957165,47.0746406]]],[[[82.9959108,47.07413],[82.9958625,47.074111],[82.995829143,47.074099728],[82.9959389,47.0741974],[82.9959108,47.07413]]],[[[82.9958658,47.0737747],[82.9959395,47.0737729],[82.9959521,47.0737313],[82.995848504,47.073752494],[82.9958658,47.0737747]]],[[[82.995864003,47.073870447],[82.9958899,47.0739034],[82.9958771,47.0738722],[82.995864003,47.073870447]]],[[[82.9958705,47.0742788],[82.9959289,47.0742407],[82.9959389,47.0741974],[82.995868402,47.074278804],[82.9958705,47.0742788]]],[[[82.995919511,47.073658882],[82.9959521,47.0737313],[82.9959342,47.0736777],[82.995919511,47.073658882]]],[[[82.996152,47.0749084],[82.996119814,47.074908441],[82.9962614,47.0749619],[82.9962257,47.0749291],[82.996152,47.0749084]]],[[[82.9964478,47.0753392],[82.996435,47.0752873],[82.9962339,47.0751488],[82.996438967,47.075393658],[82.9964478,47.0753392]]],[[[82.996254465,47.075009035],[82.9962615,47.0749983],[82.9962614,47.0749619],[82.996254465,47.075009035]]],[[[82.9967276,47.0761108],[82.9966995,47.0760468],[82.9965773,47.0759431],[82.996746962,47.076153118],[82.9967276,47.0761108]]],[[[82.996600278,47.075843306],[82.9966547,47.0757853],[82.9966467,47.0756417],[82.996600278,47.075843306]]],[[[82.9969533,47.0768235],[82.9969353,47.0767647],[82.9967822,47.0765935],[82.996952702,47.076862947],[82.9969533,47.0768235]]],[[[82.9967822,47.0765935],[82.9968405,47.0765415],[82.996799681,47.076451172],[82.9967822,47.0765935]]],[[[82.9968251,47.0773929],[82.9968505,47.0773669],[82.996838136,47.077315374],[82.9968023,47.0774172],[82.9968251,47.0773929]]],[[[82.9968071,47.0764204],[82.9968528,47.0763927],[82.9968245,47.0762491],[82.996802796,47.076425808],[82.9968071,47.0764204]]],[[[82.9972051,47.0778196],[82.9971005,47.0776554],[82.996821071,47.077439728],[82.997173947,47.077863231],[82.9972051,47.0778196]]],[[[82.9969287,47.0771419],[82.9969666,47.0770779],[82.996941908,47.077020514],[82.99689105,47.077165024],[82.9969287,47.0771419]]],[[[82.9969789,47.076936],[82.9969814,47.0769083],[82.996969635,47.07694173],[82.9969789,47.076936]]],[[[82.997211299,47.079773468],[82.9972204,47.0797628],[82.997219629,47.079760715],[82.997215234,47.079767444],[82.997211299,47.079773468]]],[[[82.9972917,47.079703],[82.9973176,47.0796698],[82.997303902,47.079631687],[82.997253943,47.079708178],[82.9972917,47.079703]]],[[[82.997526216,47.080504604],[82.9975589,47.0805457],[82.9975295,47.080506],[82.997526216,47.080504604]]],[[[82.9975733,47.0791459],[82.9975885,47.0790975],[82.997574669,47.079066598],[82.997531449,47.079196511],[82.9975733,47.0791459]]],[[[82.9979562,47.0814101],[82.9978494,47.0811908],[82.997678886,47.081048612],[82.9979304,47.0814478],[82.9979562,47.0814101]]],[[[82.9977011,47.0780492],[82.997738805,47.078118478],[82.9977291,47.0780768],[82.9977011,47.0780492]]],[[[82.9977321,47.0786353],[82.9978054,47.0785696],[82.997761141,47.078506095],[82.997715045,47.078644652],[82.9977321,47.0786353]]],[[[82.9984373,47.081666],[82.9981805,47.0814983],[82.9979304,47.0814478],[82.998569043,47.081765815],[82.9984373,47.081666]]],[[[82.998622338,47.082883199],[82.9986274,47.0828409],[82.9985916,47.0828277],[82.998622338,47.082883199]]],[[[82.99864,47.0826972],[82.9986626,47.0826419],[82.998658627,47.08260412],[82.998624857,47.082716767],[82.99864,47.0826972]]],[[[82.998687162,47.083000242],[82.998697183,47.083018335],[82.998679568,47.08298653],[82.998687162,47.083000242]]],[[[82.9986955,47.0861339],[82.9987247,47.086103],[82.998698279,47.086046384],[82.9986955,47.0861339]]],[[[82.9991121,47.0869308],[82.9988942,47.0863746],[82.9986955,47.0861339],[82.999116255,47.087007231],[82.9991121,47.0869308]]],[[[82.9987004,47.0845158],[82.9987879,47.0844472],[82.998742299,47.084389386],[82.9987004,47.0845158]]],[[[82.998700605,47.085973136],[82.9987241,47.0859018],[82.998704095,47.085863252],[82.998700605,47.085973136]]],[[[82.998706479,47.085788182],[82.9987452,47.0857536],[82.9987094,47.0856962],[82.998706479,47.085788182]]],[[[82.998732529,47.083082154],[82.998740272,47.083096135],[82.998717343,47.083054735],[82.998732529,47.083082154]]],[[[82.998734091,47.084579997],[82.998756798,47.084623265],[82.9987591,47.0846042],[82.998734091,47.084579997]]],[[[82.998749586,47.08213169],[82.998751581,47.08213766],[82.998743942,47.082114808],[82.998749586,47.08213169]]],[[[82.9988492,47.0832584],[82.9988002,47.0831502],[82.99875216,47.083117598],[82.998877961,47.083344739],[82.9988492,47.0832584]]],[[[82.9987908,47.0843123],[82.998849,47.0842349],[82.99881707,47.084163791],[82.998757912,47.084342278],[82.9987908,47.0843123]]],[[[82.998794093,47.085532567],[82.9988096,47.0855192],[82.998809535,47.085502732],[82.998794093,47.085532567]]],[[[82.998857,47.0850284],[82.9989349,47.0850283],[82.9989543,47.0849996],[82.9988018,47.0850152],[82.998857,47.0850284]]],[[[82.998824723,47.084752695],[82.998848353,47.08479772],[82.9988791,47.0847786],[82.998801981,47.08470936],[82.998824723,47.084752695]]],[[[82.9988742,47.0854174],[82.998876396,47.085373552],[82.998839611,47.085444623],[82.9988742,47.0854174]]],[[[82.998845302,47.085107432],[82.998864745,47.085148653],[82.998854,47.0851124],[82.998845302,47.085107432]]],[[[82.998871197,47.085162332],[82.9989258,47.0852781],[82.9989192,47.0852295],[82.998871197,47.085162332]]],[[[82.998909032,47.083400839],[82.998927758,47.083434649],[82.99889651,47.083378229],[82.998909032,47.083400839]]],[[[82.998958386,47.083737421],[82.9989743,47.0837197],[82.998967717,47.083709268],[82.998964006,47.083720465],[82.998958386,47.083737421]]],[[[82.998985031,47.08365703],[82.9989936,47.0836468],[82.998990203,47.083641426],[82.998985031,47.08365703]]],[[[82.999103839,47.088561082],[82.999132285,47.088603786],[82.999034322,47.088456719],[82.999103839,47.088561082]]],[[[82.9990729,47.0877871],[82.999144,47.0876632],[82.999142982,47.087604637],[82.9990729,47.0877871]]],[[[82.9991242,47.0896232],[82.9993675,47.0893558],[82.9994447,47.0890728],[82.999083198,47.089660241],[82.9991242,47.0896232]]],[[[82.9992322,47.0899635],[82.9991866,47.0898972],[82.999135534,47.089890853],[82.9992974,47.0900607],[82.9992322,47.0899635]]],[[[82.9992527,47.0874203],[82.9992588,47.0873031],[82.999189879,47.087482539],[82.9992527,47.0874203]]],[[[82.9993173,47.0902201],[82.999304822,47.090140323],[82.999324454,47.090350924],[82.9993306,47.0903416],[82.9993173,47.0902201]]],[[[82.9994803,47.0905072],[82.9994185,47.0904587],[82.9993308,47.090419],[82.999514989,47.090556432],[82.9994803,47.0905072]]],[[[82.999381889,47.088978505],[82.9994447,47.0890728],[82.9994219,47.0890308],[82.999381889,47.088978505]]],[[[82.999798003,47.090767601],[82.99992295,47.090860831],[82.9998636,47.0908045],[82.999798003,47.090767601]]],[[[83.0002804,47.0922546],[83.0001879,47.0921253],[83.000344625,47.092400246],[83.000339,47.0923253],[83.0002804,47.0922546]]],[[[83.0002963,47.0911268],[83.000257984,47.091110815],[83.000445214,47.091250516],[83.0004004,47.091204],[83.0002963,47.0911268]]],[[[83.000824,47.0927778],[83.0005897,47.0925969],[83.0004077,47.0925109],[83.0009119,47.0928662],[83.000824,47.0927778]]],[[[83.0005314,47.0917619],[83.0007356,47.091629],[83.000745,47.0914742],[83.000433408,47.091838367],[83.0005314,47.0917619]]],[[[83.0005858,47.0913364],[83.000473736,47.091271797],[83.000745,47.0914742],[83.0006929,47.0914146],[83.0005858,47.0913364]]],[[[83.001009,47.0931285],[83.0009611,47.0930584],[83.0009119,47.0928662],[83.000966162,47.093199757],[83.001009,47.0931285]]],[[[83.0011899,47.0945751],[83.001729717,47.095278493],[83.0015806,47.0949813],[83.0011899,47.0945751]]],[[[83.002146042,47.097631817],[83.0021877,47.0975968],[83.002094,47.0973534],[83.002146042,47.097631817]]],[[[83.002167195,47.095848535],[83.0023885,47.0961369],[83.0023031,47.096001],[83.002167195,47.095848535]]],[[[83.0022315,47.098089],[83.0022566,47.0979268],[83.002180193,47.097814516],[83.0022315,47.098089]]],[[[83.0024234,47.0982683],[83.0023082,47.0981323],[83.0022315,47.098089],[83.0025643,47.0984679],[83.0024234,47.0982683]]],[[[83.0024415,47.098691],[83.0025052,47.0986417],[83.0025643,47.0984679],[83.002335107,47.098769438],[83.0024415,47.098691]]],[[[83.0023885,47.0961369],[83.0024361,47.0964496],[83.0024143,47.0962325],[83.0023885,47.0961369]]],[[[83.0031747,47.1000507],[83.0029612,47.0997469],[83.00260278,47.099401622],[83.0032176,47.1001867],[83.0031747,47.1000507]]],[[[83.0029439,47.100805],[83.0030585,47.1007151],[83.003049707,47.100557868],[83.0028973,47.1008948],[83.0029439,47.100805]]],[[[83.0031257,47.1004168],[83.0032275,47.100298],[83.0032176,47.1001867],[83.003102956,47.100440148],[83.0031257,47.1004168]]],[[[83.0040724,47.1218477],[83.0031396,47.1208494],[83.006799,47.1247739],[83.0053262,47.1231664],[83.0040724,47.1218477]]],[[[83.0037782,47.1018328],[83.0035794,47.1017977],[83.003362507,47.101808172],[83.0041758,47.1018734],[83.0037782,47.1018328]]],[[[83.0049561,47.1189634],[83.006094707,47.118110766],[83.0036439,47.1197596],[83.0049561,47.1189634]]],[[[83.0046132,47.1022464],[83.0044052,47.1020231],[83.004266365,47.101958153],[83.0048255,47.1024814],[83.0046132,47.1022464]]],[[[83.0060199,47.1035156],[83.0060542,47.1034214],[83.005836034,47.103632778],[83.0060199,47.1035156]]],[[[83.0059673,47.1032392],[83.0059238,47.1031216],[83.0058631,47.1030393],[83.0060542,47.1034214],[83.0059673,47.1032392]]],[[[83.005916442,47.104369385],[83.0061393,47.1046365],[83.0060101,47.1044292],[83.005916442,47.104369385]]],[[[83.0073349,47.1072337],[83.0069705,47.1066005],[83.006288077,47.10555436],[83.0074929,47.1075461],[83.0073349,47.1072337]]],[[[83.0083425,47.1166993],[83.009284,47.1159651],[83.007462079,47.117190837],[83.0083425,47.1166993]]],[[[83.0083889,47.1080387],[83.0077233,47.1077927],[83.0090669,47.1084163],[83.0086794,47.1081782],[83.0083889,47.1080387]]],[[[83.0085166,47.1103124],[83.0085644,47.1098789],[83.0085632,47.1094455],[83.0085166,47.1103124]]],[[[83.0089836,47.1088855],[83.0091158,47.1086055],[83.0090669,47.1084163],[83.0089836,47.1088855]]],[[[83.0114314,47.1429597],[83.0116066,47.1451288],[83.0116006,47.1439915],[83.0114314,47.1429597]]],[[[83.0125127,47.142741],[83.0130922,47.142579],[83.0114314,47.1429597],[83.0125127,47.142741]]],[[[83.0122228,47.1280667],[83.0147482,47.1292337],[83.0129664,47.1283741],[83.0122228,47.1280667]]],[[[83.0145965,47.142502],[83.0155027,47.1423812],[83.0175697,47.1421858],[83.0130922,47.142579],[83.0145965,47.142502]]],[[[83.014543914,47.148163964],[83.0155378,47.1487375],[83.0146786,47.1482272],[83.014543914,47.148163964]]],[[[83.0167945,47.1298333],[83.0147482,47.1292337],[83.0181066,47.1303864],[83.0167945,47.1298333]]],[[[83.0184105,47.1419287],[83.0186895,47.141724],[83.0175697,47.1421858],[83.0184105,47.1419287]]],[[[83.0181066,47.1303864],[83.0193094,47.1317379],[83.0188526,47.1311045],[83.0181066,47.1303864]]],[[[83.0192147,47.1398947],[83.0193463,47.139691],[83.0188348,47.1403276],[83.0192147,47.1398947]]],[[[83.0196282,47.1519299],[83.019144008,47.151708466],[83.0210387,47.1527696],[83.0202717,47.1523274],[83.0196282,47.1519299]]],[[[83.0193094,47.1317379],[83.0195744,47.1328519],[83.0194167,47.132173],[83.0193094,47.1317379]]],[[[83.0220953,47.1540298],[83.0213581,47.153133],[83.0210387,47.1527696],[83.0226884,47.1549626],[83.0220953,47.1540298]]],[[[83.0239344,47.1580247],[83.0243135,47.1573972],[83.0236354,47.1583862],[83.0239344,47.1580247]]],[[[83.0238329,47.1556277],[83.0241363,47.1563168],[83.0240455,47.1559413],[83.0238329,47.1556277]]],[[[83.0243135,47.1573972],[83.0244406,47.1568287],[83.0243818,47.1565054],[83.0243135,47.1573972]]],[[[83.025296206,47.215475799],[83.027123311,47.216051239],[83.0267301,47.215869],[83.025296206,47.215475799]]],[[[83.0267085,47.182737],[83.0271004,47.1819878],[83.0264727,47.1831857],[83.0267085,47.182737]]],[[[83.0271648,47.1641648],[83.0275869,47.1636588],[83.026581563,47.164700346],[83.0271648,47.1641648]]],[[[83.0272266,47.1965932],[83.027521522,47.1956841],[83.026598,47.1982814],[83.0272266,47.1965932]]],[[[83.026626701,47.166325493],[83.0269729,47.1673834],[83.0267625,47.1666652],[83.026626701,47.166325493]]],[[[83.0275602,47.1616597],[83.0271798,47.1614265],[83.0280638,47.1619905],[83.0279322,47.1618611],[83.0275602,47.1616597]]],[[[83.027534132,47.216304611],[83.0279732,47.216901],[83.028105006,47.217259185],[83.0279625,47.216751],[83.027534132,47.216304611]]],[[[83.0278954,47.1629085],[83.0280599,47.1623729],[83.0275869,47.1636588],[83.0278954,47.1629085]]],[[[83.0286795,47.2198812],[83.0306393,47.221903],[83.0295141,47.220692],[83.0286795,47.2198812]]],[[[83.0401504,47.2162734],[83.0411585,47.2151015],[83.0406945,47.2155596],[83.0401504,47.2162734]]],[[[83.0411585,47.2151015],[83.0421513,47.2150037],[83.0417047,47.2149868],[83.0411585,47.2151015]]],[[[83.0564769,47.225529],[83.059670825,47.226575336],[83.058455,47.2261157],[83.0564769,47.225529]]],[[[83.0957043,47.2241734],[83.0999408,47.22607],[83.097754,47.2250308],[83.0957043,47.2241734]]],[[[83.1123609,47.2294305],[83.1158583,47.2293139],[83.1139364,47.2292846],[83.1123609,47.2294305]]],[[[83.1249807,47.231332],[83.127169369,47.232053628],[83.1263735,47.2317175],[83.1249807,47.231332]]],[[[83.1427653,47.2339171],[83.147557,47.2344999],[83.1450711,47.2341593],[83.1427653,47.2339171]]],[[[83.1525252,47.2336549],[83.155895177,47.230545459],[83.1544107,47.231855],[83.1525252,47.2336549]]]]},"properties":{"code":"KZ-VOS","name_ru":"Восточно-Казахстанская область","name_en":"East Kazakhstan Region","region_type":"oblast"}},{"type":"Feature","id":"KZ-ULY","geometry":{"type":"Polygon","coordinates":[[[62.9500893,47.1907705],[63.0183195,47.1992063],[63.4070874,47.1134824],[63.3706171,47.0641564],[63.2078267,47.0312742],[63.3031255,46.9715107],[63.4472733,46.9365295],[63.5089014,46.9288639],[63.7395419,46.8301059],[63.7608295,46.8401225],[63.8039157,46.8307984],[63.8486252,46.8356356],[64.0299669,46.7951566],[64.1789068,46.7420283],[64.4472822,46.6888715],[64.9417668,46.5013541],[65.1408425,46.4765474],[65.372556,46.3117137],[65.5506267,46.2360678],[65.5859584,46.212706],[65.698243,46.2098916],[65.8925691,46.1780017],[66.0026535,46.1759626],[66.0412277,46.1802483],[66.389996,46.1624738],[66.6769346,46.1586187],[66.9016642,46.1724748],[67.136845,46.1433066],[67.141196,46.1362815],[67.1581853,46.1361389],[67.1576267,46.1264666],[67.1438406,46.1076412],[67.1571963,46.0889206],[67.1593984,46.0780675],[67.1559763,46.0666782],[67.1634207,46.0569398],[67.1816926,46.0498801],[67.1825838,46.0446588],[67.1673328,46.0390405],[67.1609309,46.0307224],[67.1710976,46.017045],[67.1749801,46.0005345],[68.9978451,45.9996097],[71.3260421,46.0072627],[71.3119417,46.2220407],[71.3296894,46.3265885],[71.2850197,46.5040117],[71.3468349,46.7195847],[71.324118,46.8872802],[71.3092208,47.1418195],[71.3066729,47.395224],[71.3616938,47.5352784],[71.3813177,47.6561585],[71.5766877,47.5434254],[71.7165716,47.5190722],[71.7871377,47.7025046],[71.8186028,47.6987892],[71.8573688,47.7056181],[71.8833026,47.7201071],[71.8961015,47.7429887],[71.9045729,47.7451892],[71.9118258,47.7527464],[71.9346348,47.7596025],[71.9456304,47.7714084],[71.9544824,47.7706841],[71.9664255,47.7782125],[71.9996995,47.7762989],[72.0090574,47.7808679],[72.0161089,47.7789207],[72.0334561,47.7886974],[72.0585922,47.7955168],[72.0734611,47.7946891],[72.0892932,47.8004589],[72.1225863,47.7993618],[72.0941613,47.8389642],[72.072449,47.8490018],[72.0633495,47.8654704],[72.0687225,47.8715134],[72.0416845,47.9264554],[72.0430059,47.9372451],[72.0251129,47.9572611],[72.0247429,47.9625821],[71.9930957,47.9788777],[71.9889626,47.9929973],[71.991933,47.9980026],[71.974484,48.0150087],[71.9710663,48.0238177],[71.9409333,48.0379975],[71.9402444,48.0445439],[71.9553472,48.0525901],[71.9557015,48.0612163],[71.9623315,48.0645818],[71.9621797,48.0734342],[71.9683058,48.0815066],[71.9670532,48.0965676],[71.9716462,48.1008518],[71.9701152,48.1064791],[71.9778239,48.1228889],[71.9664793,48.1466951],[71.9714717,48.1554219],[71.9681255,48.1662537],[71.9503123,48.1782406],[71.9421438,48.1899862],[71.9327496,48.1926105],[71.9325796,48.1977335],[71.907771,48.2089326],[71.8991895,48.2300829],[71.9056425,48.2368084],[71.9010115,48.2417972],[71.9061739,48.2450835],[71.9029854,48.2491953],[71.9073559,48.2552791],[71.8664607,48.2841873],[71.8666462,48.2882967],[71.8598538,48.2911408],[71.8635277,48.2988034],[71.8421923,48.3202927],[71.9538679,48.3491082],[72.001277,48.5002503],[72.0117012,48.6262903],[72.0092071,48.6715241],[72.0022715,48.6804117],[72.0020632,48.7126038],[72.0367519,48.7149392],[72.038891,48.7344236],[72.1095257,48.7386421],[72.1001618,48.7917259],[72.0686348,48.8054807],[72.0605292,48.8297263],[72.1046405,48.8315874],[72.0966002,48.9281212],[72.0406368,48.9248909],[72.0126522,48.9520765],[71.9959237,48.9517851],[71.9853693,48.9689612],[72.0204799,49.0013066],[71.9422007,49.0421202],[71.9423765,49.1697029],[71.7641768,49.1635138],[71.6682286,49.1644997],[71.6289042,49.1787703],[71.640108,49.2375271],[71.1760328,49.1936809],[71.0045484,49.1714574],[70.9439444,49.2228423],[70.818542,49.2598317],[70.7762779,49.3094884],[70.770163,49.3646858],[70.7405107,49.3763121],[70.6820681,49.3861105],[70.5494267,49.3908742],[70.5545778,49.1391027],[70.4964816,48.9930932],[70.4286292,48.857657],[69.8753207,48.7965525],[69.8254872,48.7988137],[69.8178853,48.7727108],[69.7723802,48.7168506],[69.4238281,48.6435968],[69.2942806,48.6884024],[69.1554084,48.7980449],[68.9046761,48.7962736],[68.7164087,48.8660535],[68.3629244,49.1475148],[67.9806577,49.1786496],[67.9434224,49.1763961],[67.9108157,49.208203],[67.9306291,49.3090196],[67.8835643,49.4212041],[67.7909637,49.4999889],[67.7372235,49.5516751],[67.6653786,49.6981431],[67.6208932,49.6968516],[67.5484577,49.7258034],[67.5443831,49.7337142],[67.5484024,49.7639653],[67.472185,49.8487682],[67.446772,49.8628298],[67.4432287,49.8807448],[67.4316344,49.8860584],[67.3737519,49.9381768],[67.0581457,49.6670051],[67.0417163,49.6474758],[67.0117315,49.6342799],[66.8370175,49.5787369],[66.6514356,49.4566817],[66.5971811,49.3243554],[66.5421774,49.2704106],[66.4124336,49.2415156],[66.0730897,48.993151],[65.8150108,48.9866326],[65.7753963,48.982181],[65.7532956,48.8867372],[65.7422684,48.8837427],[65.7425114,48.8786652],[65.7368439,48.8755866],[65.7295288,48.8747576],[65.7238117,48.8794502],[65.6858181,48.8740915],[65.6676091,48.8760604],[65.6374707,48.8679623],[65.6320194,48.862088],[65.4861299,48.8283277],[64.7458052,48.937745],[64.6980193,48.6756641],[64.4686722,48.6747271],[64.5307139,48.5997317],[64.4908254,48.5655417],[64.5786277,48.5107702],[64.227456,48.461781],[64.2828498,48.3477069],[64.0160746,48.1702789],[64.1201045,48.0023418],[64.2154453,47.92414],[64.277174,47.8995379],[64.0146737,47.7032335],[63.9658931,47.6928309],[63.8445552,47.6381836],[63.833412,47.6282054],[63.5265171,47.4807747],[63.2254645,47.360673],[63.2037375,47.3333122],[63.1456944,47.2964694],[62.9500893,47.1907705]]]},"properties":{"code":"KZ-ULY","name_ru":"Область Ұлытау","name_en":"Ulytau Region","region_type":"oblast"}},{"type":"Feature","id":"KZ-ZHE","geometry":{"type":"Polygon","coordinates":[[[77.5280154,47.1945228],[77.6001887,47.2021931],[77.6650736,47.1936117],[77.7297856,47.1751861],[77.7979418,47.1741897],[77.8535462,47.2190693],[77.9388159,47.2549158],[77.971375,47.2287824],[78.0131124,47.1824149],[78.0751689,47.16854],[78.1567534,47.2462621],[78.2061716,47.2813563],[78.2477177,47.284254],[78.2847786,47.2514333],[78.3888524,47.1996843],[78.4844092,47.16915],[78.4830396,47.158114],[78.6122895,47.1290687],[78.6551545,47.128407],[78.6915745,47.0553733],[78.7707781,47.0507523],[79.1385787,47.0844939],[79.2901695,46.9456752],[79.4472992,46.8261617],[79.4703629,46.7903588],[79.5717552,46.8002677],[79.9158978,46.8715815],[80.0106774,46.913414],[80.1551371,46.8792922],[80.1909846,46.8661869],[80.1907486,46.8361916],[80.1981913,46.8092362],[80.2165943,46.8045199],[80.2371508,46.7837624],[80.5910307,46.6670012],[80.8632159,46.562769],[81.1046362,46.5655979],[81.1423159,46.5600506],[81.2023115,46.5127577],[81.2553441,46.4896184],[81.2920368,46.513256],[81.3095462,46.5127983],[81.3273547,46.4930481],[81.3376544,46.4708259],[81.3395199,46.4525377],[81.3655722,46.4593893],[81.3737261,46.4791338],[81.3805926,46.4826209],[81.3829958,46.4895943],[81.4018786,46.506965],[81.4131224,46.5105093],[81.4120066,46.5207866],[81.4397299,46.5265151],[81.4448798,46.5204913],[81.4026082,46.4803898],[81.3777602,46.4450198],[81.3994753,46.4341958],[81.4120066,46.4390462],[81.4457381,46.4728093],[81.4693415,46.4842757],[81.4726031,46.4953852],[81.4859068,46.4916035],[81.4951766,46.4948534],[81.5598929,46.4871715],[81.6028512,46.5192806],[81.5639269,46.4768287],[81.5565884,46.4574086],[81.5126753,46.4170619],[81.536901,46.3658245],[81.7599224,46.1865217],[81.884849,46.1036552],[81.9617104,45.9117856],[81.9779605,45.8806526],[82.0266637,45.8500171],[82.0630378,45.8175543],[82.0967609,45.7786979],[82.1243877,45.7613205],[82.1207828,45.6480931],[82.1395797,45.6220766],[82.1540449,45.5617805],[82.2021101,45.5460338],[82.2799588,45.5351376],[82.4377389,45.4596986],[82.5428316,45.4209581],[82.5877263,45.3447204],[82.5823778,45.2198886],[82.5601012,45.2034839],[82.4745407,45.1770438],[82.4554268,45.1874452],[82.4288632,45.1875645],[82.3364153,45.207713],[82.3341178,45.2145757],[82.3108577,45.226909],[82.3060512,45.2345857],[82.2801518,45.2399043],[82.2807312,45.2430621],[82.2670138,45.2409912],[82.2630715,45.234631],[82.2451329,45.2358549],[82.2429513,45.2305222],[82.2330951,45.2349785],[82.2201776,45.2347367],[82.1851587,45.2287526],[82.1825381,45.2243038],[82.1721087,45.2213352],[82.1512237,45.2217961],[82.10984,45.2015136],[82.1001312,45.2023018],[82.081751,45.2228723],[82.0810466,45.2351906],[82.0870544,45.2375766],[82.0904596,45.2454798],[82.0682736,45.2494591],[82.0621611,45.2465575],[82.0443053,45.2541653],[82.0390829,45.2456614],[82.009207,45.2335646],[81.9946058,45.232385],[81.9782186,45.2380845],[81.9706728,45.2339288],[81.9418104,45.2362243],[81.9220346,45.228887],[81.8849145,45.278627],[81.8554377,45.295241],[81.8546417,45.3008936],[81.844092,45.3041088],[81.8436367,45.3088741],[81.8316084,45.3157759],[81.8297238,45.3298655],[81.8085562,45.3516505],[81.8035554,45.3638758],[81.7717552,45.3860334],[81.7651146,45.3747688],[81.7585553,45.3721713],[81.7316375,45.3747061],[81.7336972,45.3657485],[81.7137293,45.3589223],[81.7053731,45.3604373],[81.6949117,45.3691477],[81.6793553,45.3644937],[81.6782709,45.3562406],[81.6676968,45.3515144],[81.6502948,45.3505247],[81.632353,45.3565891],[81.6193875,45.3515813],[81.6126932,45.3418685],[81.5920959,45.3405491],[81.5868923,45.3323364],[81.5687807,45.3253341],[81.5678734,45.3184602],[81.5734202,45.3073509],[81.5479957,45.3014877],[81.534668,45.3058528],[81.527038,45.3000463],[81.530214,45.2957429],[81.5215259,45.2824792],[81.4985552,45.2813232],[81.4956127,45.2759408],[81.485116,45.2738025],[81.476794,45.2755788],[81.4598242,45.2639422],[81.4454151,45.2636504],[81.4373169,45.2679833],[81.4352187,45.2737146],[81.4383098,45.2774625],[81.4209574,45.2836382],[81.3884018,45.2709874],[81.3766618,45.2529342],[81.3516618,45.2609743],[81.3071065,45.2540854],[81.306512,45.2467908],[81.2952441,45.247446],[81.2691761,45.2367339],[81.2377056,45.2407943],[81.2265929,45.2478874],[81.220936,45.2447157],[81.2219645,45.2380454],[81.2183603,45.2362444],[81.2110529,45.2338813],[81.2029558,45.2367294],[81.1665431,45.2243024],[81.1697595,45.212807],[81.1616941,45.2056172],[81.1371697,45.2098444],[81.1315108,45.2181937],[81.119386,45.2151784],[81.1066064,45.221885],[81.1006768,45.2152077],[81.1090897,45.2010812],[81.0832424,45.1943792],[81.0700287,45.1723827],[81.0553995,45.1777984],[81.035634,45.1664011],[80.9965574,45.1582843],[80.9569092,45.1676335],[80.9516803,45.1604004],[80.9289557,45.1575886],[80.9219537,45.1455607],[80.9146962,45.1437577],[80.8966106,45.1246983],[80.8770825,45.130992],[80.8543404,45.1261104],[80.8334681,45.1404854],[80.7948603,45.1503406],[80.7732823,45.143608],[80.7280111,45.1712369],[80.7110595,45.170178],[80.7183981,45.1586495],[80.726444,45.1539845],[80.7185163,45.1472829],[80.7049661,45.1435911],[80.6979493,45.1335134],[80.6789957,45.1326678],[80.6773407,45.1283219],[80.6385863,45.1196585],[80.634541,45.1147688],[80.6244834,45.1179988],[80.614353,45.1084862],[80.6073366,45.1092473],[80.6009103,45.1045593],[80.5806226,45.1061591],[80.5615404,45.1128099],[80.5116859,45.1059729],[80.4888901,45.1264943],[80.4795977,45.1151888],[80.4626877,45.1125946],[80.4378151,45.0976156],[80.4435006,45.0869631],[80.437905,45.075017],[80.4073445,45.0577392],[80.4033061,45.0476309],[80.3870261,45.0448803],[80.3817876,45.0398697],[80.3449231,45.0410649],[80.3301608,45.0556406],[80.3276073,45.067962],[80.3191195,45.0700223],[80.2933957,45.0664999],[80.2853558,45.0603437],[80.260726,45.0539562],[80.2551485,45.0411025],[80.2402992,45.0276773],[80.2312107,45.0329995],[80.2135273,45.0232524],[80.2020802,45.0300131],[80.191643,45.0283696],[80.1823241,45.0417302],[80.1678661,45.0387819],[80.1521443,45.0528656],[80.1395327,45.0573519],[80.1283352,45.0392909],[80.1182336,45.0411378],[80.113132,45.0481528],[80.1054806,45.0453439],[80.0933989,45.0477609],[80.0891265,45.0456845],[80.0912137,45.03751],[80.0870339,45.0332801],[80.0617933,45.0360189],[80.0579309,45.0241296],[80.0498199,45.0203985],[80.0567063,45.0141494],[80.0511317,45.0057213],[80.0459872,45.0016471],[80.0383911,45.0027076],[80.0339454,44.9965061],[80.0191227,44.9908645],[80.0139709,44.9805218],[79.9887719,44.9785951],[79.9808288,44.9647659],[79.9749837,44.9627004],[79.9695751,44.9660636],[79.9557171,44.961365],[79.9532194,44.9535678],[79.9452069,44.9522361],[79.9475048,44.9440126],[79.9437594,44.9378222],[79.9350007,44.9328597],[79.9147838,44.9273028],[79.9047089,44.9286865],[79.8819854,44.9106776],[79.8885579,44.9024637],[79.8859161,44.8935608],[79.9032358,44.9013686],[79.9142505,44.9011488],[79.9296079,44.8928808],[79.9321546,44.8874805],[79.9637534,44.8819861],[79.961476,44.875522],[79.9460661,44.8662514],[79.944715,44.8500435],[79.9558481,44.8502971],[79.95898,44.8436828],[79.9667612,44.8416479],[79.9883966,44.8244145],[79.9951761,44.8235933],[79.9996253,44.816031],[79.9933032,44.7990662],[79.9953778,44.7920766],[80.0185245,44.7928076],[80.0194302,44.7984257],[80.0273194,44.8025706],[80.0495433,44.8011103],[80.0593701,44.8078305],[80.0781024,44.812733],[80.1142004,44.8097841],[80.1277597,44.8230829],[80.1461841,44.8266871],[80.1554931,44.8411128],[80.1639574,44.8415649],[80.1671109,44.8274892],[80.183222,44.823546],[80.1801911,44.803048],[80.1734207,44.7939105],[80.1774445,44.7829071],[80.1976239,44.7607118],[80.1935805,44.7499657],[80.2354255,44.7215566],[80.3102493,44.7042986],[80.3370082,44.6892219],[80.349207,44.6666601],[80.3679246,44.6546169],[80.3841661,44.6352142],[80.396711,44.6286491],[80.3984384,44.6212342],[80.4103789,44.609184],[80.4049367,44.6005709],[80.3908585,44.5906705],[80.3931423,44.5672405],[80.3849649,44.5620043],[80.3768947,44.5374204],[80.3705067,44.5324269],[80.3679134,44.5046687],[80.3466462,44.4813401],[80.3508233,44.4730489],[80.3501293,44.4597263],[80.3661779,44.4408735],[80.3707472,44.4181635],[80.3776011,44.41003],[80.3913893,44.3140818],[80.4034839,44.2906663],[80.4064894,44.2493261],[80.3955996,44.1942784],[80.4026699,44.140542],[80.396238,44.1101139],[80.4451565,44.0712188],[80.4462405,44.0567165],[80.450509,44.0553152],[80.4481491,44.0500839],[80.4553057,44.0452854],[80.4495545,44.0425129],[80.4537713,44.0398332],[80.4484725,44.0340838],[80.4543997,44.0352553],[80.4534547,44.0308499],[80.4580733,44.0304939],[80.4512308,44.0285262],[80.455534,44.023111],[80.4507445,44.021765],[80.4549023,44.019904],[80.4491091,44.0152052],[80.452371,44.011738],[80.4466268,44.0099103],[80.4517357,44.0035451],[80.4497078,44.0003764],[80.4540076,44.000541],[80.4492544,43.9967831],[80.4546371,43.994397],[80.4502046,43.9910998],[80.4558623,43.985835],[80.4522453,43.9847287],[80.4581277,43.9807068],[80.4552306,43.9785871],[80.4614708,43.9776357],[80.4559472,43.9751885],[80.4624647,43.9752194],[80.4646878,43.969146],[80.4708798,43.9692739],[80.4749469,43.9602567],[80.4788358,43.9614986],[80.4773029,43.9586926],[80.4835823,43.9558142],[80.4766697,43.9527767],[80.4791467,43.9487291],[80.4732679,43.9458221],[80.4763054,43.9446121],[80.4718657,43.9367797],[80.4882945,43.9262532],[80.4907836,43.9147444],[80.4962071,43.9152815],[80.5131569,43.8993709],[80.5089094,43.8891827],[80.512538,43.8822052],[80.5065907,43.8806406],[80.5100632,43.8790086],[80.5043998,43.874772],[80.5105147,43.8709825],[80.5072529,43.8682594],[80.5126268,43.8682825],[80.5107037,43.8646202],[80.5179888,43.8636163],[80.5157325,43.8580716],[80.5210741,43.8573652],[80.5189365,43.8540622],[80.5228529,43.8433235],[80.5195088,43.8416804],[80.5250453,43.8334505],[80.5215596,43.8308978],[80.5227047,43.8220808],[80.5058618,43.8169702],[80.508367,43.8067866],[80.4996937,43.802208],[80.4986134,43.7935845],[80.4887443,43.7923767],[80.4849216,43.783416],[80.4764336,43.7843967],[80.4734897,43.7943186],[80.4593654,43.7971579],[80.4419489,43.7926688],[80.4368564,43.8016313],[80.4224119,43.8040324],[80.4101552,43.7976694],[80.4128238,43.785151],[80.3946277,43.7880013],[80.3886196,43.7857707],[80.3839847,43.7777148],[80.3503391,43.7769711],[80.3420861,43.7724845],[80.3220492,43.7771639],[80.3187534,43.7741203],[80.322015,43.7646992],[80.3165218,43.7615999],[80.2893993,43.7746161],[80.2799579,43.7728808],[80.2736064,43.7696579],[80.2730915,43.7580044],[80.2682849,43.7576324],[80.2307367,43.7597072],[80.2288028,43.7720131],[80.2209064,43.7746161],[80.1963588,43.7603601],[80.1924106,43.7630876],[80.1874324,43.7966753],[80.1733562,43.8042331],[80.148122,43.7871339],[80.1349041,43.7839117],[80.1275226,43.7857707],[80.115678,43.7980383],[80.10349,43.8013835],[80.0969669,43.7977905],[80.094907,43.7819288],[80.0878688,43.7810612],[80.0773975,43.7907276],[80.0773975,43.7998968],[80.0677845,43.8036136],[80.038602,43.7939494],[80.0358554,43.7963036],[80.0416919,43.8065869],[80.039117,43.8099317],[80.0216075,43.8101795],[80.0101062,43.8153821],[80.0013515,43.812657],[80.005643,43.7979144],[79.9967166,43.7928341],[79.9857303,43.8011358],[79.9850437,43.8100556],[79.9639293,43.819965],[79.9520847,43.819965],[79.9474498,43.8059675],[79.9395534,43.8026225],[79.9148342,43.7995251],[79.9127742,43.8090646],[79.9271938,43.8205843],[79.9253055,43.8246714],[79.9026462,43.8309872],[79.8729488,43.8235567],[79.8607608,43.8321017],[79.8401615,43.836931],[79.8267719,43.8573581],[79.8202488,43.8613189],[79.8001644,43.8607],[79.7826549,43.8657745],[79.7467777,43.8926247],[79.7288661,43.8965338],[79.7217369,43.9102262],[79.7258568,43.9230865],[79.719677,43.9304428],[79.6779633,43.9321117],[79.6639729,43.946265],[79.5632935,43.9786997],[79.5175049,43.97509],[79.5051453,43.9644033],[79.5057461,43.9554448],[79.5009396,43.9526643],[79.4765637,43.9506251],[79.454591,43.9537147],[79.4258377,43.9342478],[79.4024918,43.9274483],[79.3966553,43.9176805],[79.3753693,43.9144035],[79.3627522,43.9069216],[79.3330547,43.908653],[79.2910835,43.9011703],[79.2534897,43.862072],[79.2373535,43.8610199],[79.2271478,43.8704259],[79.2187707,43.8708529],[79.1968839,43.8504304],[79.1652982,43.8444261],[79.1431538,43.8313012],[79.0904469,43.8327186],[79.0760608,43.8439505],[79.0602012,43.8447064],[79.0482251,43.8335302],[79.0297715,43.8314869],[79.0156094,43.8402165],[79.0057389,43.85303],[78.9949242,43.8546392],[78.9709775,43.8481402],[78.9174626,43.8460417],[78.8781521,43.8467845],[78.8548062,43.8516125],[78.8276837,43.8378082],[78.8069985,43.8453608],[78.7716362,43.8425751],[78.7608215,43.8480844],[78.7113831,43.8341554],[78.6892388,43.8340935],[78.6828015,43.8373749],[78.6554215,43.8349603],[78.6294993,43.823748],[78.5452149,43.844556],[78.5371468,43.8500032],[78.4993852,43.8391565],[78.4889396,43.8502415],[78.4748675,43.8521104],[78.4665381,43.8606151],[78.445846,43.8557074],[78.429624,43.865176],[78.4119429,43.8660423],[78.3922018,43.877984],[78.3673968,43.8745194],[78.3416476,43.8795926],[78.3372561,43.8928337],[78.3206243,43.8904707],[78.2337263,43.8975881],[78.2154539,43.8962764],[78.1881271,43.8815113],[78.0620229,43.8651635],[78.039335,43.8703352],[78.0142211,43.8663629],[77.9669956,43.8730957],[77.9581916,43.8711788],[77.9312551,43.8807705],[77.9066559,43.8750536],[77.88695,43.8571887],[77.8507867,43.850058],[77.829243,43.9028802],[77.8285527,43.9173062],[77.7779416,43.923542],[77.7782769,43.9356586],[77.7883668,43.9544106],[77.8237703,43.9859765],[77.8372128,44.0151058],[77.8095053,44.0252889],[77.7274653,44.0687802],[77.6158178,44.0364411],[77.6078847,44.0725093],[77.5679119,44.0914031],[77.504408,44.1071967],[77.3520736,44.157693],[77.3578528,44.2118418],[77.3384345,44.2164601],[77.3882425,44.2659545],[77.3907092,44.274786],[77.3706796,44.3043793],[77.378551,44.3379936],[77.354498,44.3384038],[77.3422632,44.3435552],[77.2945079,44.3487766],[77.2922537,44.357367],[77.209182,44.3441306],[77.1797674,44.3728176],[77.175132,44.3910744],[77.178051,44.445774],[77.1112546,44.4642795],[77.0644254,44.4976082],[76.9331944,44.5711252],[76.9420627,44.5833581],[76.9357002,44.6069392],[76.920951,44.613111],[76.9268403,44.6298376],[76.9148103,44.6383893],[76.9142638,44.6607067],[76.8957668,44.6796988],[76.8465668,44.7545255],[76.837603,44.8476917],[76.878176,44.8800161],[76.8201926,44.9585795],[76.7292246,45.0275784],[76.6465155,45.0226857],[76.6100042,45.0388501],[76.56837,45.0347777],[76.5571106,45.0775179],[76.5455712,45.0817132],[76.5260337,45.1901287],[76.4820201,45.2607371],[76.4838811,45.2931791],[76.3963956,45.3854643],[76.265361,45.4539089],[76.1834507,45.6228001],[76.171698,45.6835314],[76.1962474,45.7316851],[76.1807721,46.4525645],[76.2338058,46.4783447],[76.230289,46.5171361],[76.2170334,46.5620379],[76.2252178,46.6385096],[76.3169326,46.6547861],[76.3674324,46.6910546],[76.3852363,46.6488398],[76.3774253,46.6220627],[76.3897338,46.6155472],[76.4335337,46.6433558],[76.481427,46.6270887],[76.537671,46.5934255],[76.527229,46.6189222],[76.5251925,46.6425761],[76.6046084,46.6655735],[76.6970374,46.6468832],[76.7007253,46.6275191],[76.8385835,46.5850236],[76.9318504,46.5383365],[76.9466395,46.5518559],[76.8930805,46.6158765],[76.8706081,46.6221121],[76.8199996,46.6710807],[76.8330826,46.6779761],[76.8784958,46.6322203],[76.9186713,46.6257907],[76.9419555,46.6174097],[76.9748176,46.6203063],[76.9770922,46.6331402],[77.0039859,46.646582],[77.072494,46.6227661],[77.1060146,46.5697047],[77.1068789,46.5459988],[77.2635493,46.5427629],[77.2824166,46.5847886],[77.3384806,46.6134323],[77.3966719,46.6077154],[77.5555727,46.6212111],[77.4657805,47.1590817],[77.5280154,47.1945228]]]},"properties":{"code":"KZ-ZHE","name_ru":"Область Жетісу","name_en":"Zhetysu Region","region_type":"oblast"}},{"type":"Feature","id":"KZ-ABA","geometry":{"type":"Polygon","coordinates":[[[76.56003,49.4136885],[76.5671861,49.4073502],[76.5650296,49.404823],[76.5755546,49.4026727],[76.5830541,49.3953135],[76.5820992,49.379991],[76.5926134,49.3689955],[76.5897703,49.3655232],[76.598407,49.3625047],[76.595757,49.3577461],[76.6032565,49.347151],[76.6141033,49.33712],[76.6242313,49.3006135],[76.7037963,49.2840439],[76.8196676,49.2244365],[76.8279074,49.2063832],[76.8430136,49.1949423],[76.839237,49.1659918],[76.8465757,49.1411515],[76.8544292,49.1355291],[76.8796098,49.1299622],[76.8996084,49.1308117],[76.9352174,49.1239876],[76.9409466,49.1155193],[76.9459033,49.1154771],[76.9461715,49.1105261],[76.9790661,49.1029475],[76.9866943,49.0985432],[77.0231723,49.0493452],[76.9611167,49.0211538],[76.9248962,49.0335352],[76.8338298,49.0133858],[76.83661,48.9454614],[76.8510296,48.8904124],[76.8345501,48.8696404],[76.833048,48.8484292],[76.8838598,48.8140769],[76.8905546,48.8199546],[77.2893883,48.8544582],[77.3316492,48.7418577],[77.3163636,48.7379573],[77.3132063,48.732376],[77.317058,48.729326],[77.312348,48.726304],[77.318914,48.7176265],[77.3137964,48.7160338],[77.3157812,48.7138818],[77.3083569,48.7045932],[77.3182703,48.6809532],[77.3104168,48.6663303],[77.304473,48.6641053],[77.3017694,48.6545098],[77.3049451,48.6514338],[77.3004604,48.6489104],[77.3032929,48.6391986],[77.3103953,48.6376672],[77.3099018,48.6340513],[77.3166149,48.6299192],[77.1575136,48.4908307],[76.9601057,48.5021826],[76.904086,48.4828216],[76.896865,48.4672475],[76.9006034,48.426951],[76.8904442,48.4116822],[76.8683305,48.4041114],[76.8217244,48.4029738],[76.8401432,48.3671844],[76.8783342,48.3480968],[76.9355157,48.326575],[76.9811185,48.2877673],[77.0355777,48.2733236],[77.1007604,48.2765875],[77.1622152,48.2729829],[77.1459368,48.24114],[77.0601249,48.2370878],[77.044425,48.1988224],[77.064449,48.1725115],[77.163457,48.1032934],[77.2281934,48.1062993],[77.2922427,48.0975527],[77.3374316,48.0685661],[77.1685812,48.0171363],[77.1940021,47.9586985],[77.1404961,47.9367444],[77.1233413,47.8693509],[77.11475,47.8500606],[77.0575116,47.8501701],[77.0459859,47.8539005],[77.0460494,47.8262147],[77.0019595,47.7168689],[76.9772208,47.6726514],[76.9775123,47.6423933],[77.0186941,47.562658],[77.0292002,47.4976703],[77.0535979,47.3956693],[76.9627119,47.4182969],[76.8681542,47.4156102],[76.8666488,47.3701518],[76.8332865,47.2666954],[76.7792421,47.2409795],[76.8311753,47.2228476],[76.8805341,47.1723516],[77.1256858,47.0787592],[77.1702342,47.0754442],[77.2302058,47.1708237],[77.2916873,47.1824641],[77.3278898,47.1623061],[77.3906753,47.14745],[77.4657805,47.1590817],[77.5280154,47.1945228],[77.6001887,47.2021931],[77.6650736,47.1936117],[77.7297856,47.1751861],[77.7979418,47.1741897],[77.8535462,47.2190693],[77.9388159,47.2549158],[77.971375,47.2287824],[78.0131124,47.1824149],[78.0751689,47.16854],[78.1567534,47.2462621],[78.2061716,47.2813563],[78.2477177,47.284254],[78.2847786,47.2514333],[78.3888524,47.1996843],[78.4844092,47.16915],[78.4830396,47.158114],[78.6122895,47.1290687],[78.6551545,47.128407],[78.6915745,47.0553733],[78.7707781,47.0507523],[79.1385787,47.0844939],[79.2901695,46.9456752],[79.4472992,46.8261617],[79.4703629,46.7903588],[79.5717552,46.8002677],[79.9158978,46.8715815],[80.0106774,46.913414],[80.1551371,46.8792922],[80.1909846,46.8661869],[80.1907486,46.8361916],[80.1981913,46.8092362],[80.2165943,46.8045199],[80.2371508,46.7837624],[80.5910307,46.6670012],[80.8632159,46.562769],[81.1046362,46.5655979],[81.1423159,46.5600506],[81.2023115,46.5127577],[81.2553441,46.4896184],[81.2920368,46.513256],[81.3095462,46.5127983],[81.3273547,46.4930481],[81.3376544,46.4708259],[81.3395199,46.4525377],[81.3655722,46.4593893],[81.3737261,46.4791338],[81.3805926,46.4826209],[81.3829958,46.4895943],[81.4018786,46.506965],[81.4131224,46.5105093],[81.4120066,46.5207866],[81.4397299,46.5265151],[81.4448798,46.5204913],[81.4026082,46.4803898],[81.3777602,46.4450198],[81.3994753,46.4341958],[81.4120066,46.4390462],[81.4457381,46.4728093],[81.4693415,46.4842757],[81.4726031,46.4953852],[81.4859068,46.4916035],[81.4951766,46.4948534],[81.5598929,46.4871715],[81.6028512,46.5192806],[81.5639269,46.4768287],[81.5565884,46.4574086],[81.5126753,46.4170619],[81.536901,46.3658245],[81.7599224,46.1865217],[81.884849,46.1036552],[81.9617104,45.9117856],[81.9779605,45.8806526],[82.0266637,45.8500171],[82.0630378,45.8175543],[82.0967609,45.7786979],[82.1243877,45.7613205],[82.1207828,45.6480931],[82.1395797,45.6220766],[82.1540449,45.5617805],[82.2021101,45.5460338],[82.2682238,45.5357186],[82.2799588,45.5351376],[82.2707748,45.5505268],[82.2588014,45.6164839],[82.2757599,45.6321053],[82.2826764,45.6494019],[82.2824269,45.6834167],[82.2881234,45.7087896],[82.3103158,45.7379569],[82.3185828,45.7640991],[82.337604,45.7807936],[82.3450812,45.7956763],[82.3454056,45.8389546],[82.3350351,45.8609069],[82.3299547,45.8869463],[82.3407047,45.9080862],[82.3356564,45.9391583],[82.3756967,45.9641161],[82.4103939,45.9690968],[82.4265272,45.9673915],[82.4561069,45.9771683],[82.5118959,46.1546288],[82.608009,46.2984008],[82.7216306,46.4850467],[82.7682493,46.6038135],[82.7880763,46.6870137],[82.8218078,46.7623843],[82.8295326,46.777434],[82.8684997,46.7991194],[82.8691862,46.8300163],[82.9145479,46.9339422],[82.9193115,46.9340888],[82.9222408,46.9403306],[82.9215491,46.9531563],[82.9324117,46.9720131],[82.9296074,46.9905546],[82.9376557,47.0051691],[82.9351657,47.0072613],[82.9380671,47.0160963],[82.9515987,47.0200513],[82.9667654,47.0356154],[82.968867,47.0489779],[82.9931017,47.0643503],[83.0029327,47.1014015],[83.0104064,47.1144271],[83.0031396,47.1208494],[83.0195744,47.1328519],[83.0186895,47.141724],[83.0114314,47.1429597],[83.01229,47.1471588],[83.0280638,47.1619905],[83.0260193,47.1697504],[83.0294717,47.1750066],[83.0240358,47.187038],[83.0281811,47.1920825],[83.0251124,47.1999371],[83.0278989,47.20679],[83.0235926,47.2151395],[83.0323286,47.2237093],[83.0421513,47.2150037],[83.0516257,47.225277],[83.0632232,47.2277391],[83.0833289,47.2282094],[83.0929953,47.2237379],[83.1339192,47.2337418],[83.1508936,47.2346519],[83.1560357,47.2304158],[83.1773185,47.2573884],[83.1726835,47.2971609],[83.1919096,47.3917257],[83.2095907,47.3955605],[83.2128523,47.4144982],[83.2307051,47.4321518],[83.2228087,47.4749836],[83.1651304,47.5228813],[83.1318281,47.5681873],[83.114147,47.5845157],[83.1412695,47.5945881],[83.169937,47.6156528],[83.1568907,47.6357837],[83.0748366,47.641567],[83.0792998,47.6486218],[83.0265997,47.7050256],[82.9772472,47.783058],[82.9741572,47.800357],[82.9823112,47.8260066],[82.9902934,47.8824488],[82.9870319,47.9096112],[83.0035972,47.9196209],[82.9720115,47.937967],[82.990379,47.9611923],[83.216972,48.0934453],[83.4299739,48.234614],[83.469572,48.2403952],[83.4658813,48.2540555],[83.4886264,48.2608557],[83.4923601,48.2691405],[83.4909868,48.2736537],[83.4772968,48.2799658],[83.4780607,48.2852165],[83.5181375,48.3175514],[83.5579617,48.3379707],[83.5960985,48.3482895],[83.6196896,48.3678829],[83.6155697,48.3909143],[83.5589215,48.4171254],[83.4857937,48.4378568],[83.4377282,48.4706455],[83.4233086,48.5038678],[83.4214209,48.5236539],[83.3476065,48.527633],[83.3232306,48.5366133],[83.3155918,48.5529782],[83.272848,48.5632605],[83.2151269,48.5859478],[83.1904721,48.6283563],[83.1927252,48.6366664],[83.2018876,48.6331213],[83.2059001,48.6490156],[83.1943988,48.6591933],[83.1873607,48.6758303],[83.177104,48.6803641],[83.1546592,48.6719054],[83.1575775,48.6847417],[83.1533718,48.6890198],[83.1254554,48.6838918],[83.1272471,48.6718345],[83.1406796,48.6559049],[83.1360125,48.6544661],[83.1330299,48.6361418],[83.1155205,48.6151793],[83.0625629,48.6275479],[83.0382621,48.6209313],[83.0320179,48.6261864],[83.0140471,48.6261722],[83.0080604,48.6332206],[83.013618,48.644805],[83.0608248,48.6392471],[83.0617904,48.654289],[83.0405473,48.6589665],[83.0284023,48.6696523],[83.0312436,48.6772876],[83.0233442,48.6796826],[83.0334182,48.7036651],[83.1002426,48.7031122],[83.1068588,48.7138974],[83.1202841,48.6897139],[83.1703561,48.6996999],[83.1801644,48.706865],[83.1922208,48.7177863],[83.1688213,48.764393],[83.0453538,48.7561888],[83.0306124,48.7516335],[82.9798865,48.7671651],[82.9836416,48.7454648],[82.9786205,48.7363518],[82.9790497,48.7239391],[82.9610467,48.7297849],[82.9468417,48.7258075],[82.9238605,48.7297849],[82.9445028,48.7481955],[82.9548025,48.7458185],[82.9388809,48.7570729],[82.9433656,48.7631058],[82.9060721,48.772921],[82.914462,48.7754241],[82.9496526,48.816981],[82.8851294,48.8297239],[82.885859,48.8170516],[82.8719759,48.781985],[82.8973388,48.7756786],[82.9011798,48.7719311],[82.8958797,48.7683885],[82.901448,48.7661468],[82.9004931,48.7618965],[82.9157925,48.7602698],[82.9282379,48.7524116],[82.8845501,48.7620733],[82.8671261,48.7441915],[82.8254556,48.7688481],[82.7970028,48.7679712],[82.7981186,48.7777572],[82.8251123,48.7956838],[82.8263998,48.8125089],[82.8217327,48.8171576],[82.8320324,48.8239956],[82.8109717,48.8540033],[82.8452396,48.8432402],[82.8957939,48.8849244],[82.9211997,48.90868],[82.9238605,48.9270673],[82.9201269,48.9451519],[82.8545951,48.9719355],[82.767477,48.9712594],[82.7587222,48.9888351],[82.7091121,49.0296523],[82.7192831,49.0275982],[82.7231025,49.0352233],[82.7033614,49.055139],[82.6982116,49.0716168],[82.6994132,49.0896069],[82.7052497,49.0997796],[82.7038764,49.1284318],[82.6836204,49.1552151],[82.6849937,49.1820401],[82.6794147,49.1932035],[82.6904868,49.2213533],[82.6682031,49.2272286],[82.6581877,49.2113631],[82.6349223,49.2114297],[82.6198911,49.2308544],[82.5992146,49.2451227],[82.6103297,49.2537789],[82.5227748,49.3316371],[82.4306718,49.3391743],[82.3999081,49.302593],[82.3620826,49.341722],[82.3016753,49.3754221],[82.3008811,49.385229],[82.2488829,49.3906155],[82.2453215,49.377332],[82.1383763,49.3946787],[82.092687,49.4096445],[82.1013127,49.4213372],[82.1013878,49.436463],[82.0718169,49.4341625],[82.0584878,49.4516462],[82.0644963,49.4734211],[82.0730518,49.4786707],[82.0818364,49.4942308],[82.0820122,49.5141683],[82.0487442,49.513959],[82.0205601,49.529681],[82.0089878,49.5576283],[81.9896258,49.5670774],[81.9127308,49.581804],[81.9104459,49.6010732],[81.8579073,49.6212412],[81.8092349,49.6217636],[81.8148546,49.657304],[81.7913015,49.657983],[81.7673507,49.6839265],[81.7297346,49.7017015],[81.7344258,49.7140473],[81.754632,49.7350586],[81.7537764,49.748299],[81.7173868,49.7629679],[81.711448,49.7379101],[81.6898027,49.7263532],[81.6674926,49.7235619],[81.6464234,49.7341661],[81.6378015,49.744011],[81.6388431,49.76274],[81.6466151,49.7685408],[81.6908731,49.7830669],[81.7025381,49.8187473],[81.6965966,49.8304708],[81.6965615,49.8650182],[81.6752651,49.8823317],[81.6419454,49.877021],[81.5688644,49.8820432],[81.5615147,49.8905009],[81.5607983,49.8975512],[81.5700347,49.9136623],[81.5218539,49.9132016],[81.5018762,49.937352],[81.4806813,49.9482698],[81.3721467,49.9661997],[81.3292532,49.9670168],[81.3281893,49.9868708],[81.3376631,49.9883905],[81.3375391,50.0087575],[81.3275875,50.0306993],[81.3339039,50.0325718],[81.3344184,50.0394236],[81.3450787,50.0421209],[81.3457367,50.0501323],[81.3401573,50.0537795],[81.3545933,50.0566795],[81.3565198,50.0689837],[81.3635683,50.0785865],[81.3592675,50.0838203],[81.367202,50.0953751],[81.3645035,50.100647],[81.3745102,50.1246551],[81.2691546,50.1318219],[81.1237832,50.1623161],[81.1125367,50.2269555],[81.1556735,50.2335627],[81.1930991,50.253845],[81.3244535,50.2307645],[81.3323375,50.2238301],[81.3369085,50.2316584],[81.3737873,50.2369437],[81.368137,50.2465024],[81.3604817,50.2911231],[81.3493025,50.3234073],[81.4779327,50.3192756],[81.5325136,50.3034492],[81.6269688,50.2688259],[81.6673297,50.2976437],[81.6824911,50.3152159],[81.6795729,50.3303406],[81.6887279,50.3605305],[81.688412,50.4003233],[81.7203578,50.4025359],[81.6903562,50.40801],[81.6808176,50.426631],[81.6704587,50.4335588],[81.6692132,50.4392086],[81.6923916,50.4584169],[81.693151,50.4830301],[81.7370472,50.504713],[81.7156307,50.5325268],[81.7001987,50.5415242],[81.6865438,50.5439566],[81.68744,50.5516297],[81.6783114,50.5492362],[81.6786455,50.5592918],[81.6508649,50.5551135],[81.6501358,50.5621865],[81.6367391,50.5646854],[81.633914,50.5686506],[81.6372859,50.5768309],[81.6290231,50.5762811],[81.6327292,50.5839778],[81.6645525,50.5844902],[81.6641232,50.6479369],[81.6340826,50.6737266],[81.6340411,50.6959405],[81.5849699,50.7043253],[81.5908286,50.7435027],[81.5259673,50.7517194],[81.5250593,50.7579507],[81.5138953,50.7586696],[81.5038447,50.7532291],[81.4491759,50.7561145],[81.4606349,50.8021101],[81.4853744,50.8238099],[81.4716125,50.8432054],[81.4716201,50.8623968],[81.435556,50.8629822],[81.4357086,50.8723167],[81.4208673,50.8724222],[81.4212138,50.8817963],[81.4427411,50.891902],[81.442306,50.9107956],[81.4349915,50.9109132],[81.4351011,50.9300443],[81.4137514,50.9304324],[81.4131894,50.9756421],[81.2929587,50.9745733],[81.2644855,50.9619881],[81.2318149,50.962995],[81.1914401,50.9512448],[81.179229,50.9574849],[81.154627,50.9506252],[81.0603693,50.9476604],[81.0867816,51.0179193],[81.0958765,51.0314374],[81.1016041,51.0610057],[81.105022,51.066296],[81.1144484,51.0644481],[81.1281681,51.0718735],[81.1474657,51.0882673],[81.1729074,51.1416275],[81.1649481,51.1540214],[81.1769757,51.1617059],[81.1744395,51.1827977],[81.1665298,51.1849488],[81.1463233,51.2112608],[81.1151585,51.2115228],[81.1012796,51.179845],[81.0469311,51.1812093],[81.0458928,51.1892473],[80.9193248,51.219069],[80.9408889,51.2599872],[80.9089626,51.2583689],[80.8559699,51.277374],[80.764046,51.2938953],[80.6772637,51.3159501],[80.6343247,51.2634026],[80.6342004,51.20715],[80.4917784,51.2042896],[80.4470778,51.2069168],[80.4369276,51.1772227],[80.4380781,51.1192489],[80.4551796,51.1191953],[80.4551398,51.1094528],[80.4819642,51.1095879],[80.4825665,50.9696252],[80.4761399,50.9650988],[80.4408927,50.9605636],[80.4210757,50.9620463],[80.3756659,50.9272005],[80.325547,50.9278202],[80.3252383,50.918377],[80.2470602,50.9190555],[80.2467642,50.8989309],[80.193638,50.9001942],[80.1931661,50.8509681],[80.1868603,50.8509851],[80.1863078,50.8279878],[80.0842908,50.8295509],[80.0841221,50.853064],[80.0681343,50.8528363],[80.0629124,50.8464709],[80.0623712,50.8351109],[80.0668532,50.7925366],[80.0788611,50.7385902],[80.075669,50.7383615],[79.720481,51.2171802],[79.3471402,51.7090085],[79.2550254,51.6997139],[79.2308712,51.6807357],[79.2308221,51.6709625],[79.2461991,51.6617444],[79.2485357,51.6518276],[79.2456498,51.6458547],[79.2023884,51.6190927],[79.1106397,51.5936093],[79.0615351,51.5868209],[79.1013495,51.5254022],[78.9833666,51.4492583],[78.9192288,51.4578577],[78.8416298,51.4539414],[78.8383368,51.4494231],[78.7421663,51.4475239],[78.747458,51.3814305],[78.7899527,51.3825344],[78.7832936,51.3733469],[78.7847657,51.2988322],[78.6981039,51.3118879],[78.6973167,51.2947272],[78.6415011,51.2917468],[78.6320607,51.2733602],[78.5421787,51.2377273],[78.5137216,51.2311696],[78.3906483,51.2188854],[78.3401497,51.2447613],[78.3243877,51.2339058],[78.3102463,51.2114917],[78.2863137,51.2003359],[78.2442778,51.1887898],[78.1937411,51.1856313],[78.1554871,51.1722232],[78.085885,51.1389978],[78.1071496,51.1309057],[78.1096172,51.1258558],[78.1298303,51.1232431],[78.1391,51.1134105],[78.1290149,51.1041687],[78.0906915,51.1019321],[78.0744695,51.097135],[78.0739394,51.0901956],[78.0797758,51.0798438],[78.0899818,51.0726209],[78.1131775,51.0728905],[78.129378,51.066378],[78.1345493,51.0589475],[78.1330473,51.0503153],[78.1236059,51.0337207],[78.129378,51.0263794],[78.1719982,51.0259791],[78.188349,51.0155724],[78.2017952,50.9648963],[78.2287779,50.9537104],[78.2421675,50.9383523],[78.2493773,50.9138987],[78.2613936,50.9022084],[78.26929,50.8872664],[78.2782164,50.8825013],[78.3362379,50.8801186],[78.3496275,50.8718864],[78.3654204,50.8536837],[78.3880797,50.8530335],[78.4143076,50.8409708],[78.4358015,50.843279],[78.4625378,50.8371001],[78.4673872,50.8304867],[78.4673872,50.8124848],[78.4793789,50.7997669],[78.4698923,50.7832402],[78.4738354,50.7795179],[78.4516076,50.7693379],[78.4577723,50.7597354],[78.4576925,50.7365793],[78.5237358,50.6809948],[78.6084041,50.6840862],[78.6812495,50.6948266],[78.690648,50.6996584],[78.7002116,50.6907737],[78.6851977,50.6798182],[78.6834811,50.674488],[78.6835669,50.6445623],[78.6894034,50.6256177],[78.6724089,50.5884683],[78.6853694,50.5156643],[78.6761855,50.4813775],[78.6763571,50.4579413],[78.6929978,50.4519537],[78.7703418,50.4399601],[78.7882771,50.3108835],[78.73764,50.2573032],[78.7098309,50.2133829],[78.6188504,50.1036253],[78.5869213,50.0824807],[78.4739682,50.0423685],[78.3932873,50.0370765],[78.1196864,50.1003091],[77.80306,50.1922235],[77.755593,50.2352669],[77.6971702,50.2218527],[77.7022768,50.2039699],[77.6785447,50.1607153],[77.4760701,50.050699],[77.4458148,50.0213149],[77.4176623,50.015993],[77.2770287,49.970305],[77.2317852,49.9431917],[77.1924747,49.9440409],[77.1658457,49.9286694],[77.1464265,49.8781696],[77.1618761,49.8619055],[77.1510614,49.8178434],[77.1453966,49.7720782],[77.1826471,49.7565547],[77.1769823,49.7060692],[77.1670259,49.6834168],[77.1048416,49.6155911],[77.0888327,49.6039244],[77.0404242,49.5528347],[76.8232725,49.5057047],[76.7767523,49.511278],[76.5831935,49.4583409],[76.5784085,49.4553769],[76.580404,49.4507598],[76.5748036,49.4492532],[76.5755653,49.4435194],[76.5673149,49.4393058],[76.566081,49.4303333],[76.5617359,49.4279678],[76.5647936,49.4257068],[76.560266,49.4232504],[76.5648579,49.4174297],[76.56003,49.4136885]]]},"properties":{"code":"KZ-ABA","name_ru":"Область Абай","name_en":"Abai Region","region_type":"oblast"}}]}
